ISO-10303-21;
HEADER;
FILE_DESCRIPTION(('Open CASCADE Model'),'2;1');
FILE_NAME('Open CASCADE Shape Model','2026-10-09T21:28:47',('Author'),(
    'Open CASCADE'),'Open CASCADE STEP processor 8.0','build123d',
  'Unknown');
FILE_SCHEMA(('AUTOMOTIVE_DESIGN { 1 0 10303 214 1 1 1 1 }'));
ENDSEC;
DATA;
#1 = APPLICATION_PROTOCOL_DEFINITION('international standard',
  'automotive_design',2000,#2);
#2 = APPLICATION_CONTEXT(
  'core data for automotive mechanical design processes');
#3 = SHAPE_DEFINITION_REPRESENTATION(#4,#10);
#4 = PRODUCT_DEFINITION_SHAPE('','',#5);
#5 = PRODUCT_DEFINITION('design','',#6,#9);
#6 = PRODUCT_DEFINITION_FORMATION('','',#7);
#7 = PRODUCT('COMPOUND','COMPOUND','',(#8));
#8 = PRODUCT_CONTEXT('',#2,'mechanical');
#9 = PRODUCT_DEFINITION_CONTEXT('part definition',#2,'design');
#10 = ADVANCED_BREP_SHAPE_REPRESENTATION('',(#11,#15),#14302);
#11 = AXIS2_PLACEMENT_3D('',#12,#13,#14);
#12 = CARTESIAN_POINT('',(0.,0.,0.));
#13 = DIRECTION('',(0.,0.,1.));
#14 = DIRECTION('',(1.,0.,-0.));
#15 = MANIFOLD_SOLID_BREP('',#16);
#16 = CLOSED_SHELL('',(#17,#137,#4875,#4924,#8810,#8837,#8844,#8891,
    #8918,#8945,#8952,#9007,#9054,#9081,#9108,#9115,#9162,#9189,#9216,
    #9223,#9270,#9297,#9324,#9331,#9386,#9433,#9460,#9487,#9494,#9541,
    #9568,#9595,#9602,#9649,#9676,#9703,#9710,#9757,#9784,#9811,#9818,
    #9865,#9892,#9919,#9926,#9973,#10000,#10027,#10034,#10089,#10136,
    #10163,#10190,#10197,#10244,#10271,#10298,#10305,#10352,#10379,
    #10406,#10413,#10460,#10487,#10514,#10521,#10576,#10619,#10646,
    #10672,#10679,#10726,#10753,#10780,#10787,#10834,#10861,#10888,
    #10895,#10942,#10969,#10996,#11003,#11050,#11077,#11104,#11111,
    #11158,#11185,#11212,#11219,#11266,#11293,#11320,#11327,#11382,
    #11429,#11456,#11483,#11490,#11537,#11564,#11591,#11598,#11645,
    #11672,#11699,#11706,#11753,#11780,#11807,#11814,#11861,#11888,
    #11915,#11922,#11969,#11996,#12023,#12030,#12057,#12112,#12159,
    #12186,#12213,#12220,#12267,#12294,#12321,#12328,#12375,#12402,
    #12429,#12436,#12483,#12510,#12537,#12544,#12599,#12646,#12673,
    #12700,#12707,#12754,#12781,#12808,#12815,#12862,#12889,#12916,
    #12923,#12970,#12997,#13024,#13031,#13078,#13105,#13132,#13139,
    #13186,#13213,#13240,#13247,#13302,#13349,#13376,#13403,#13410,
    #13457,#13484,#13511,#13518,#13565,#13592,#13619,#13626,#13681,
    #13728,#13755,#13782,#13789,#13839,#13889,#13939,#13989,#14039,
    #14089,#14139,#14189,#14239,#14246,#14253,#14260,#14267,#14274,
    #14281,#14288,#14295));
#17 = ADVANCED_FACE('',(#18),#32,.F.);
#18 = FACE_BOUND('',#19,.F.);
#19 = EDGE_LOOP('',(#20,#55,#83,#111));
#20 = ORIENTED_EDGE('',*,*,#21,.F.);
#21 = EDGE_CURVE('',#22,#24,#26,.T.);
#22 = VERTEX_POINT('',#23);
#23 = CARTESIAN_POINT('',(-239.35,90.,-5.));
#24 = VERTEX_POINT('',#25);
#25 = CARTESIAN_POINT('',(-239.35,90.,104.5));
#26 = SURFACE_CURVE('',#27,(#31,#43),.PCURVE_S1.);
#27 = LINE('',#28,#29);
#28 = CARTESIAN_POINT('',(-239.35,90.,-5.));
#29 = VECTOR('',#30,1.);
#30 = DIRECTION('',(0.,0.,1.));
#31 = PCURVE('',#32,#37);
#32 = PLANE('',#33);
#33 = AXIS2_PLACEMENT_3D('',#34,#35,#36);
#34 = CARTESIAN_POINT('',(-239.35,90.,-5.));
#35 = DIRECTION('',(1.,0.,-0.));
#36 = DIRECTION('',(0.,0.,1.));
#37 = DEFINITIONAL_REPRESENTATION('',(#38),#42);
#38 = LINE('',#39,#40);
#39 = CARTESIAN_POINT('',(0.,0.));
#40 = VECTOR('',#41,1.);
#41 = DIRECTION('',(1.,0.));
#42 = ( GEOMETRIC_REPRESENTATION_CONTEXT(2) 
PARAMETRIC_REPRESENTATION_CONTEXT() REPRESENTATION_CONTEXT('2D SPACE',''
  ) );
#43 = PCURVE('',#44,#49);
#44 = PLANE('',#45);
#45 = AXIS2_PLACEMENT_3D('',#46,#47,#48);
#46 = CARTESIAN_POINT('',(-239.35,90.,-5.));
#47 = DIRECTION('',(-0.,1.,0.));
#48 = DIRECTION('',(0.,0.,1.));
#49 = DEFINITIONAL_REPRESENTATION('',(#50),#54);
#50 = LINE('',#51,#52);
#51 = CARTESIAN_POINT('',(0.,0.));
#52 = VECTOR('',#53,1.);
#53 = DIRECTION('',(1.,0.));
#54 = ( GEOMETRIC_REPRESENTATION_CONTEXT(2) 
PARAMETRIC_REPRESENTATION_CONTEXT() REPRESENTATION_CONTEXT('2D SPACE',''
  ) );
#55 = ORIENTED_EDGE('',*,*,#56,.T.);
#56 = EDGE_CURVE('',#22,#57,#59,.T.);
#57 = VERTEX_POINT('',#58);
#58 = CARTESIAN_POINT('',(-239.35,93.,-5.));
#59 = SURFACE_CURVE('',#60,(#64,#71),.PCURVE_S1.);
#60 = LINE('',#61,#62);
#61 = CARTESIAN_POINT('',(-239.35,90.,-5.));
#62 = VECTOR('',#63,1.);
#63 = DIRECTION('',(-0.,1.,0.));
#64 = PCURVE('',#32,#65);
#65 = DEFINITIONAL_REPRESENTATION('',(#66),#70);
#66 = LINE('',#67,#68);
#67 = CARTESIAN_POINT('',(0.,0.));
#68 = VECTOR('',#69,1.);
#69 = DIRECTION('',(0.,-1.));
#70 = ( GEOMETRIC_REPRESENTATION_CONTEXT(2) 
PARAMETRIC_REPRESENTATION_CONTEXT() REPRESENTATION_CONTEXT('2D SPACE',''
  ) );
#71 = PCURVE('',#72,#77);
#72 = PLANE('',#73);
#73 = AXIS2_PLACEMENT_3D('',#74,#75,#76);
#74 = CARTESIAN_POINT('',(-239.35,90.,-5.));
#75 = DIRECTION('',(0.,0.,1.));
#76 = DIRECTION('',(1.,0.,-0.));
#77 = DEFINITIONAL_REPRESENTATION('',(#78),#82);
#78 = LINE('',#79,#80);
#79 = CARTESIAN_POINT('',(0.,0.));
#80 = VECTOR('',#81,1.);
#81 = DIRECTION('',(0.,1.));
#82 = ( GEOMETRIC_REPRESENTATION_CONTEXT(2) 
PARAMETRIC_REPRESENTATION_CONTEXT() REPRESENTATION_CONTEXT('2D SPACE',''
  ) );
#83 = ORIENTED_EDGE('',*,*,#84,.T.);
#84 = EDGE_CURVE('',#57,#85,#87,.T.);
#85 = VERTEX_POINT('',#86);
#86 = CARTESIAN_POINT('',(-239.35,93.,104.5));
#87 = SURFACE_CURVE('',#88,(#92,#99),.PCURVE_S1.);
#88 = LINE('',#89,#90);
#89 = CARTESIAN_POINT('',(-239.35,93.,-5.));
#90 = VECTOR('',#91,1.);
#91 = DIRECTION('',(0.,0.,1.));
#92 = PCURVE('',#32,#93);
#93 = DEFINITIONAL_REPRESENTATION('',(#94),#98);
#94 = LINE('',#95,#96);
#95 = CARTESIAN_POINT('',(0.,-3.));
#96 = VECTOR('',#97,1.);
#97 = DIRECTION('',(1.,0.));
#98 = ( GEOMETRIC_REPRESENTATION_CONTEXT(2) 
PARAMETRIC_REPRESENTATION_CONTEXT() REPRESENTATION_CONTEXT('2D SPACE',''
  ) );
#99 = PCURVE('',#100,#105);
#100 = PLANE('',#101);
#101 = AXIS2_PLACEMENT_3D('',#102,#103,#104);
#102 = CARTESIAN_POINT('',(-239.35,93.,-5.));
#103 = DIRECTION('',(-0.,1.,0.));
#104 = DIRECTION('',(0.,0.,1.));
#105 = DEFINITIONAL_REPRESENTATION('',(#106),#110);
#106 = LINE('',#107,#108);
#107 = CARTESIAN_POINT('',(0.,0.));
#108 = VECTOR('',#109,1.);
#109 = DIRECTION('',(1.,0.));
#110 = ( GEOMETRIC_REPRESENTATION_CONTEXT(2) 
PARAMETRIC_REPRESENTATION_CONTEXT() REPRESENTATION_CONTEXT('2D SPACE',''
  ) );
#111 = ORIENTED_EDGE('',*,*,#112,.F.);
#112 = EDGE_CURVE('',#24,#85,#113,.T.);
#113 = SURFACE_CURVE('',#114,(#118,#125),.PCURVE_S1.);
#114 = LINE('',#115,#116);
#115 = CARTESIAN_POINT('',(-239.35,90.,104.5));
#116 = VECTOR('',#117,1.);
#117 = DIRECTION('',(-0.,1.,0.));
#118 = PCURVE('',#32,#119);
#119 = DEFINITIONAL_REPRESENTATION('',(#120),#124);
#120 = LINE('',#121,#122);
#121 = CARTESIAN_POINT('',(109.5,0.));
#122 = VECTOR('',#123,1.);
#123 = DIRECTION('',(0.,-1.));
#124 = ( GEOMETRIC_REPRESENTATION_CONTEXT(2) 
PARAMETRIC_REPRESENTATION_CONTEXT() REPRESENTATION_CONTEXT('2D SPACE',''
  ) );
#125 = PCURVE('',#126,#131);
#126 = PLANE('',#127);
#127 = AXIS2_PLACEMENT_3D('',#128,#129,#130);
#128 = CARTESIAN_POINT('',(-239.35,90.,104.5));
#129 = DIRECTION('',(0.,0.,1.));
#130 = DIRECTION('',(1.,0.,-0.));
#131 = DEFINITIONAL_REPRESENTATION('',(#132),#136);
#132 = LINE('',#133,#134);
#133 = CARTESIAN_POINT('',(0.,0.));
#134 = VECTOR('',#135,1.);
#135 = DIRECTION('',(0.,1.));
#136 = ( GEOMETRIC_REPRESENTATION_CONTEXT(2) 
PARAMETRIC_REPRESENTATION_CONTEXT() REPRESENTATION_CONTEXT('2D SPACE',''
  ) );
#137 = ADVANCED_FACE('',(#138,#213,#319,#350,#456,#562,#668,#699,#805,
    #911,#1017,#1123,#1229,#1335,#1366,#1472,#1578,#1684,#1790,#1821,
    #1933,#2039,#2145,#2251,#2357,#2463,#2569,#2600,#2706,#2812,#2918,
    #3024,#3130,#3236,#3267,#3298,#3404,#3510,#3616,#3722,#3753,#3859,
    #3965,#4071,#4177,#4283,#4389,#4420,#4526,#4632,#4738,#4769),#44,.F.
  );
#138 = FACE_BOUND('',#139,.F.);
#139 = EDGE_LOOP('',(#140,#163,#164,#187));
#140 = ORIENTED_EDGE('',*,*,#141,.F.);
#141 = EDGE_CURVE('',#22,#142,#144,.T.);
#142 = VERTEX_POINT('',#143);
#143 = CARTESIAN_POINT('',(-89.35,90.,-5.));
#144 = SURFACE_CURVE('',#145,(#149,#156),.PCURVE_S1.);
#145 = LINE('',#146,#147);
#146 = CARTESIAN_POINT('',(-239.35,90.,-5.));
#147 = VECTOR('',#148,1.);
#148 = DIRECTION('',(1.,0.,-0.));
#149 = PCURVE('',#44,#150);
#150 = DEFINITIONAL_REPRESENTATION('',(#151),#155);
#151 = LINE('',#152,#153);
#152 = CARTESIAN_POINT('',(0.,0.));
#153 = VECTOR('',#154,1.);
#154 = DIRECTION('',(0.,1.));
#155 = ( GEOMETRIC_REPRESENTATION_CONTEXT(2) 
PARAMETRIC_REPRESENTATION_CONTEXT() REPRESENTATION_CONTEXT('2D SPACE',''
  ) );
#156 = PCURVE('',#72,#157);
#157 = DEFINITIONAL_REPRESENTATION('',(#158),#162);
#158 = LINE('',#159,#160);
#159 = CARTESIAN_POINT('',(0.,0.));
#160 = VECTOR('',#161,1.);
#161 = DIRECTION('',(1.,0.));
#162 = ( GEOMETRIC_REPRESENTATION_CONTEXT(2) 
PARAMETRIC_REPRESENTATION_CONTEXT() REPRESENTATION_CONTEXT('2D SPACE',''
  ) );
#163 = ORIENTED_EDGE('',*,*,#21,.T.);
#164 = ORIENTED_EDGE('',*,*,#165,.T.);
#165 = EDGE_CURVE('',#24,#166,#168,.T.);
#166 = VERTEX_POINT('',#167);
#167 = CARTESIAN_POINT('',(-89.35,90.,104.5));
#168 = SURFACE_CURVE('',#169,(#173,#180),.PCURVE_S1.);
#169 = LINE('',#170,#171);
#170 = CARTESIAN_POINT('',(-239.35,90.,104.5));
#171 = VECTOR('',#172,1.);
#172 = DIRECTION('',(1.,0.,-0.));
#173 = PCURVE('',#44,#174);
#174 = DEFINITIONAL_REPRESENTATION('',(#175),#179);
#175 = LINE('',#176,#177);
#176 = CARTESIAN_POINT('',(109.5,0.));
#177 = VECTOR('',#178,1.);
#178 = DIRECTION('',(0.,1.));
#179 = ( GEOMETRIC_REPRESENTATION_CONTEXT(2) 
PARAMETRIC_REPRESENTATION_CONTEXT() REPRESENTATION_CONTEXT('2D SPACE',''
  ) );
#180 = PCURVE('',#126,#181);
#181 = DEFINITIONAL_REPRESENTATION('',(#182),#186);
#182 = LINE('',#183,#184);
#183 = CARTESIAN_POINT('',(0.,0.));
#184 = VECTOR('',#185,1.);
#185 = DIRECTION('',(1.,0.));
#186 = ( GEOMETRIC_REPRESENTATION_CONTEXT(2) 
PARAMETRIC_REPRESENTATION_CONTEXT() REPRESENTATION_CONTEXT('2D SPACE',''
  ) );
#187 = ORIENTED_EDGE('',*,*,#188,.F.);
#188 = EDGE_CURVE('',#142,#166,#189,.T.);
#189 = SURFACE_CURVE('',#190,(#194,#201),.PCURVE_S1.);
#190 = LINE('',#191,#192);
#191 = CARTESIAN_POINT('',(-89.35,90.,-5.));
#192 = VECTOR('',#193,1.);
#193 = DIRECTION('',(0.,0.,1.));
#194 = PCURVE('',#44,#195);
#195 = DEFINITIONAL_REPRESENTATION('',(#196),#200);
#196 = LINE('',#197,#198);
#197 = CARTESIAN_POINT('',(0.,150.));
#198 = VECTOR('',#199,1.);
#199 = DIRECTION('',(1.,0.));
#200 = ( GEOMETRIC_REPRESENTATION_CONTEXT(2) 
PARAMETRIC_REPRESENTATION_CONTEXT() REPRESENTATION_CONTEXT('2D SPACE',''
  ) );
#201 = PCURVE('',#202,#207);
#202 = PLANE('',#203);
#203 = AXIS2_PLACEMENT_3D('',#204,#205,#206);
#204 = CARTESIAN_POINT('',(-89.35,90.,-5.));
#205 = DIRECTION('',(1.,0.,-0.));
#206 = DIRECTION('',(0.,0.,1.));
#207 = DEFINITIONAL_REPRESENTATION('',(#208),#212);
#208 = LINE('',#209,#210);
#209 = CARTESIAN_POINT('',(0.,0.));
#210 = VECTOR('',#211,1.);
#211 = DIRECTION('',(1.,0.));
#212 = ( GEOMETRIC_REPRESENTATION_CONTEXT(2) 
PARAMETRIC_REPRESENTATION_CONTEXT() REPRESENTATION_CONTEXT('2D SPACE',''
  ) );
#213 = FACE_BOUND('',#214,.F.);
#214 = EDGE_LOOP('',(#215,#243,#269,#295));
#215 = ORIENTED_EDGE('',*,*,#216,.F.);
#216 = EDGE_CURVE('',#217,#219,#221,.T.);
#217 = VERTEX_POINT('',#218);
#218 = CARTESIAN_POINT('',(-225.35,90.,23.));
#219 = VERTEX_POINT('',#220);
#220 = CARTESIAN_POINT('',(-222.35,90.,23.));
#221 = SURFACE_CURVE('',#222,(#226,#232),.PCURVE_S1.);
#222 = LINE('',#223,#224);
#223 = CARTESIAN_POINT('',(-232.35,90.,23.));
#224 = VECTOR('',#225,1.);
#225 = DIRECTION('',(1.,0.,-0.));
#226 = PCURVE('',#44,#227);
#227 = DEFINITIONAL_REPRESENTATION('',(#228),#231);
#228 = B_SPLINE_CURVE_WITH_KNOTS('',1,(#229,#230),.UNSPECIFIED.,.F.,.F.,
  (2,2),(7.,10.),.PIECEWISE_BEZIER_KNOTS.);
#229 = CARTESIAN_POINT('',(28.,14.));
#230 = CARTESIAN_POINT('',(28.,17.));
#231 = ( GEOMETRIC_REPRESENTATION_CONTEXT(2) 
PARAMETRIC_REPRESENTATION_CONTEXT() REPRESENTATION_CONTEXT('2D SPACE',''
  ) );
#232 = PCURVE('',#233,#238);
#233 = PLANE('',#234);
#234 = AXIS2_PLACEMENT_3D('',#235,#236,#237);
#235 = CARTESIAN_POINT('',(-225.35,89.99,23.));
#236 = DIRECTION('',(0.,0.,1.));
#237 = DIRECTION('',(1.,0.,-0.));
#238 = DEFINITIONAL_REPRESENTATION('',(#239),#242);
#239 = B_SPLINE_CURVE_WITH_KNOTS('',1,(#240,#241),.UNSPECIFIED.,.F.,.F.,
  (2,2),(7.,10.),.PIECEWISE_BEZIER_KNOTS.);
#240 = CARTESIAN_POINT('',(0.,1.000000000001E-02));
#241 = CARTESIAN_POINT('',(3.,1.000000000001E-02));
#242 = ( GEOMETRIC_REPRESENTATION_CONTEXT(2) 
PARAMETRIC_REPRESENTATION_CONTEXT() REPRESENTATION_CONTEXT('2D SPACE',''
  ) );
#243 = ORIENTED_EDGE('',*,*,#244,.T.);
#244 = EDGE_CURVE('',#217,#245,#247,.T.);
#245 = VERTEX_POINT('',#246);
#246 = CARTESIAN_POINT('',(-225.35,90.,9.));
#247 = SURFACE_CURVE('',#248,(#252,#258),.PCURVE_S1.);
#248 = LINE('',#249,#250);
#249 = CARTESIAN_POINT('',(-225.35,90.,2.));
#250 = VECTOR('',#251,1.);
#251 = DIRECTION('',(-0.,0.,-1.));
#252 = PCURVE('',#44,#253);
#253 = DEFINITIONAL_REPRESENTATION('',(#254),#257);
#254 = B_SPLINE_CURVE_WITH_KNOTS('',1,(#255,#256),.UNSPECIFIED.,.F.,.F.,
  (2,2),(-21.,-7.),.PIECEWISE_BEZIER_KNOTS.);
#255 = CARTESIAN_POINT('',(28.,14.));
#256 = CARTESIAN_POINT('',(14.,14.));
#257 = ( GEOMETRIC_REPRESENTATION_CONTEXT(2) 
PARAMETRIC_REPRESENTATION_CONTEXT() REPRESENTATION_CONTEXT('2D SPACE',''
  ) );
#258 = PCURVE('',#259,#264);
#259 = PLANE('',#260);
#260 = AXIS2_PLACEMENT_3D('',#261,#262,#263);
#261 = CARTESIAN_POINT('',(-225.35,89.99,9.));
#262 = DIRECTION('',(1.,0.,-0.));
#263 = DIRECTION('',(0.,0.,1.));
#264 = DEFINITIONAL_REPRESENTATION('',(#265),#268);
#265 = B_SPLINE_CURVE_WITH_KNOTS('',1,(#266,#267),.UNSPECIFIED.,.F.,.F.,
  (2,2),(-21.,-7.),.PIECEWISE_BEZIER_KNOTS.);
#266 = CARTESIAN_POINT('',(14.,-1.000000000001E-02));
#267 = CARTESIAN_POINT('',(0.,-1.000000000001E-02));
#268 = ( GEOMETRIC_REPRESENTATION_CONTEXT(2) 
PARAMETRIC_REPRESENTATION_CONTEXT() REPRESENTATION_CONTEXT('2D SPACE',''
  ) );
#269 = ORIENTED_EDGE('',*,*,#270,.T.);
#270 = EDGE_CURVE('',#245,#271,#273,.T.);
#271 = VERTEX_POINT('',#272);
#272 = CARTESIAN_POINT('',(-222.35,90.,9.));
#273 = SURFACE_CURVE('',#274,(#278,#284),.PCURVE_S1.);
#274 = LINE('',#275,#276);
#275 = CARTESIAN_POINT('',(-232.35,90.,9.));
#276 = VECTOR('',#277,1.);
#277 = DIRECTION('',(1.,0.,-0.));
#278 = PCURVE('',#44,#279);
#279 = DEFINITIONAL_REPRESENTATION('',(#280),#283);
#280 = B_SPLINE_CURVE_WITH_KNOTS('',1,(#281,#282),.UNSPECIFIED.,.F.,.F.,
  (2,2),(7.,10.),.PIECEWISE_BEZIER_KNOTS.);
#281 = CARTESIAN_POINT('',(14.,14.));
#282 = CARTESIAN_POINT('',(14.,17.));
#283 = ( GEOMETRIC_REPRESENTATION_CONTEXT(2) 
PARAMETRIC_REPRESENTATION_CONTEXT() REPRESENTATION_CONTEXT('2D SPACE',''
  ) );
#284 = PCURVE('',#285,#290);
#285 = PLANE('',#286);
#286 = AXIS2_PLACEMENT_3D('',#287,#288,#289);
#287 = CARTESIAN_POINT('',(-225.35,89.99,9.));
#288 = DIRECTION('',(0.,0.,1.));
#289 = DIRECTION('',(1.,0.,-0.));
#290 = DEFINITIONAL_REPRESENTATION('',(#291),#294);
#291 = B_SPLINE_CURVE_WITH_KNOTS('',1,(#292,#293),.UNSPECIFIED.,.F.,.F.,
  (2,2),(7.,10.),.PIECEWISE_BEZIER_KNOTS.);
#292 = CARTESIAN_POINT('',(0.,1.000000000001E-02));
#293 = CARTESIAN_POINT('',(3.,1.000000000001E-02));
#294 = ( GEOMETRIC_REPRESENTATION_CONTEXT(2) 
PARAMETRIC_REPRESENTATION_CONTEXT() REPRESENTATION_CONTEXT('2D SPACE',''
  ) );
#295 = ORIENTED_EDGE('',*,*,#296,.F.);
#296 = EDGE_CURVE('',#219,#271,#297,.T.);
#297 = SURFACE_CURVE('',#298,(#302,#308),.PCURVE_S1.);
#298 = LINE('',#299,#300);
#299 = CARTESIAN_POINT('',(-222.35,90.,2.));
#300 = VECTOR('',#301,1.);
#301 = DIRECTION('',(-0.,0.,-1.));
#302 = PCURVE('',#44,#303);
#303 = DEFINITIONAL_REPRESENTATION('',(#304),#307);
#304 = B_SPLINE_CURVE_WITH_KNOTS('',1,(#305,#306),.UNSPECIFIED.,.F.,.F.,
  (2,2),(-21.,-7.),.PIECEWISE_BEZIER_KNOTS.);
#305 = CARTESIAN_POINT('',(28.,17.));
#306 = CARTESIAN_POINT('',(14.,17.));
#307 = ( GEOMETRIC_REPRESENTATION_CONTEXT(2) 
PARAMETRIC_REPRESENTATION_CONTEXT() REPRESENTATION_CONTEXT('2D SPACE',''
  ) );
#308 = PCURVE('',#309,#314);
#309 = PLANE('',#310);
#310 = AXIS2_PLACEMENT_3D('',#311,#312,#313);
#311 = CARTESIAN_POINT('',(-222.35,89.99,9.));
#312 = DIRECTION('',(1.,0.,-0.));
#313 = DIRECTION('',(0.,0.,1.));
#314 = DEFINITIONAL_REPRESENTATION('',(#315),#318);
#315 = B_SPLINE_CURVE_WITH_KNOTS('',1,(#316,#317),.UNSPECIFIED.,.F.,.F.,
  (2,2),(-21.,-7.),.PIECEWISE_BEZIER_KNOTS.);
#316 = CARTESIAN_POINT('',(14.,-1.000000000001E-02));
#317 = CARTESIAN_POINT('',(0.,-1.000000000001E-02));
#318 = ( GEOMETRIC_REPRESENTATION_CONTEXT(2) 
PARAMETRIC_REPRESENTATION_CONTEXT() REPRESENTATION_CONTEXT('2D SPACE',''
  ) );
#319 = FACE_BOUND('',#320,.F.);
#320 = EDGE_LOOP('',(#321));
#321 = ORIENTED_EDGE('',*,*,#322,.F.);
#322 = EDGE_CURVE('',#323,#323,#325,.T.);
#323 = VERTEX_POINT('',#324);
#324 = CARTESIAN_POINT('',(-212.575,90.,5.));
#325 = SURFACE_CURVE('',#326,(#331,#338),.PCURVE_S1.);
#326 = CIRCLE('',#327,1.775);
#327 = AXIS2_PLACEMENT_3D('',#328,#329,#330);
#328 = CARTESIAN_POINT('',(-214.35,90.,5.));
#329 = DIRECTION('',(0.,1.,2.22044604925E-16));
#330 = DIRECTION('',(1.,0.,-0.));
#331 = PCURVE('',#44,#332);
#332 = DEFINITIONAL_REPRESENTATION('',(#333),#337);
#333 = CIRCLE('',#334,1.775);
#334 = AXIS2_PLACEMENT_2D('',#335,#336);
#335 = CARTESIAN_POINT('',(10.,25.));
#336 = DIRECTION('',(0.,1.));
#337 = ( GEOMETRIC_REPRESENTATION_CONTEXT(2) 
PARAMETRIC_REPRESENTATION_CONTEXT() REPRESENTATION_CONTEXT('2D SPACE',''
  ) );
#338 = PCURVE('',#339,#344);
#339 = CYLINDRICAL_SURFACE('',#340,1.775);
#340 = AXIS2_PLACEMENT_3D('',#341,#342,#343);
#341 = CARTESIAN_POINT('',(-214.35,89.99,5.));
#342 = DIRECTION('',(0.,1.,2.22044604925E-16));
#343 = DIRECTION('',(1.,0.,-0.));
#344 = DEFINITIONAL_REPRESENTATION('',(#345),#349);
#345 = LINE('',#346,#347);
#346 = CARTESIAN_POINT('',(0.,1.000000000001E-02));
#347 = VECTOR('',#348,1.);
#348 = DIRECTION('',(1.,0.));
#349 = ( GEOMETRIC_REPRESENTATION_CONTEXT(2) 
PARAMETRIC_REPRESENTATION_CONTEXT() REPRESENTATION_CONTEXT('2D SPACE',''
  ) );
#350 = FACE_BOUND('',#351,.F.);
#351 = EDGE_LOOP('',(#352,#380,#406,#432));
#352 = ORIENTED_EDGE('',*,*,#353,.F.);
#353 = EDGE_CURVE('',#354,#356,#358,.T.);
#354 = VERTEX_POINT('',#355);
#355 = CARTESIAN_POINT('',(-219.35,90.,23.));
#356 = VERTEX_POINT('',#357);
#357 = CARTESIAN_POINT('',(-216.35,90.,23.));
#358 = SURFACE_CURVE('',#359,(#363,#369),.PCURVE_S1.);
#359 = LINE('',#360,#361);
#360 = CARTESIAN_POINT('',(-229.35,90.,23.));
#361 = VECTOR('',#362,1.);
#362 = DIRECTION('',(1.,0.,-0.));
#363 = PCURVE('',#44,#364);
#364 = DEFINITIONAL_REPRESENTATION('',(#365),#368);
#365 = B_SPLINE_CURVE_WITH_KNOTS('',1,(#366,#367),.UNSPECIFIED.,.F.,.F.,
  (2,2),(10.,13.),.PIECEWISE_BEZIER_KNOTS.);
#366 = CARTESIAN_POINT('',(28.,20.));
#367 = CARTESIAN_POINT('',(28.,23.));
#368 = ( GEOMETRIC_REPRESENTATION_CONTEXT(2) 
PARAMETRIC_REPRESENTATION_CONTEXT() REPRESENTATION_CONTEXT('2D SPACE',''
  ) );
#369 = PCURVE('',#370,#375);
#370 = PLANE('',#371);
#371 = AXIS2_PLACEMENT_3D('',#372,#373,#374);
#372 = CARTESIAN_POINT('',(-219.35,89.99,23.));
#373 = DIRECTION('',(0.,0.,1.));
#374 = DIRECTION('',(1.,0.,-0.));
#375 = DEFINITIONAL_REPRESENTATION('',(#376),#379);
#376 = B_SPLINE_CURVE_WITH_KNOTS('',1,(#377,#378),.UNSPECIFIED.,.F.,.F.,
  (2,2),(10.,13.),.PIECEWISE_BEZIER_KNOTS.);
#377 = CARTESIAN_POINT('',(0.,1.000000000001E-02));
#378 = CARTESIAN_POINT('',(3.,1.000000000001E-02));
#379 = ( GEOMETRIC_REPRESENTATION_CONTEXT(2) 
PARAMETRIC_REPRESENTATION_CONTEXT() REPRESENTATION_CONTEXT('2D SPACE',''
  ) );
#380 = ORIENTED_EDGE('',*,*,#381,.T.);
#381 = EDGE_CURVE('',#354,#382,#384,.T.);
#382 = VERTEX_POINT('',#383);
#383 = CARTESIAN_POINT('',(-219.35,90.,9.));
#384 = SURFACE_CURVE('',#385,(#389,#395),.PCURVE_S1.);
#385 = LINE('',#386,#387);
#386 = CARTESIAN_POINT('',(-219.35,90.,2.));
#387 = VECTOR('',#388,1.);
#388 = DIRECTION('',(-0.,0.,-1.));
#389 = PCURVE('',#44,#390);
#390 = DEFINITIONAL_REPRESENTATION('',(#391),#394);
#391 = B_SPLINE_CURVE_WITH_KNOTS('',1,(#392,#393),.UNSPECIFIED.,.F.,.F.,
  (2,2),(-21.,-7.),.PIECEWISE_BEZIER_KNOTS.);
#392 = CARTESIAN_POINT('',(28.,20.));
#393 = CARTESIAN_POINT('',(14.,20.));
#394 = ( GEOMETRIC_REPRESENTATION_CONTEXT(2) 
PARAMETRIC_REPRESENTATION_CONTEXT() REPRESENTATION_CONTEXT('2D SPACE',''
  ) );
#395 = PCURVE('',#396,#401);
#396 = PLANE('',#397);
#397 = AXIS2_PLACEMENT_3D('',#398,#399,#400);
#398 = CARTESIAN_POINT('',(-219.35,89.99,9.));
#399 = DIRECTION('',(1.,0.,-0.));
#400 = DIRECTION('',(0.,0.,1.));
#401 = DEFINITIONAL_REPRESENTATION('',(#402),#405);
#402 = B_SPLINE_CURVE_WITH_KNOTS('',1,(#403,#404),.UNSPECIFIED.,.F.,.F.,
  (2,2),(-21.,-7.),.PIECEWISE_BEZIER_KNOTS.);
#403 = CARTESIAN_POINT('',(14.,-1.000000000001E-02));
#404 = CARTESIAN_POINT('',(0.,-1.000000000001E-02));
#405 = ( GEOMETRIC_REPRESENTATION_CONTEXT(2) 
PARAMETRIC_REPRESENTATION_CONTEXT() REPRESENTATION_CONTEXT('2D SPACE',''
  ) );
#406 = ORIENTED_EDGE('',*,*,#407,.T.);
#407 = EDGE_CURVE('',#382,#408,#410,.T.);
#408 = VERTEX_POINT('',#409);
#409 = CARTESIAN_POINT('',(-216.35,90.,9.));
#410 = SURFACE_CURVE('',#411,(#415,#421),.PCURVE_S1.);
#411 = LINE('',#412,#413);
#412 = CARTESIAN_POINT('',(-229.35,90.,9.));
#413 = VECTOR('',#414,1.);
#414 = DIRECTION('',(1.,0.,-0.));
#415 = PCURVE('',#44,#416);
#416 = DEFINITIONAL_REPRESENTATION('',(#417),#420);
#417 = B_SPLINE_CURVE_WITH_KNOTS('',1,(#418,#419),.UNSPECIFIED.,.F.,.F.,
  (2,2),(10.,13.),.PIECEWISE_BEZIER_KNOTS.);
#418 = CARTESIAN_POINT('',(14.,20.));
#419 = CARTESIAN_POINT('',(14.,23.));
#420 = ( GEOMETRIC_REPRESENTATION_CONTEXT(2) 
PARAMETRIC_REPRESENTATION_CONTEXT() REPRESENTATION_CONTEXT('2D SPACE',''
  ) );
#421 = PCURVE('',#422,#427);
#422 = PLANE('',#423);
#423 = AXIS2_PLACEMENT_3D('',#424,#425,#426);
#424 = CARTESIAN_POINT('',(-219.35,89.99,9.));
#425 = DIRECTION('',(0.,0.,1.));
#426 = DIRECTION('',(1.,0.,-0.));
#427 = DEFINITIONAL_REPRESENTATION('',(#428),#431);
#428 = B_SPLINE_CURVE_WITH_KNOTS('',1,(#429,#430),.UNSPECIFIED.,.F.,.F.,
  (2,2),(10.,13.),.PIECEWISE_BEZIER_KNOTS.);
#429 = CARTESIAN_POINT('',(0.,1.000000000001E-02));
#430 = CARTESIAN_POINT('',(3.,1.000000000001E-02));
#431 = ( GEOMETRIC_REPRESENTATION_CONTEXT(2) 
PARAMETRIC_REPRESENTATION_CONTEXT() REPRESENTATION_CONTEXT('2D SPACE',''
  ) );
#432 = ORIENTED_EDGE('',*,*,#433,.F.);
#433 = EDGE_CURVE('',#356,#408,#434,.T.);
#434 = SURFACE_CURVE('',#435,(#439,#445),.PCURVE_S1.);
#435 = LINE('',#436,#437);
#436 = CARTESIAN_POINT('',(-216.35,90.,2.));
#437 = VECTOR('',#438,1.);
#438 = DIRECTION('',(-0.,0.,-1.));
#439 = PCURVE('',#44,#440);
#440 = DEFINITIONAL_REPRESENTATION('',(#441),#444);
#441 = B_SPLINE_CURVE_WITH_KNOTS('',1,(#442,#443),.UNSPECIFIED.,.F.,.F.,
  (2,2),(-21.,-7.),.PIECEWISE_BEZIER_KNOTS.);
#442 = CARTESIAN_POINT('',(28.,23.));
#443 = CARTESIAN_POINT('',(14.,23.));
#444 = ( GEOMETRIC_REPRESENTATION_CONTEXT(2) 
PARAMETRIC_REPRESENTATION_CONTEXT() REPRESENTATION_CONTEXT('2D SPACE',''
  ) );
#445 = PCURVE('',#446,#451);
#446 = PLANE('',#447);
#447 = AXIS2_PLACEMENT_3D('',#448,#449,#450);
#448 = CARTESIAN_POINT('',(-216.35,89.99,9.));
#449 = DIRECTION('',(1.,0.,-0.));
#450 = DIRECTION('',(0.,0.,1.));
#451 = DEFINITIONAL_REPRESENTATION('',(#452),#455);
#452 = B_SPLINE_CURVE_WITH_KNOTS('',1,(#453,#454),.UNSPECIFIED.,.F.,.F.,
  (2,2),(-21.,-7.),.PIECEWISE_BEZIER_KNOTS.);
#453 = CARTESIAN_POINT('',(14.,-1.000000000001E-02));
#454 = CARTESIAN_POINT('',(0.,-1.000000000001E-02));
#455 = ( GEOMETRIC_REPRESENTATION_CONTEXT(2) 
PARAMETRIC_REPRESENTATION_CONTEXT() REPRESENTATION_CONTEXT('2D SPACE',''
  ) );
#456 = FACE_BOUND('',#457,.F.);
#457 = EDGE_LOOP('',(#458,#486,#512,#538));
#458 = ORIENTED_EDGE('',*,*,#459,.F.);
#459 = EDGE_CURVE('',#460,#462,#464,.T.);
#460 = VERTEX_POINT('',#461);
#461 = CARTESIAN_POINT('',(-213.35,90.,23.));
#462 = VERTEX_POINT('',#463);
#463 = CARTESIAN_POINT('',(-210.35,90.,23.));
#464 = SURFACE_CURVE('',#465,(#469,#475),.PCURVE_S1.);
#465 = LINE('',#466,#467);
#466 = CARTESIAN_POINT('',(-226.35,90.,23.));
#467 = VECTOR('',#468,1.);
#468 = DIRECTION('',(1.,0.,-0.));
#469 = PCURVE('',#44,#470);
#470 = DEFINITIONAL_REPRESENTATION('',(#471),#474);
#471 = B_SPLINE_CURVE_WITH_KNOTS('',1,(#472,#473),.UNSPECIFIED.,.F.,.F.,
  (2,2),(13.,16.),.PIECEWISE_BEZIER_KNOTS.);
#472 = CARTESIAN_POINT('',(28.,26.));
#473 = CARTESIAN_POINT('',(28.,29.));
#474 = ( GEOMETRIC_REPRESENTATION_CONTEXT(2) 
PARAMETRIC_REPRESENTATION_CONTEXT() REPRESENTATION_CONTEXT('2D SPACE',''
  ) );
#475 = PCURVE('',#476,#481);
#476 = PLANE('',#477);
#477 = AXIS2_PLACEMENT_3D('',#478,#479,#480);
#478 = CARTESIAN_POINT('',(-213.35,89.99,23.));
#479 = DIRECTION('',(0.,0.,1.));
#480 = DIRECTION('',(1.,0.,-0.));
#481 = DEFINITIONAL_REPRESENTATION('',(#482),#485);
#482 = B_SPLINE_CURVE_WITH_KNOTS('',1,(#483,#484),.UNSPECIFIED.,.F.,.F.,
  (2,2),(13.,16.),.PIECEWISE_BEZIER_KNOTS.);
#483 = CARTESIAN_POINT('',(0.,1.000000000001E-02));
#484 = CARTESIAN_POINT('',(3.,1.000000000001E-02));
#485 = ( GEOMETRIC_REPRESENTATION_CONTEXT(2) 
PARAMETRIC_REPRESENTATION_CONTEXT() REPRESENTATION_CONTEXT('2D SPACE',''
  ) );
#486 = ORIENTED_EDGE('',*,*,#487,.T.);
#487 = EDGE_CURVE('',#460,#488,#490,.T.);
#488 = VERTEX_POINT('',#489);
#489 = CARTESIAN_POINT('',(-213.35,90.,9.));
#490 = SURFACE_CURVE('',#491,(#495,#501),.PCURVE_S1.);
#491 = LINE('',#492,#493);
#492 = CARTESIAN_POINT('',(-213.35,90.,2.));
#493 = VECTOR('',#494,1.);
#494 = DIRECTION('',(-0.,0.,-1.));
#495 = PCURVE('',#44,#496);
#496 = DEFINITIONAL_REPRESENTATION('',(#497),#500);
#497 = B_SPLINE_CURVE_WITH_KNOTS('',1,(#498,#499),.UNSPECIFIED.,.F.,.F.,
  (2,2),(-21.,-7.),.PIECEWISE_BEZIER_KNOTS.);
#498 = CARTESIAN_POINT('',(28.,26.));
#499 = CARTESIAN_POINT('',(14.,26.));
#500 = ( GEOMETRIC_REPRESENTATION_CONTEXT(2) 
PARAMETRIC_REPRESENTATION_CONTEXT() REPRESENTATION_CONTEXT('2D SPACE',''
  ) );
#501 = PCURVE('',#502,#507);
#502 = PLANE('',#503);
#503 = AXIS2_PLACEMENT_3D('',#504,#505,#506);
#504 = CARTESIAN_POINT('',(-213.35,89.99,9.));
#505 = DIRECTION('',(1.,0.,-0.));
#506 = DIRECTION('',(0.,0.,1.));
#507 = DEFINITIONAL_REPRESENTATION('',(#508),#511);
#508 = B_SPLINE_CURVE_WITH_KNOTS('',1,(#509,#510),.UNSPECIFIED.,.F.,.F.,
  (2,2),(-21.,-7.),.PIECEWISE_BEZIER_KNOTS.);
#509 = CARTESIAN_POINT('',(14.,-1.000000000001E-02));
#510 = CARTESIAN_POINT('',(0.,-1.000000000001E-02));
#511 = ( GEOMETRIC_REPRESENTATION_CONTEXT(2) 
PARAMETRIC_REPRESENTATION_CONTEXT() REPRESENTATION_CONTEXT('2D SPACE',''
  ) );
#512 = ORIENTED_EDGE('',*,*,#513,.T.);
#513 = EDGE_CURVE('',#488,#514,#516,.T.);
#514 = VERTEX_POINT('',#515);
#515 = CARTESIAN_POINT('',(-210.35,90.,9.));
#516 = SURFACE_CURVE('',#517,(#521,#527),.PCURVE_S1.);
#517 = LINE('',#518,#519);
#518 = CARTESIAN_POINT('',(-226.35,90.,9.));
#519 = VECTOR('',#520,1.);
#520 = DIRECTION('',(1.,0.,-0.));
#521 = PCURVE('',#44,#522);
#522 = DEFINITIONAL_REPRESENTATION('',(#523),#526);
#523 = B_SPLINE_CURVE_WITH_KNOTS('',1,(#524,#525),.UNSPECIFIED.,.F.,.F.,
  (2,2),(13.,16.),.PIECEWISE_BEZIER_KNOTS.);
#524 = CARTESIAN_POINT('',(14.,26.));
#525 = CARTESIAN_POINT('',(14.,29.));
#526 = ( GEOMETRIC_REPRESENTATION_CONTEXT(2) 
PARAMETRIC_REPRESENTATION_CONTEXT() REPRESENTATION_CONTEXT('2D SPACE',''
  ) );
#527 = PCURVE('',#528,#533);
#528 = PLANE('',#529);
#529 = AXIS2_PLACEMENT_3D('',#530,#531,#532);
#530 = CARTESIAN_POINT('',(-213.35,89.99,9.));
#531 = DIRECTION('',(0.,0.,1.));
#532 = DIRECTION('',(1.,0.,-0.));
#533 = DEFINITIONAL_REPRESENTATION('',(#534),#537);
#534 = B_SPLINE_CURVE_WITH_KNOTS('',1,(#535,#536),.UNSPECIFIED.,.F.,.F.,
  (2,2),(13.,16.),.PIECEWISE_BEZIER_KNOTS.);
#535 = CARTESIAN_POINT('',(0.,1.000000000001E-02));
#536 = CARTESIAN_POINT('',(3.,1.000000000001E-02));
#537 = ( GEOMETRIC_REPRESENTATION_CONTEXT(2) 
PARAMETRIC_REPRESENTATION_CONTEXT() REPRESENTATION_CONTEXT('2D SPACE',''
  ) );
#538 = ORIENTED_EDGE('',*,*,#539,.F.);
#539 = EDGE_CURVE('',#462,#514,#540,.T.);
#540 = SURFACE_CURVE('',#541,(#545,#551),.PCURVE_S1.);
#541 = LINE('',#542,#543);
#542 = CARTESIAN_POINT('',(-210.35,90.,2.));
#543 = VECTOR('',#544,1.);
#544 = DIRECTION('',(-0.,0.,-1.));
#545 = PCURVE('',#44,#546);
#546 = DEFINITIONAL_REPRESENTATION('',(#547),#550);
#547 = B_SPLINE_CURVE_WITH_KNOTS('',1,(#548,#549),.UNSPECIFIED.,.F.,.F.,
  (2,2),(-21.,-7.),.PIECEWISE_BEZIER_KNOTS.);
#548 = CARTESIAN_POINT('',(28.,29.));
#549 = CARTESIAN_POINT('',(14.,29.));
#550 = ( GEOMETRIC_REPRESENTATION_CONTEXT(2) 
PARAMETRIC_REPRESENTATION_CONTEXT() REPRESENTATION_CONTEXT('2D SPACE',''
  ) );
#551 = PCURVE('',#552,#557);
#552 = PLANE('',#553);
#553 = AXIS2_PLACEMENT_3D('',#554,#555,#556);
#554 = CARTESIAN_POINT('',(-210.35,89.99,9.));
#555 = DIRECTION('',(1.,0.,-0.));
#556 = DIRECTION('',(0.,0.,1.));
#557 = DEFINITIONAL_REPRESENTATION('',(#558),#561);
#558 = B_SPLINE_CURVE_WITH_KNOTS('',1,(#559,#560),.UNSPECIFIED.,.F.,.F.,
  (2,2),(-21.,-7.),.PIECEWISE_BEZIER_KNOTS.);
#559 = CARTESIAN_POINT('',(14.,-1.000000000001E-02));
#560 = CARTESIAN_POINT('',(0.,-1.000000000001E-02));
#561 = ( GEOMETRIC_REPRESENTATION_CONTEXT(2) 
PARAMETRIC_REPRESENTATION_CONTEXT() REPRESENTATION_CONTEXT('2D SPACE',''
  ) );
#562 = FACE_BOUND('',#563,.F.);
#563 = EDGE_LOOP('',(#564,#592,#618,#644));
#564 = ORIENTED_EDGE('',*,*,#565,.F.);
#565 = EDGE_CURVE('',#566,#568,#570,.T.);
#566 = VERTEX_POINT('',#567);
#567 = CARTESIAN_POINT('',(-207.35,90.,23.));
#568 = VERTEX_POINT('',#569);
#569 = CARTESIAN_POINT('',(-204.35,90.,23.));
#570 = SURFACE_CURVE('',#571,(#575,#581),.PCURVE_S1.);
#571 = LINE('',#572,#573);
#572 = CARTESIAN_POINT('',(-223.35,90.,23.));
#573 = VECTOR('',#574,1.);
#574 = DIRECTION('',(1.,0.,-0.));
#575 = PCURVE('',#44,#576);
#576 = DEFINITIONAL_REPRESENTATION('',(#577),#580);
#577 = B_SPLINE_CURVE_WITH_KNOTS('',1,(#578,#579),.UNSPECIFIED.,.F.,.F.,
  (2,2),(16.,19.),.PIECEWISE_BEZIER_KNOTS.);
#578 = CARTESIAN_POINT('',(28.,32.));
#579 = CARTESIAN_POINT('',(28.,35.));
#580 = ( GEOMETRIC_REPRESENTATION_CONTEXT(2) 
PARAMETRIC_REPRESENTATION_CONTEXT() REPRESENTATION_CONTEXT('2D SPACE',''
  ) );
#581 = PCURVE('',#582,#587);
#582 = PLANE('',#583);
#583 = AXIS2_PLACEMENT_3D('',#584,#585,#586);
#584 = CARTESIAN_POINT('',(-207.35,89.99,23.));
#585 = DIRECTION('',(0.,0.,1.));
#586 = DIRECTION('',(1.,0.,-0.));
#587 = DEFINITIONAL_REPRESENTATION('',(#588),#591);
#588 = B_SPLINE_CURVE_WITH_KNOTS('',1,(#589,#590),.UNSPECIFIED.,.F.,.F.,
  (2,2),(16.,19.),.PIECEWISE_BEZIER_KNOTS.);
#589 = CARTESIAN_POINT('',(0.,1.000000000001E-02));
#590 = CARTESIAN_POINT('',(3.,1.000000000001E-02));
#591 = ( GEOMETRIC_REPRESENTATION_CONTEXT(2) 
PARAMETRIC_REPRESENTATION_CONTEXT() REPRESENTATION_CONTEXT('2D SPACE',''
  ) );
#592 = ORIENTED_EDGE('',*,*,#593,.T.);
#593 = EDGE_CURVE('',#566,#594,#596,.T.);
#594 = VERTEX_POINT('',#595);
#595 = CARTESIAN_POINT('',(-207.35,90.,9.));
#596 = SURFACE_CURVE('',#597,(#601,#607),.PCURVE_S1.);
#597 = LINE('',#598,#599);
#598 = CARTESIAN_POINT('',(-207.35,90.,2.));
#599 = VECTOR('',#600,1.);
#600 = DIRECTION('',(-0.,0.,-1.));
#601 = PCURVE('',#44,#602);
#602 = DEFINITIONAL_REPRESENTATION('',(#603),#606);
#603 = B_SPLINE_CURVE_WITH_KNOTS('',1,(#604,#605),.UNSPECIFIED.,.F.,.F.,
  (2,2),(-21.,-7.),.PIECEWISE_BEZIER_KNOTS.);
#604 = CARTESIAN_POINT('',(28.,32.));
#605 = CARTESIAN_POINT('',(14.,32.));
#606 = ( GEOMETRIC_REPRESENTATION_CONTEXT(2) 
PARAMETRIC_REPRESENTATION_CONTEXT() REPRESENTATION_CONTEXT('2D SPACE',''
  ) );
#607 = PCURVE('',#608,#613);
#608 = PLANE('',#609);
#609 = AXIS2_PLACEMENT_3D('',#610,#611,#612);
#610 = CARTESIAN_POINT('',(-207.35,89.99,9.));
#611 = DIRECTION('',(1.,0.,-0.));
#612 = DIRECTION('',(0.,0.,1.));
#613 = DEFINITIONAL_REPRESENTATION('',(#614),#617);
#614 = B_SPLINE_CURVE_WITH_KNOTS('',1,(#615,#616),.UNSPECIFIED.,.F.,.F.,
  (2,2),(-21.,-7.),.PIECEWISE_BEZIER_KNOTS.);
#615 = CARTESIAN_POINT('',(14.,-1.000000000001E-02));
#616 = CARTESIAN_POINT('',(0.,-1.000000000001E-02));
#617 = ( GEOMETRIC_REPRESENTATION_CONTEXT(2) 
PARAMETRIC_REPRESENTATION_CONTEXT() REPRESENTATION_CONTEXT('2D SPACE',''
  ) );
#618 = ORIENTED_EDGE('',*,*,#619,.T.);
#619 = EDGE_CURVE('',#594,#620,#622,.T.);
#620 = VERTEX_POINT('',#621);
#621 = CARTESIAN_POINT('',(-204.35,90.,9.));
#622 = SURFACE_CURVE('',#623,(#627,#633),.PCURVE_S1.);
#623 = LINE('',#624,#625);
#624 = CARTESIAN_POINT('',(-223.35,90.,9.));
#625 = VECTOR('',#626,1.);
#626 = DIRECTION('',(1.,0.,-0.));
#627 = PCURVE('',#44,#628);
#628 = DEFINITIONAL_REPRESENTATION('',(#629),#632);
#629 = B_SPLINE_CURVE_WITH_KNOTS('',1,(#630,#631),.UNSPECIFIED.,.F.,.F.,
  (2,2),(16.,19.),.PIECEWISE_BEZIER_KNOTS.);
#630 = CARTESIAN_POINT('',(14.,32.));
#631 = CARTESIAN_POINT('',(14.,35.));
#632 = ( GEOMETRIC_REPRESENTATION_CONTEXT(2) 
PARAMETRIC_REPRESENTATION_CONTEXT() REPRESENTATION_CONTEXT('2D SPACE',''
  ) );
#633 = PCURVE('',#634,#639);
#634 = PLANE('',#635);
#635 = AXIS2_PLACEMENT_3D('',#636,#637,#638);
#636 = CARTESIAN_POINT('',(-207.35,89.99,9.));
#637 = DIRECTION('',(0.,0.,1.));
#638 = DIRECTION('',(1.,0.,-0.));
#639 = DEFINITIONAL_REPRESENTATION('',(#640),#643);
#640 = B_SPLINE_CURVE_WITH_KNOTS('',1,(#641,#642),.UNSPECIFIED.,.F.,.F.,
  (2,2),(16.,19.),.PIECEWISE_BEZIER_KNOTS.);
#641 = CARTESIAN_POINT('',(0.,1.000000000001E-02));
#642 = CARTESIAN_POINT('',(3.,1.000000000001E-02));
#643 = ( GEOMETRIC_REPRESENTATION_CONTEXT(2) 
PARAMETRIC_REPRESENTATION_CONTEXT() REPRESENTATION_CONTEXT('2D SPACE',''
  ) );
#644 = ORIENTED_EDGE('',*,*,#645,.F.);
#645 = EDGE_CURVE('',#568,#620,#646,.T.);
#646 = SURFACE_CURVE('',#647,(#651,#657),.PCURVE_S1.);
#647 = LINE('',#648,#649);
#648 = CARTESIAN_POINT('',(-204.35,90.,2.));
#649 = VECTOR('',#650,1.);
#650 = DIRECTION('',(-0.,0.,-1.));
#651 = PCURVE('',#44,#652);
#652 = DEFINITIONAL_REPRESENTATION('',(#653),#656);
#653 = B_SPLINE_CURVE_WITH_KNOTS('',1,(#654,#655),.UNSPECIFIED.,.F.,.F.,
  (2,2),(-21.,-7.),.PIECEWISE_BEZIER_KNOTS.);
#654 = CARTESIAN_POINT('',(28.,35.));
#655 = CARTESIAN_POINT('',(14.,35.));
#656 = ( GEOMETRIC_REPRESENTATION_CONTEXT(2) 
PARAMETRIC_REPRESENTATION_CONTEXT() REPRESENTATION_CONTEXT('2D SPACE',''
  ) );
#657 = PCURVE('',#658,#663);
#658 = PLANE('',#659);
#659 = AXIS2_PLACEMENT_3D('',#660,#661,#662);
#660 = CARTESIAN_POINT('',(-204.35,89.99,9.));
#661 = DIRECTION('',(1.,0.,-0.));
#662 = DIRECTION('',(0.,0.,1.));
#663 = DEFINITIONAL_REPRESENTATION('',(#664),#667);
#664 = B_SPLINE_CURVE_WITH_KNOTS('',1,(#665,#666),.UNSPECIFIED.,.F.,.F.,
  (2,2),(-21.,-7.),.PIECEWISE_BEZIER_KNOTS.);
#665 = CARTESIAN_POINT('',(14.,-1.000000000001E-02));
#666 = CARTESIAN_POINT('',(0.,-1.000000000001E-02));
#667 = ( GEOMETRIC_REPRESENTATION_CONTEXT(2) 
PARAMETRIC_REPRESENTATION_CONTEXT() REPRESENTATION_CONTEXT('2D SPACE',''
  ) );
#668 = FACE_BOUND('',#669,.F.);
#669 = EDGE_LOOP('',(#670));
#670 = ORIENTED_EDGE('',*,*,#671,.F.);
#671 = EDGE_CURVE('',#672,#672,#674,.T.);
#672 = VERTEX_POINT('',#673);
#673 = CARTESIAN_POINT('',(-232.575,90.,30.45));
#674 = SURFACE_CURVE('',#675,(#680,#687),.PCURVE_S1.);
#675 = CIRCLE('',#676,1.775);
#676 = AXIS2_PLACEMENT_3D('',#677,#678,#679);
#677 = CARTESIAN_POINT('',(-234.35,90.,30.45));
#678 = DIRECTION('',(0.,1.,2.22044604925E-16));
#679 = DIRECTION('',(1.,0.,-0.));
#680 = PCURVE('',#44,#681);
#681 = DEFINITIONAL_REPRESENTATION('',(#682),#686);
#682 = CIRCLE('',#683,1.775);
#683 = AXIS2_PLACEMENT_2D('',#684,#685);
#684 = CARTESIAN_POINT('',(35.45,5.));
#685 = DIRECTION('',(0.,1.));
#686 = ( GEOMETRIC_REPRESENTATION_CONTEXT(2) 
PARAMETRIC_REPRESENTATION_CONTEXT() REPRESENTATION_CONTEXT('2D SPACE',''
  ) );
#687 = PCURVE('',#688,#693);
#688 = CYLINDRICAL_SURFACE('',#689,1.775);
#689 = AXIS2_PLACEMENT_3D('',#690,#691,#692);
#690 = CARTESIAN_POINT('',(-234.35,89.99,30.45));
#691 = DIRECTION('',(0.,1.,2.22044604925E-16));
#692 = DIRECTION('',(1.,0.,-0.));
#693 = DEFINITIONAL_REPRESENTATION('',(#694),#698);
#694 = LINE('',#695,#696);
#695 = CARTESIAN_POINT('',(0.,1.000000000001E-02));
#696 = VECTOR('',#697,1.);
#697 = DIRECTION('',(1.,0.));
#698 = ( GEOMETRIC_REPRESENTATION_CONTEXT(2) 
PARAMETRIC_REPRESENTATION_CONTEXT() REPRESENTATION_CONTEXT('2D SPACE',''
  ) );
#699 = FACE_BOUND('',#700,.F.);
#700 = EDGE_LOOP('',(#701,#729,#755,#781));
#701 = ORIENTED_EDGE('',*,*,#702,.F.);
#702 = EDGE_CURVE('',#703,#705,#707,.T.);
#703 = VERTEX_POINT('',#704);
#704 = CARTESIAN_POINT('',(-201.35,90.,23.));
#705 = VERTEX_POINT('',#706);
#706 = CARTESIAN_POINT('',(-198.35,90.,23.));
#707 = SURFACE_CURVE('',#708,(#712,#718),.PCURVE_S1.);
#708 = LINE('',#709,#710);
#709 = CARTESIAN_POINT('',(-220.35,90.,23.));
#710 = VECTOR('',#711,1.);
#711 = DIRECTION('',(1.,0.,-0.));
#712 = PCURVE('',#44,#713);
#713 = DEFINITIONAL_REPRESENTATION('',(#714),#717);
#714 = B_SPLINE_CURVE_WITH_KNOTS('',1,(#715,#716),.UNSPECIFIED.,.F.,.F.,
  (2,2),(19.,22.),.PIECEWISE_BEZIER_KNOTS.);
#715 = CARTESIAN_POINT('',(28.,38.));
#716 = CARTESIAN_POINT('',(28.,41.));
#717 = ( GEOMETRIC_REPRESENTATION_CONTEXT(2) 
PARAMETRIC_REPRESENTATION_CONTEXT() REPRESENTATION_CONTEXT('2D SPACE',''
  ) );
#718 = PCURVE('',#719,#724);
#719 = PLANE('',#720);
#720 = AXIS2_PLACEMENT_3D('',#721,#722,#723);
#721 = CARTESIAN_POINT('',(-201.35,89.99,23.));
#722 = DIRECTION('',(0.,0.,1.));
#723 = DIRECTION('',(1.,0.,-0.));
#724 = DEFINITIONAL_REPRESENTATION('',(#725),#728);
#725 = B_SPLINE_CURVE_WITH_KNOTS('',1,(#726,#727),.UNSPECIFIED.,.F.,.F.,
  (2,2),(19.,22.),.PIECEWISE_BEZIER_KNOTS.);
#726 = CARTESIAN_POINT('',(0.,1.000000000001E-02));
#727 = CARTESIAN_POINT('',(3.,1.000000000001E-02));
#728 = ( GEOMETRIC_REPRESENTATION_CONTEXT(2) 
PARAMETRIC_REPRESENTATION_CONTEXT() REPRESENTATION_CONTEXT('2D SPACE',''
  ) );
#729 = ORIENTED_EDGE('',*,*,#730,.T.);
#730 = EDGE_CURVE('',#703,#731,#733,.T.);
#731 = VERTEX_POINT('',#732);
#732 = CARTESIAN_POINT('',(-201.35,90.,9.));
#733 = SURFACE_CURVE('',#734,(#738,#744),.PCURVE_S1.);
#734 = LINE('',#735,#736);
#735 = CARTESIAN_POINT('',(-201.35,90.,2.));
#736 = VECTOR('',#737,1.);
#737 = DIRECTION('',(-0.,0.,-1.));
#738 = PCURVE('',#44,#739);
#739 = DEFINITIONAL_REPRESENTATION('',(#740),#743);
#740 = B_SPLINE_CURVE_WITH_KNOTS('',1,(#741,#742),.UNSPECIFIED.,.F.,.F.,
  (2,2),(-21.,-7.),.PIECEWISE_BEZIER_KNOTS.);
#741 = CARTESIAN_POINT('',(28.,38.));
#742 = CARTESIAN_POINT('',(14.,38.));
#743 = ( GEOMETRIC_REPRESENTATION_CONTEXT(2) 
PARAMETRIC_REPRESENTATION_CONTEXT() REPRESENTATION_CONTEXT('2D SPACE',''
  ) );
#744 = PCURVE('',#745,#750);
#745 = PLANE('',#746);
#746 = AXIS2_PLACEMENT_3D('',#747,#748,#749);
#747 = CARTESIAN_POINT('',(-201.35,89.99,9.));
#748 = DIRECTION('',(1.,0.,-0.));
#749 = DIRECTION('',(0.,0.,1.));
#750 = DEFINITIONAL_REPRESENTATION('',(#751),#754);
#751 = B_SPLINE_CURVE_WITH_KNOTS('',1,(#752,#753),.UNSPECIFIED.,.F.,.F.,
  (2,2),(-21.,-7.),.PIECEWISE_BEZIER_KNOTS.);
#752 = CARTESIAN_POINT('',(14.,-1.000000000001E-02));
#753 = CARTESIAN_POINT('',(0.,-1.000000000001E-02));
#754 = ( GEOMETRIC_REPRESENTATION_CONTEXT(2) 
PARAMETRIC_REPRESENTATION_CONTEXT() REPRESENTATION_CONTEXT('2D SPACE',''
  ) );
#755 = ORIENTED_EDGE('',*,*,#756,.T.);
#756 = EDGE_CURVE('',#731,#757,#759,.T.);
#757 = VERTEX_POINT('',#758);
#758 = CARTESIAN_POINT('',(-198.35,90.,9.));
#759 = SURFACE_CURVE('',#760,(#764,#770),.PCURVE_S1.);
#760 = LINE('',#761,#762);
#761 = CARTESIAN_POINT('',(-220.35,90.,9.));
#762 = VECTOR('',#763,1.);
#763 = DIRECTION('',(1.,0.,-0.));
#764 = PCURVE('',#44,#765);
#765 = DEFINITIONAL_REPRESENTATION('',(#766),#769);
#766 = B_SPLINE_CURVE_WITH_KNOTS('',1,(#767,#768),.UNSPECIFIED.,.F.,.F.,
  (2,2),(19.,22.),.PIECEWISE_BEZIER_KNOTS.);
#767 = CARTESIAN_POINT('',(14.,38.));
#768 = CARTESIAN_POINT('',(14.,41.));
#769 = ( GEOMETRIC_REPRESENTATION_CONTEXT(2) 
PARAMETRIC_REPRESENTATION_CONTEXT() REPRESENTATION_CONTEXT('2D SPACE',''
  ) );
#770 = PCURVE('',#771,#776);
#771 = PLANE('',#772);
#772 = AXIS2_PLACEMENT_3D('',#773,#774,#775);
#773 = CARTESIAN_POINT('',(-201.35,89.99,9.));
#774 = DIRECTION('',(0.,0.,1.));
#775 = DIRECTION('',(1.,0.,-0.));
#776 = DEFINITIONAL_REPRESENTATION('',(#777),#780);
#777 = B_SPLINE_CURVE_WITH_KNOTS('',1,(#778,#779),.UNSPECIFIED.,.F.,.F.,
  (2,2),(19.,22.),.PIECEWISE_BEZIER_KNOTS.);
#778 = CARTESIAN_POINT('',(0.,1.000000000001E-02));
#779 = CARTESIAN_POINT('',(3.,1.000000000001E-02));
#780 = ( GEOMETRIC_REPRESENTATION_CONTEXT(2) 
PARAMETRIC_REPRESENTATION_CONTEXT() REPRESENTATION_CONTEXT('2D SPACE',''
  ) );
#781 = ORIENTED_EDGE('',*,*,#782,.F.);
#782 = EDGE_CURVE('',#705,#757,#783,.T.);
#783 = SURFACE_CURVE('',#784,(#788,#794),.PCURVE_S1.);
#784 = LINE('',#785,#786);
#785 = CARTESIAN_POINT('',(-198.35,90.,2.));
#786 = VECTOR('',#787,1.);
#787 = DIRECTION('',(-0.,0.,-1.));
#788 = PCURVE('',#44,#789);
#789 = DEFINITIONAL_REPRESENTATION('',(#790),#793);
#790 = B_SPLINE_CURVE_WITH_KNOTS('',1,(#791,#792),.UNSPECIFIED.,.F.,.F.,
  (2,2),(-21.,-7.),.PIECEWISE_BEZIER_KNOTS.);
#791 = CARTESIAN_POINT('',(28.,41.));
#792 = CARTESIAN_POINT('',(14.,41.));
#793 = ( GEOMETRIC_REPRESENTATION_CONTEXT(2) 
PARAMETRIC_REPRESENTATION_CONTEXT() REPRESENTATION_CONTEXT('2D SPACE',''
  ) );
#794 = PCURVE('',#795,#800);
#795 = PLANE('',#796);
#796 = AXIS2_PLACEMENT_3D('',#797,#798,#799);
#797 = CARTESIAN_POINT('',(-198.35,89.99,9.));
#798 = DIRECTION('',(1.,0.,-0.));
#799 = DIRECTION('',(0.,0.,1.));
#800 = DEFINITIONAL_REPRESENTATION('',(#801),#804);
#801 = B_SPLINE_CURVE_WITH_KNOTS('',1,(#802,#803),.UNSPECIFIED.,.F.,.F.,
  (2,2),(-21.,-7.),.PIECEWISE_BEZIER_KNOTS.);
#802 = CARTESIAN_POINT('',(14.,-1.000000000001E-02));
#803 = CARTESIAN_POINT('',(0.,-1.000000000001E-02));
#804 = ( GEOMETRIC_REPRESENTATION_CONTEXT(2) 
PARAMETRIC_REPRESENTATION_CONTEXT() REPRESENTATION_CONTEXT('2D SPACE',''
  ) );
#805 = FACE_BOUND('',#806,.F.);
#806 = EDGE_LOOP('',(#807,#835,#861,#887));
#807 = ORIENTED_EDGE('',*,*,#808,.F.);
#808 = EDGE_CURVE('',#809,#811,#813,.T.);
#809 = VERTEX_POINT('',#810);
#810 = CARTESIAN_POINT('',(-195.35,90.,23.));
#811 = VERTEX_POINT('',#812);
#812 = CARTESIAN_POINT('',(-192.35,90.,23.));
#813 = SURFACE_CURVE('',#814,(#818,#824),.PCURVE_S1.);
#814 = LINE('',#815,#816);
#815 = CARTESIAN_POINT('',(-217.35,90.,23.));
#816 = VECTOR('',#817,1.);
#817 = DIRECTION('',(1.,0.,-0.));
#818 = PCURVE('',#44,#819);
#819 = DEFINITIONAL_REPRESENTATION('',(#820),#823);
#820 = B_SPLINE_CURVE_WITH_KNOTS('',1,(#821,#822),.UNSPECIFIED.,.F.,.F.,
  (2,2),(22.,25.),.PIECEWISE_BEZIER_KNOTS.);
#821 = CARTESIAN_POINT('',(28.,44.));
#822 = CARTESIAN_POINT('',(28.,47.));
#823 = ( GEOMETRIC_REPRESENTATION_CONTEXT(2) 
PARAMETRIC_REPRESENTATION_CONTEXT() REPRESENTATION_CONTEXT('2D SPACE',''
  ) );
#824 = PCURVE('',#825,#830);
#825 = PLANE('',#826);
#826 = AXIS2_PLACEMENT_3D('',#827,#828,#829);
#827 = CARTESIAN_POINT('',(-195.35,89.99,23.));
#828 = DIRECTION('',(0.,0.,1.));
#829 = DIRECTION('',(1.,0.,-0.));
#830 = DEFINITIONAL_REPRESENTATION('',(#831),#834);
#831 = B_SPLINE_CURVE_WITH_KNOTS('',1,(#832,#833),.UNSPECIFIED.,.F.,.F.,
  (2,2),(22.,25.),.PIECEWISE_BEZIER_KNOTS.);
#832 = CARTESIAN_POINT('',(0.,1.000000000001E-02));
#833 = CARTESIAN_POINT('',(3.,1.000000000001E-02));
#834 = ( GEOMETRIC_REPRESENTATION_CONTEXT(2) 
PARAMETRIC_REPRESENTATION_CONTEXT() REPRESENTATION_CONTEXT('2D SPACE',''
  ) );
#835 = ORIENTED_EDGE('',*,*,#836,.T.);
#836 = EDGE_CURVE('',#809,#837,#839,.T.);
#837 = VERTEX_POINT('',#838);
#838 = CARTESIAN_POINT('',(-195.35,90.,9.));
#839 = SURFACE_CURVE('',#840,(#844,#850),.PCURVE_S1.);
#840 = LINE('',#841,#842);
#841 = CARTESIAN_POINT('',(-195.35,90.,2.));
#842 = VECTOR('',#843,1.);
#843 = DIRECTION('',(-0.,0.,-1.));
#844 = PCURVE('',#44,#845);
#845 = DEFINITIONAL_REPRESENTATION('',(#846),#849);
#846 = B_SPLINE_CURVE_WITH_KNOTS('',1,(#847,#848),.UNSPECIFIED.,.F.,.F.,
  (2,2),(-21.,-7.),.PIECEWISE_BEZIER_KNOTS.);
#847 = CARTESIAN_POINT('',(28.,44.));
#848 = CARTESIAN_POINT('',(14.,44.));
#849 = ( GEOMETRIC_REPRESENTATION_CONTEXT(2) 
PARAMETRIC_REPRESENTATION_CONTEXT() REPRESENTATION_CONTEXT('2D SPACE',''
  ) );
#850 = PCURVE('',#851,#856);
#851 = PLANE('',#852);
#852 = AXIS2_PLACEMENT_3D('',#853,#854,#855);
#853 = CARTESIAN_POINT('',(-195.35,89.99,9.));
#854 = DIRECTION('',(1.,0.,-0.));
#855 = DIRECTION('',(0.,0.,1.));
#856 = DEFINITIONAL_REPRESENTATION('',(#857),#860);
#857 = B_SPLINE_CURVE_WITH_KNOTS('',1,(#858,#859),.UNSPECIFIED.,.F.,.F.,
  (2,2),(-21.,-7.),.PIECEWISE_BEZIER_KNOTS.);
#858 = CARTESIAN_POINT('',(14.,-1.000000000001E-02));
#859 = CARTESIAN_POINT('',(0.,-1.000000000001E-02));
#860 = ( GEOMETRIC_REPRESENTATION_CONTEXT(2) 
PARAMETRIC_REPRESENTATION_CONTEXT() REPRESENTATION_CONTEXT('2D SPACE',''
  ) );
#861 = ORIENTED_EDGE('',*,*,#862,.T.);
#862 = EDGE_CURVE('',#837,#863,#865,.T.);
#863 = VERTEX_POINT('',#864);
#864 = CARTESIAN_POINT('',(-192.35,90.,9.));
#865 = SURFACE_CURVE('',#866,(#870,#876),.PCURVE_S1.);
#866 = LINE('',#867,#868);
#867 = CARTESIAN_POINT('',(-217.35,90.,9.));
#868 = VECTOR('',#869,1.);
#869 = DIRECTION('',(1.,0.,-0.));
#870 = PCURVE('',#44,#871);
#871 = DEFINITIONAL_REPRESENTATION('',(#872),#875);
#872 = B_SPLINE_CURVE_WITH_KNOTS('',1,(#873,#874),.UNSPECIFIED.,.F.,.F.,
  (2,2),(22.,25.),.PIECEWISE_BEZIER_KNOTS.);
#873 = CARTESIAN_POINT('',(14.,44.));
#874 = CARTESIAN_POINT('',(14.,47.));
#875 = ( GEOMETRIC_REPRESENTATION_CONTEXT(2) 
PARAMETRIC_REPRESENTATION_CONTEXT() REPRESENTATION_CONTEXT('2D SPACE',''
  ) );
#876 = PCURVE('',#877,#882);
#877 = PLANE('',#878);
#878 = AXIS2_PLACEMENT_3D('',#879,#880,#881);
#879 = CARTESIAN_POINT('',(-195.35,89.99,9.));
#880 = DIRECTION('',(0.,0.,1.));
#881 = DIRECTION('',(1.,0.,-0.));
#882 = DEFINITIONAL_REPRESENTATION('',(#883),#886);
#883 = B_SPLINE_CURVE_WITH_KNOTS('',1,(#884,#885),.UNSPECIFIED.,.F.,.F.,
  (2,2),(22.,25.),.PIECEWISE_BEZIER_KNOTS.);
#884 = CARTESIAN_POINT('',(0.,1.000000000001E-02));
#885 = CARTESIAN_POINT('',(3.,1.000000000001E-02));
#886 = ( GEOMETRIC_REPRESENTATION_CONTEXT(2) 
PARAMETRIC_REPRESENTATION_CONTEXT() REPRESENTATION_CONTEXT('2D SPACE',''
  ) );
#887 = ORIENTED_EDGE('',*,*,#888,.F.);
#888 = EDGE_CURVE('',#811,#863,#889,.T.);
#889 = SURFACE_CURVE('',#890,(#894,#900),.PCURVE_S1.);
#890 = LINE('',#891,#892);
#891 = CARTESIAN_POINT('',(-192.35,90.,2.));
#892 = VECTOR('',#893,1.);
#893 = DIRECTION('',(-0.,0.,-1.));
#894 = PCURVE('',#44,#895);
#895 = DEFINITIONAL_REPRESENTATION('',(#896),#899);
#896 = B_SPLINE_CURVE_WITH_KNOTS('',1,(#897,#898),.UNSPECIFIED.,.F.,.F.,
  (2,2),(-21.,-7.),.PIECEWISE_BEZIER_KNOTS.);
#897 = CARTESIAN_POINT('',(28.,47.));
#898 = CARTESIAN_POINT('',(14.,47.));
#899 = ( GEOMETRIC_REPRESENTATION_CONTEXT(2) 
PARAMETRIC_REPRESENTATION_CONTEXT() REPRESENTATION_CONTEXT('2D SPACE',''
  ) );
#900 = PCURVE('',#901,#906);
#901 = PLANE('',#902);
#902 = AXIS2_PLACEMENT_3D('',#903,#904,#905);
#903 = CARTESIAN_POINT('',(-192.35,89.99,9.));
#904 = DIRECTION('',(1.,0.,-0.));
#905 = DIRECTION('',(0.,0.,1.));
#906 = DEFINITIONAL_REPRESENTATION('',(#907),#910);
#907 = B_SPLINE_CURVE_WITH_KNOTS('',1,(#908,#909),.UNSPECIFIED.,.F.,.F.,
  (2,2),(-21.,-7.),.PIECEWISE_BEZIER_KNOTS.);
#908 = CARTESIAN_POINT('',(14.,-1.000000000001E-02));
#909 = CARTESIAN_POINT('',(0.,-1.000000000001E-02));
#910 = ( GEOMETRIC_REPRESENTATION_CONTEXT(2) 
PARAMETRIC_REPRESENTATION_CONTEXT() REPRESENTATION_CONTEXT('2D SPACE',''
  ) );
#911 = FACE_BOUND('',#912,.F.);
#912 = EDGE_LOOP('',(#913,#941,#967,#993));
#913 = ORIENTED_EDGE('',*,*,#914,.F.);
#914 = EDGE_CURVE('',#915,#917,#919,.T.);
#915 = VERTEX_POINT('',#916);
#916 = CARTESIAN_POINT('',(-189.35,90.,23.));
#917 = VERTEX_POINT('',#918);
#918 = CARTESIAN_POINT('',(-186.35,90.,23.));
#919 = SURFACE_CURVE('',#920,(#924,#930),.PCURVE_S1.);
#920 = LINE('',#921,#922);
#921 = CARTESIAN_POINT('',(-214.35,90.,23.));
#922 = VECTOR('',#923,1.);
#923 = DIRECTION('',(1.,0.,-0.));
#924 = PCURVE('',#44,#925);
#925 = DEFINITIONAL_REPRESENTATION('',(#926),#929);
#926 = B_SPLINE_CURVE_WITH_KNOTS('',1,(#927,#928),.UNSPECIFIED.,.F.,.F.,
  (2,2),(25.,28.),.PIECEWISE_BEZIER_KNOTS.);
#927 = CARTESIAN_POINT('',(28.,50.));
#928 = CARTESIAN_POINT('',(28.,53.));
#929 = ( GEOMETRIC_REPRESENTATION_CONTEXT(2) 
PARAMETRIC_REPRESENTATION_CONTEXT() REPRESENTATION_CONTEXT('2D SPACE',''
  ) );
#930 = PCURVE('',#931,#936);
#931 = PLANE('',#932);
#932 = AXIS2_PLACEMENT_3D('',#933,#934,#935);
#933 = CARTESIAN_POINT('',(-189.35,89.99,23.));
#934 = DIRECTION('',(0.,0.,1.));
#935 = DIRECTION('',(1.,0.,-0.));
#936 = DEFINITIONAL_REPRESENTATION('',(#937),#940);
#937 = B_SPLINE_CURVE_WITH_KNOTS('',1,(#938,#939),.UNSPECIFIED.,.F.,.F.,
  (2,2),(25.,28.),.PIECEWISE_BEZIER_KNOTS.);
#938 = CARTESIAN_POINT('',(0.,1.000000000001E-02));
#939 = CARTESIAN_POINT('',(3.,1.000000000001E-02));
#940 = ( GEOMETRIC_REPRESENTATION_CONTEXT(2) 
PARAMETRIC_REPRESENTATION_CONTEXT() REPRESENTATION_CONTEXT('2D SPACE',''
  ) );
#941 = ORIENTED_EDGE('',*,*,#942,.T.);
#942 = EDGE_CURVE('',#915,#943,#945,.T.);
#943 = VERTEX_POINT('',#944);
#944 = CARTESIAN_POINT('',(-189.35,90.,9.));
#945 = SURFACE_CURVE('',#946,(#950,#956),.PCURVE_S1.);
#946 = LINE('',#947,#948);
#947 = CARTESIAN_POINT('',(-189.35,90.,2.));
#948 = VECTOR('',#949,1.);
#949 = DIRECTION('',(-0.,0.,-1.));
#950 = PCURVE('',#44,#951);
#951 = DEFINITIONAL_REPRESENTATION('',(#952),#955);
#952 = B_SPLINE_CURVE_WITH_KNOTS('',1,(#953,#954),.UNSPECIFIED.,.F.,.F.,
  (2,2),(-21.,-7.),.PIECEWISE_BEZIER_KNOTS.);
#953 = CARTESIAN_POINT('',(28.,50.));
#954 = CARTESIAN_POINT('',(14.,50.));
#955 = ( GEOMETRIC_REPRESENTATION_CONTEXT(2) 
PARAMETRIC_REPRESENTATION_CONTEXT() REPRESENTATION_CONTEXT('2D SPACE',''
  ) );
#956 = PCURVE('',#957,#962);
#957 = PLANE('',#958);
#958 = AXIS2_PLACEMENT_3D('',#959,#960,#961);
#959 = CARTESIAN_POINT('',(-189.35,89.99,9.));
#960 = DIRECTION('',(1.,0.,-0.));
#961 = DIRECTION('',(0.,0.,1.));
#962 = DEFINITIONAL_REPRESENTATION('',(#963),#966);
#963 = B_SPLINE_CURVE_WITH_KNOTS('',1,(#964,#965),.UNSPECIFIED.,.F.,.F.,
  (2,2),(-21.,-7.),.PIECEWISE_BEZIER_KNOTS.);
#964 = CARTESIAN_POINT('',(14.,-1.000000000001E-02));
#965 = CARTESIAN_POINT('',(0.,-1.000000000001E-02));
#966 = ( GEOMETRIC_REPRESENTATION_CONTEXT(2) 
PARAMETRIC_REPRESENTATION_CONTEXT() REPRESENTATION_CONTEXT('2D SPACE',''
  ) );
#967 = ORIENTED_EDGE('',*,*,#968,.T.);
#968 = EDGE_CURVE('',#943,#969,#971,.T.);
#969 = VERTEX_POINT('',#970);
#970 = CARTESIAN_POINT('',(-186.35,90.,9.));
#971 = SURFACE_CURVE('',#972,(#976,#982),.PCURVE_S1.);
#972 = LINE('',#973,#974);
#973 = CARTESIAN_POINT('',(-214.35,90.,9.));
#974 = VECTOR('',#975,1.);
#975 = DIRECTION('',(1.,0.,-0.));
#976 = PCURVE('',#44,#977);
#977 = DEFINITIONAL_REPRESENTATION('',(#978),#981);
#978 = B_SPLINE_CURVE_WITH_KNOTS('',1,(#979,#980),.UNSPECIFIED.,.F.,.F.,
  (2,2),(25.,28.),.PIECEWISE_BEZIER_KNOTS.);
#979 = CARTESIAN_POINT('',(14.,50.));
#980 = CARTESIAN_POINT('',(14.,53.));
#981 = ( GEOMETRIC_REPRESENTATION_CONTEXT(2) 
PARAMETRIC_REPRESENTATION_CONTEXT() REPRESENTATION_CONTEXT('2D SPACE',''
  ) );
#982 = PCURVE('',#983,#988);
#983 = PLANE('',#984);
#984 = AXIS2_PLACEMENT_3D('',#985,#986,#987);
#985 = CARTESIAN_POINT('',(-189.35,89.99,9.));
#986 = DIRECTION('',(0.,0.,1.));
#987 = DIRECTION('',(1.,0.,-0.));
#988 = DEFINITIONAL_REPRESENTATION('',(#989),#992);
#989 = B_SPLINE_CURVE_WITH_KNOTS('',1,(#990,#991),.UNSPECIFIED.,.F.,.F.,
  (2,2),(25.,28.),.PIECEWISE_BEZIER_KNOTS.);
#990 = CARTESIAN_POINT('',(0.,1.000000000001E-02));
#991 = CARTESIAN_POINT('',(3.,1.000000000001E-02));
#992 = ( GEOMETRIC_REPRESENTATION_CONTEXT(2) 
PARAMETRIC_REPRESENTATION_CONTEXT() REPRESENTATION_CONTEXT('2D SPACE',''
  ) );
#993 = ORIENTED_EDGE('',*,*,#994,.F.);
#994 = EDGE_CURVE('',#917,#969,#995,.T.);
#995 = SURFACE_CURVE('',#996,(#1000,#1006),.PCURVE_S1.);
#996 = LINE('',#997,#998);
#997 = CARTESIAN_POINT('',(-186.35,90.,2.));
#998 = VECTOR('',#999,1.);
#999 = DIRECTION('',(-0.,0.,-1.));
#1000 = PCURVE('',#44,#1001);
#1001 = DEFINITIONAL_REPRESENTATION('',(#1002),#1005);
#1002 = B_SPLINE_CURVE_WITH_KNOTS('',1,(#1003,#1004),.UNSPECIFIED.,.F.,
  .F.,(2,2),(-21.,-7.),.PIECEWISE_BEZIER_KNOTS.);
#1003 = CARTESIAN_POINT('',(28.,53.));
#1004 = CARTESIAN_POINT('',(14.,53.));
#1005 = ( GEOMETRIC_REPRESENTATION_CONTEXT(2) 
PARAMETRIC_REPRESENTATION_CONTEXT() REPRESENTATION_CONTEXT('2D SPACE',''
  ) );
#1006 = PCURVE('',#1007,#1012);
#1007 = PLANE('',#1008);
#1008 = AXIS2_PLACEMENT_3D('',#1009,#1010,#1011);
#1009 = CARTESIAN_POINT('',(-186.35,89.99,9.));
#1010 = DIRECTION('',(1.,0.,-0.));
#1011 = DIRECTION('',(0.,0.,1.));
#1012 = DEFINITIONAL_REPRESENTATION('',(#1013),#1016);
#1013 = B_SPLINE_CURVE_WITH_KNOTS('',1,(#1014,#1015),.UNSPECIFIED.,.F.,
  .F.,(2,2),(-21.,-7.),.PIECEWISE_BEZIER_KNOTS.);
#1014 = CARTESIAN_POINT('',(14.,-1.000000000001E-02));
#1015 = CARTESIAN_POINT('',(0.,-1.000000000001E-02));
#1016 = ( GEOMETRIC_REPRESENTATION_CONTEXT(2) 
PARAMETRIC_REPRESENTATION_CONTEXT() REPRESENTATION_CONTEXT('2D SPACE',''
  ) );
#1017 = FACE_BOUND('',#1018,.F.);
#1018 = EDGE_LOOP('',(#1019,#1047,#1073,#1099));
#1019 = ORIENTED_EDGE('',*,*,#1020,.F.);
#1020 = EDGE_CURVE('',#1021,#1023,#1025,.T.);
#1021 = VERTEX_POINT('',#1022);
#1022 = CARTESIAN_POINT('',(-183.35,90.,23.));
#1023 = VERTEX_POINT('',#1024);
#1024 = CARTESIAN_POINT('',(-180.35,90.,23.));
#1025 = SURFACE_CURVE('',#1026,(#1030,#1036),.PCURVE_S1.);
#1026 = LINE('',#1027,#1028);
#1027 = CARTESIAN_POINT('',(-211.35,90.,23.));
#1028 = VECTOR('',#1029,1.);
#1029 = DIRECTION('',(1.,0.,-0.));
#1030 = PCURVE('',#44,#1031);
#1031 = DEFINITIONAL_REPRESENTATION('',(#1032),#1035);
#1032 = B_SPLINE_CURVE_WITH_KNOTS('',1,(#1033,#1034),.UNSPECIFIED.,.F.,
  .F.,(2,2),(28.,31.),.PIECEWISE_BEZIER_KNOTS.);
#1033 = CARTESIAN_POINT('',(28.,56.));
#1034 = CARTESIAN_POINT('',(28.,59.));
#1035 = ( GEOMETRIC_REPRESENTATION_CONTEXT(2) 
PARAMETRIC_REPRESENTATION_CONTEXT() REPRESENTATION_CONTEXT('2D SPACE',''
  ) );
#1036 = PCURVE('',#1037,#1042);
#1037 = PLANE('',#1038);
#1038 = AXIS2_PLACEMENT_3D('',#1039,#1040,#1041);
#1039 = CARTESIAN_POINT('',(-183.35,89.99,23.));
#1040 = DIRECTION('',(0.,0.,1.));
#1041 = DIRECTION('',(1.,0.,-0.));
#1042 = DEFINITIONAL_REPRESENTATION('',(#1043),#1046);
#1043 = B_SPLINE_CURVE_WITH_KNOTS('',1,(#1044,#1045),.UNSPECIFIED.,.F.,
  .F.,(2,2),(28.,31.),.PIECEWISE_BEZIER_KNOTS.);
#1044 = CARTESIAN_POINT('',(0.,1.000000000001E-02));
#1045 = CARTESIAN_POINT('',(3.,1.000000000001E-02));
#1046 = ( GEOMETRIC_REPRESENTATION_CONTEXT(2) 
PARAMETRIC_REPRESENTATION_CONTEXT() REPRESENTATION_CONTEXT('2D SPACE',''
  ) );
#1047 = ORIENTED_EDGE('',*,*,#1048,.T.);
#1048 = EDGE_CURVE('',#1021,#1049,#1051,.T.);
#1049 = VERTEX_POINT('',#1050);
#1050 = CARTESIAN_POINT('',(-183.35,90.,9.));
#1051 = SURFACE_CURVE('',#1052,(#1056,#1062),.PCURVE_S1.);
#1052 = LINE('',#1053,#1054);
#1053 = CARTESIAN_POINT('',(-183.35,90.,2.));
#1054 = VECTOR('',#1055,1.);
#1055 = DIRECTION('',(-0.,0.,-1.));
#1056 = PCURVE('',#44,#1057);
#1057 = DEFINITIONAL_REPRESENTATION('',(#1058),#1061);
#1058 = B_SPLINE_CURVE_WITH_KNOTS('',1,(#1059,#1060),.UNSPECIFIED.,.F.,
  .F.,(2,2),(-21.,-7.),.PIECEWISE_BEZIER_KNOTS.);
#1059 = CARTESIAN_POINT('',(28.,56.));
#1060 = CARTESIAN_POINT('',(14.,56.));
#1061 = ( GEOMETRIC_REPRESENTATION_CONTEXT(2) 
PARAMETRIC_REPRESENTATION_CONTEXT() REPRESENTATION_CONTEXT('2D SPACE',''
  ) );
#1062 = PCURVE('',#1063,#1068);
#1063 = PLANE('',#1064);
#1064 = AXIS2_PLACEMENT_3D('',#1065,#1066,#1067);
#1065 = CARTESIAN_POINT('',(-183.35,89.99,9.));
#1066 = DIRECTION('',(1.,0.,-0.));
#1067 = DIRECTION('',(0.,0.,1.));
#1068 = DEFINITIONAL_REPRESENTATION('',(#1069),#1072);
#1069 = B_SPLINE_CURVE_WITH_KNOTS('',1,(#1070,#1071),.UNSPECIFIED.,.F.,
  .F.,(2,2),(-21.,-7.),.PIECEWISE_BEZIER_KNOTS.);
#1070 = CARTESIAN_POINT('',(14.,-1.000000000001E-02));
#1071 = CARTESIAN_POINT('',(0.,-1.000000000001E-02));
#1072 = ( GEOMETRIC_REPRESENTATION_CONTEXT(2) 
PARAMETRIC_REPRESENTATION_CONTEXT() REPRESENTATION_CONTEXT('2D SPACE',''
  ) );
#1073 = ORIENTED_EDGE('',*,*,#1074,.T.);
#1074 = EDGE_CURVE('',#1049,#1075,#1077,.T.);
#1075 = VERTEX_POINT('',#1076);
#1076 = CARTESIAN_POINT('',(-180.35,90.,9.));
#1077 = SURFACE_CURVE('',#1078,(#1082,#1088),.PCURVE_S1.);
#1078 = LINE('',#1079,#1080);
#1079 = CARTESIAN_POINT('',(-211.35,90.,9.));
#1080 = VECTOR('',#1081,1.);
#1081 = DIRECTION('',(1.,0.,-0.));
#1082 = PCURVE('',#44,#1083);
#1083 = DEFINITIONAL_REPRESENTATION('',(#1084),#1087);
#1084 = B_SPLINE_CURVE_WITH_KNOTS('',1,(#1085,#1086),.UNSPECIFIED.,.F.,
  .F.,(2,2),(28.,31.),.PIECEWISE_BEZIER_KNOTS.);
#1085 = CARTESIAN_POINT('',(14.,56.));
#1086 = CARTESIAN_POINT('',(14.,59.));
#1087 = ( GEOMETRIC_REPRESENTATION_CONTEXT(2) 
PARAMETRIC_REPRESENTATION_CONTEXT() REPRESENTATION_CONTEXT('2D SPACE',''
  ) );
#1088 = PCURVE('',#1089,#1094);
#1089 = PLANE('',#1090);
#1090 = AXIS2_PLACEMENT_3D('',#1091,#1092,#1093);
#1091 = CARTESIAN_POINT('',(-183.35,89.99,9.));
#1092 = DIRECTION('',(0.,0.,1.));
#1093 = DIRECTION('',(1.,0.,-0.));
#1094 = DEFINITIONAL_REPRESENTATION('',(#1095),#1098);
#1095 = B_SPLINE_CURVE_WITH_KNOTS('',1,(#1096,#1097),.UNSPECIFIED.,.F.,
  .F.,(2,2),(28.,31.),.PIECEWISE_BEZIER_KNOTS.);
#1096 = CARTESIAN_POINT('',(0.,1.000000000001E-02));
#1097 = CARTESIAN_POINT('',(3.,1.000000000001E-02));
#1098 = ( GEOMETRIC_REPRESENTATION_CONTEXT(2) 
PARAMETRIC_REPRESENTATION_CONTEXT() REPRESENTATION_CONTEXT('2D SPACE',''
  ) );
#1099 = ORIENTED_EDGE('',*,*,#1100,.F.);
#1100 = EDGE_CURVE('',#1023,#1075,#1101,.T.);
#1101 = SURFACE_CURVE('',#1102,(#1106,#1112),.PCURVE_S1.);
#1102 = LINE('',#1103,#1104);
#1103 = CARTESIAN_POINT('',(-180.35,90.,2.));
#1104 = VECTOR('',#1105,1.);
#1105 = DIRECTION('',(-0.,0.,-1.));
#1106 = PCURVE('',#44,#1107);
#1107 = DEFINITIONAL_REPRESENTATION('',(#1108),#1111);
#1108 = B_SPLINE_CURVE_WITH_KNOTS('',1,(#1109,#1110),.UNSPECIFIED.,.F.,
  .F.,(2,2),(-21.,-7.),.PIECEWISE_BEZIER_KNOTS.);
#1109 = CARTESIAN_POINT('',(28.,59.));
#1110 = CARTESIAN_POINT('',(14.,59.));
#1111 = ( GEOMETRIC_REPRESENTATION_CONTEXT(2) 
PARAMETRIC_REPRESENTATION_CONTEXT() REPRESENTATION_CONTEXT('2D SPACE',''
  ) );
#1112 = PCURVE('',#1113,#1118);
#1113 = PLANE('',#1114);
#1114 = AXIS2_PLACEMENT_3D('',#1115,#1116,#1117);
#1115 = CARTESIAN_POINT('',(-180.35,89.99,9.));
#1116 = DIRECTION('',(1.,0.,-0.));
#1117 = DIRECTION('',(0.,0.,1.));
#1118 = DEFINITIONAL_REPRESENTATION('',(#1119),#1122);
#1119 = B_SPLINE_CURVE_WITH_KNOTS('',1,(#1120,#1121),.UNSPECIFIED.,.F.,
  .F.,(2,2),(-21.,-7.),.PIECEWISE_BEZIER_KNOTS.);
#1120 = CARTESIAN_POINT('',(14.,-1.000000000001E-02));
#1121 = CARTESIAN_POINT('',(0.,-1.000000000001E-02));
#1122 = ( GEOMETRIC_REPRESENTATION_CONTEXT(2) 
PARAMETRIC_REPRESENTATION_CONTEXT() REPRESENTATION_CONTEXT('2D SPACE',''
  ) );
#1123 = FACE_BOUND('',#1124,.F.);
#1124 = EDGE_LOOP('',(#1125,#1153,#1179,#1205));
#1125 = ORIENTED_EDGE('',*,*,#1126,.F.);
#1126 = EDGE_CURVE('',#1127,#1129,#1131,.T.);
#1127 = VERTEX_POINT('',#1128);
#1128 = CARTESIAN_POINT('',(-177.35,90.,23.));
#1129 = VERTEX_POINT('',#1130);
#1130 = CARTESIAN_POINT('',(-174.35,90.,23.));
#1131 = SURFACE_CURVE('',#1132,(#1136,#1142),.PCURVE_S1.);
#1132 = LINE('',#1133,#1134);
#1133 = CARTESIAN_POINT('',(-208.35,90.,23.));
#1134 = VECTOR('',#1135,1.);
#1135 = DIRECTION('',(1.,0.,-0.));
#1136 = PCURVE('',#44,#1137);
#1137 = DEFINITIONAL_REPRESENTATION('',(#1138),#1141);
#1138 = B_SPLINE_CURVE_WITH_KNOTS('',1,(#1139,#1140),.UNSPECIFIED.,.F.,
  .F.,(2,2),(31.,34.),.PIECEWISE_BEZIER_KNOTS.);
#1139 = CARTESIAN_POINT('',(28.,62.));
#1140 = CARTESIAN_POINT('',(28.,65.));
#1141 = ( GEOMETRIC_REPRESENTATION_CONTEXT(2) 
PARAMETRIC_REPRESENTATION_CONTEXT() REPRESENTATION_CONTEXT('2D SPACE',''
  ) );
#1142 = PCURVE('',#1143,#1148);
#1143 = PLANE('',#1144);
#1144 = AXIS2_PLACEMENT_3D('',#1145,#1146,#1147);
#1145 = CARTESIAN_POINT('',(-177.35,89.99,23.));
#1146 = DIRECTION('',(0.,0.,1.));
#1147 = DIRECTION('',(1.,0.,-0.));
#1148 = DEFINITIONAL_REPRESENTATION('',(#1149),#1152);
#1149 = B_SPLINE_CURVE_WITH_KNOTS('',1,(#1150,#1151),.UNSPECIFIED.,.F.,
  .F.,(2,2),(31.,34.),.PIECEWISE_BEZIER_KNOTS.);
#1150 = CARTESIAN_POINT('',(0.,1.000000000001E-02));
#1151 = CARTESIAN_POINT('',(3.,1.000000000001E-02));
#1152 = ( GEOMETRIC_REPRESENTATION_CONTEXT(2) 
PARAMETRIC_REPRESENTATION_CONTEXT() REPRESENTATION_CONTEXT('2D SPACE',''
  ) );
#1153 = ORIENTED_EDGE('',*,*,#1154,.T.);
#1154 = EDGE_CURVE('',#1127,#1155,#1157,.T.);
#1155 = VERTEX_POINT('',#1156);
#1156 = CARTESIAN_POINT('',(-177.35,90.,9.));
#1157 = SURFACE_CURVE('',#1158,(#1162,#1168),.PCURVE_S1.);
#1158 = LINE('',#1159,#1160);
#1159 = CARTESIAN_POINT('',(-177.35,90.,2.));
#1160 = VECTOR('',#1161,1.);
#1161 = DIRECTION('',(-0.,0.,-1.));
#1162 = PCURVE('',#44,#1163);
#1163 = DEFINITIONAL_REPRESENTATION('',(#1164),#1167);
#1164 = B_SPLINE_CURVE_WITH_KNOTS('',1,(#1165,#1166),.UNSPECIFIED.,.F.,
  .F.,(2,2),(-21.,-7.),.PIECEWISE_BEZIER_KNOTS.);
#1165 = CARTESIAN_POINT('',(28.,62.));
#1166 = CARTESIAN_POINT('',(14.,62.));
#1167 = ( GEOMETRIC_REPRESENTATION_CONTEXT(2) 
PARAMETRIC_REPRESENTATION_CONTEXT() REPRESENTATION_CONTEXT('2D SPACE',''
  ) );
#1168 = PCURVE('',#1169,#1174);
#1169 = PLANE('',#1170);
#1170 = AXIS2_PLACEMENT_3D('',#1171,#1172,#1173);
#1171 = CARTESIAN_POINT('',(-177.35,89.99,9.));
#1172 = DIRECTION('',(1.,0.,-0.));
#1173 = DIRECTION('',(0.,0.,1.));
#1174 = DEFINITIONAL_REPRESENTATION('',(#1175),#1178);
#1175 = B_SPLINE_CURVE_WITH_KNOTS('',1,(#1176,#1177),.UNSPECIFIED.,.F.,
  .F.,(2,2),(-21.,-7.),.PIECEWISE_BEZIER_KNOTS.);
#1176 = CARTESIAN_POINT('',(14.,-1.000000000001E-02));
#1177 = CARTESIAN_POINT('',(0.,-1.000000000001E-02));
#1178 = ( GEOMETRIC_REPRESENTATION_CONTEXT(2) 
PARAMETRIC_REPRESENTATION_CONTEXT() REPRESENTATION_CONTEXT('2D SPACE',''
  ) );
#1179 = ORIENTED_EDGE('',*,*,#1180,.T.);
#1180 = EDGE_CURVE('',#1155,#1181,#1183,.T.);
#1181 = VERTEX_POINT('',#1182);
#1182 = CARTESIAN_POINT('',(-174.35,90.,9.));
#1183 = SURFACE_CURVE('',#1184,(#1188,#1194),.PCURVE_S1.);
#1184 = LINE('',#1185,#1186);
#1185 = CARTESIAN_POINT('',(-208.35,90.,9.));
#1186 = VECTOR('',#1187,1.);
#1187 = DIRECTION('',(1.,0.,-0.));
#1188 = PCURVE('',#44,#1189);
#1189 = DEFINITIONAL_REPRESENTATION('',(#1190),#1193);
#1190 = B_SPLINE_CURVE_WITH_KNOTS('',1,(#1191,#1192),.UNSPECIFIED.,.F.,
  .F.,(2,2),(31.,34.),.PIECEWISE_BEZIER_KNOTS.);
#1191 = CARTESIAN_POINT('',(14.,62.));
#1192 = CARTESIAN_POINT('',(14.,65.));
#1193 = ( GEOMETRIC_REPRESENTATION_CONTEXT(2) 
PARAMETRIC_REPRESENTATION_CONTEXT() REPRESENTATION_CONTEXT('2D SPACE',''
  ) );
#1194 = PCURVE('',#1195,#1200);
#1195 = PLANE('',#1196);
#1196 = AXIS2_PLACEMENT_3D('',#1197,#1198,#1199);
#1197 = CARTESIAN_POINT('',(-177.35,89.99,9.));
#1198 = DIRECTION('',(0.,0.,1.));
#1199 = DIRECTION('',(1.,0.,-0.));
#1200 = DEFINITIONAL_REPRESENTATION('',(#1201),#1204);
#1201 = B_SPLINE_CURVE_WITH_KNOTS('',1,(#1202,#1203),.UNSPECIFIED.,.F.,
  .F.,(2,2),(31.,34.),.PIECEWISE_BEZIER_KNOTS.);
#1202 = CARTESIAN_POINT('',(0.,1.000000000001E-02));
#1203 = CARTESIAN_POINT('',(3.,1.000000000001E-02));
#1204 = ( GEOMETRIC_REPRESENTATION_CONTEXT(2) 
PARAMETRIC_REPRESENTATION_CONTEXT() REPRESENTATION_CONTEXT('2D SPACE',''
  ) );
#1205 = ORIENTED_EDGE('',*,*,#1206,.F.);
#1206 = EDGE_CURVE('',#1129,#1181,#1207,.T.);
#1207 = SURFACE_CURVE('',#1208,(#1212,#1218),.PCURVE_S1.);
#1208 = LINE('',#1209,#1210);
#1209 = CARTESIAN_POINT('',(-174.35,90.,2.));
#1210 = VECTOR('',#1211,1.);
#1211 = DIRECTION('',(-0.,0.,-1.));
#1212 = PCURVE('',#44,#1213);
#1213 = DEFINITIONAL_REPRESENTATION('',(#1214),#1217);
#1214 = B_SPLINE_CURVE_WITH_KNOTS('',1,(#1215,#1216),.UNSPECIFIED.,.F.,
  .F.,(2,2),(-21.,-7.),.PIECEWISE_BEZIER_KNOTS.);
#1215 = CARTESIAN_POINT('',(28.,65.));
#1216 = CARTESIAN_POINT('',(14.,65.));
#1217 = ( GEOMETRIC_REPRESENTATION_CONTEXT(2) 
PARAMETRIC_REPRESENTATION_CONTEXT() REPRESENTATION_CONTEXT('2D SPACE',''
  ) );
#1218 = PCURVE('',#1219,#1224);
#1219 = PLANE('',#1220);
#1220 = AXIS2_PLACEMENT_3D('',#1221,#1222,#1223);
#1221 = CARTESIAN_POINT('',(-174.35,89.99,9.));
#1222 = DIRECTION('',(1.,0.,-0.));
#1223 = DIRECTION('',(0.,0.,1.));
#1224 = DEFINITIONAL_REPRESENTATION('',(#1225),#1228);
#1225 = B_SPLINE_CURVE_WITH_KNOTS('',1,(#1226,#1227),.UNSPECIFIED.,.F.,
  .F.,(2,2),(-21.,-7.),.PIECEWISE_BEZIER_KNOTS.);
#1226 = CARTESIAN_POINT('',(14.,-1.000000000001E-02));
#1227 = CARTESIAN_POINT('',(0.,-1.000000000001E-02));
#1228 = ( GEOMETRIC_REPRESENTATION_CONTEXT(2) 
PARAMETRIC_REPRESENTATION_CONTEXT() REPRESENTATION_CONTEXT('2D SPACE',''
  ) );
#1229 = FACE_BOUND('',#1230,.F.);
#1230 = EDGE_LOOP('',(#1231,#1259,#1285,#1311));
#1231 = ORIENTED_EDGE('',*,*,#1232,.F.);
#1232 = EDGE_CURVE('',#1233,#1235,#1237,.T.);
#1233 = VERTEX_POINT('',#1234);
#1234 = CARTESIAN_POINT('',(-171.35,90.,23.));
#1235 = VERTEX_POINT('',#1236);
#1236 = CARTESIAN_POINT('',(-168.35,90.,23.));
#1237 = SURFACE_CURVE('',#1238,(#1242,#1248),.PCURVE_S1.);
#1238 = LINE('',#1239,#1240);
#1239 = CARTESIAN_POINT('',(-205.35,90.,23.));
#1240 = VECTOR('',#1241,1.);
#1241 = DIRECTION('',(1.,0.,-0.));
#1242 = PCURVE('',#44,#1243);
#1243 = DEFINITIONAL_REPRESENTATION('',(#1244),#1247);
#1244 = B_SPLINE_CURVE_WITH_KNOTS('',1,(#1245,#1246),.UNSPECIFIED.,.F.,
  .F.,(2,2),(34.,37.),.PIECEWISE_BEZIER_KNOTS.);
#1245 = CARTESIAN_POINT('',(28.,68.));
#1246 = CARTESIAN_POINT('',(28.,71.));
#1247 = ( GEOMETRIC_REPRESENTATION_CONTEXT(2) 
PARAMETRIC_REPRESENTATION_CONTEXT() REPRESENTATION_CONTEXT('2D SPACE',''
  ) );
#1248 = PCURVE('',#1249,#1254);
#1249 = PLANE('',#1250);
#1250 = AXIS2_PLACEMENT_3D('',#1251,#1252,#1253);
#1251 = CARTESIAN_POINT('',(-171.35,89.99,23.));
#1252 = DIRECTION('',(0.,0.,1.));
#1253 = DIRECTION('',(1.,0.,-0.));
#1254 = DEFINITIONAL_REPRESENTATION('',(#1255),#1258);
#1255 = B_SPLINE_CURVE_WITH_KNOTS('',1,(#1256,#1257),.UNSPECIFIED.,.F.,
  .F.,(2,2),(34.,37.),.PIECEWISE_BEZIER_KNOTS.);
#1256 = CARTESIAN_POINT('',(0.,1.000000000001E-02));
#1257 = CARTESIAN_POINT('',(3.,1.000000000001E-02));
#1258 = ( GEOMETRIC_REPRESENTATION_CONTEXT(2) 
PARAMETRIC_REPRESENTATION_CONTEXT() REPRESENTATION_CONTEXT('2D SPACE',''
  ) );
#1259 = ORIENTED_EDGE('',*,*,#1260,.T.);
#1260 = EDGE_CURVE('',#1233,#1261,#1263,.T.);
#1261 = VERTEX_POINT('',#1262);
#1262 = CARTESIAN_POINT('',(-171.35,90.,9.));
#1263 = SURFACE_CURVE('',#1264,(#1268,#1274),.PCURVE_S1.);
#1264 = LINE('',#1265,#1266);
#1265 = CARTESIAN_POINT('',(-171.35,90.,2.));
#1266 = VECTOR('',#1267,1.);
#1267 = DIRECTION('',(-0.,0.,-1.));
#1268 = PCURVE('',#44,#1269);
#1269 = DEFINITIONAL_REPRESENTATION('',(#1270),#1273);
#1270 = B_SPLINE_CURVE_WITH_KNOTS('',1,(#1271,#1272),.UNSPECIFIED.,.F.,
  .F.,(2,2),(-21.,-7.),.PIECEWISE_BEZIER_KNOTS.);
#1271 = CARTESIAN_POINT('',(28.,68.));
#1272 = CARTESIAN_POINT('',(14.,68.));
#1273 = ( GEOMETRIC_REPRESENTATION_CONTEXT(2) 
PARAMETRIC_REPRESENTATION_CONTEXT() REPRESENTATION_CONTEXT('2D SPACE',''
  ) );
#1274 = PCURVE('',#1275,#1280);
#1275 = PLANE('',#1276);
#1276 = AXIS2_PLACEMENT_3D('',#1277,#1278,#1279);
#1277 = CARTESIAN_POINT('',(-171.35,89.99,9.));
#1278 = DIRECTION('',(1.,0.,-0.));
#1279 = DIRECTION('',(0.,0.,1.));
#1280 = DEFINITIONAL_REPRESENTATION('',(#1281),#1284);
#1281 = B_SPLINE_CURVE_WITH_KNOTS('',1,(#1282,#1283),.UNSPECIFIED.,.F.,
  .F.,(2,2),(-21.,-7.),.PIECEWISE_BEZIER_KNOTS.);
#1282 = CARTESIAN_POINT('',(14.,-1.000000000001E-02));
#1283 = CARTESIAN_POINT('',(0.,-1.000000000001E-02));
#1284 = ( GEOMETRIC_REPRESENTATION_CONTEXT(2) 
PARAMETRIC_REPRESENTATION_CONTEXT() REPRESENTATION_CONTEXT('2D SPACE',''
  ) );
#1285 = ORIENTED_EDGE('',*,*,#1286,.T.);
#1286 = EDGE_CURVE('',#1261,#1287,#1289,.T.);
#1287 = VERTEX_POINT('',#1288);
#1288 = CARTESIAN_POINT('',(-168.35,90.,9.));
#1289 = SURFACE_CURVE('',#1290,(#1294,#1300),.PCURVE_S1.);
#1290 = LINE('',#1291,#1292);
#1291 = CARTESIAN_POINT('',(-205.35,90.,9.));
#1292 = VECTOR('',#1293,1.);
#1293 = DIRECTION('',(1.,0.,-0.));
#1294 = PCURVE('',#44,#1295);
#1295 = DEFINITIONAL_REPRESENTATION('',(#1296),#1299);
#1296 = B_SPLINE_CURVE_WITH_KNOTS('',1,(#1297,#1298),.UNSPECIFIED.,.F.,
  .F.,(2,2),(34.,37.),.PIECEWISE_BEZIER_KNOTS.);
#1297 = CARTESIAN_POINT('',(14.,68.));
#1298 = CARTESIAN_POINT('',(14.,71.));
#1299 = ( GEOMETRIC_REPRESENTATION_CONTEXT(2) 
PARAMETRIC_REPRESENTATION_CONTEXT() REPRESENTATION_CONTEXT('2D SPACE',''
  ) );
#1300 = PCURVE('',#1301,#1306);
#1301 = PLANE('',#1302);
#1302 = AXIS2_PLACEMENT_3D('',#1303,#1304,#1305);
#1303 = CARTESIAN_POINT('',(-171.35,89.99,9.));
#1304 = DIRECTION('',(0.,0.,1.));
#1305 = DIRECTION('',(1.,0.,-0.));
#1306 = DEFINITIONAL_REPRESENTATION('',(#1307),#1310);
#1307 = B_SPLINE_CURVE_WITH_KNOTS('',1,(#1308,#1309),.UNSPECIFIED.,.F.,
  .F.,(2,2),(34.,37.),.PIECEWISE_BEZIER_KNOTS.);
#1308 = CARTESIAN_POINT('',(0.,1.000000000001E-02));
#1309 = CARTESIAN_POINT('',(3.,1.000000000001E-02));
#1310 = ( GEOMETRIC_REPRESENTATION_CONTEXT(2) 
PARAMETRIC_REPRESENTATION_CONTEXT() REPRESENTATION_CONTEXT('2D SPACE',''
  ) );
#1311 = ORIENTED_EDGE('',*,*,#1312,.F.);
#1312 = EDGE_CURVE('',#1235,#1287,#1313,.T.);
#1313 = SURFACE_CURVE('',#1314,(#1318,#1324),.PCURVE_S1.);
#1314 = LINE('',#1315,#1316);
#1315 = CARTESIAN_POINT('',(-168.35,90.,2.));
#1316 = VECTOR('',#1317,1.);
#1317 = DIRECTION('',(-0.,0.,-1.));
#1318 = PCURVE('',#44,#1319);
#1319 = DEFINITIONAL_REPRESENTATION('',(#1320),#1323);
#1320 = B_SPLINE_CURVE_WITH_KNOTS('',1,(#1321,#1322),.UNSPECIFIED.,.F.,
  .F.,(2,2),(-21.,-7.),.PIECEWISE_BEZIER_KNOTS.);
#1321 = CARTESIAN_POINT('',(28.,71.));
#1322 = CARTESIAN_POINT('',(14.,71.));
#1323 = ( GEOMETRIC_REPRESENTATION_CONTEXT(2) 
PARAMETRIC_REPRESENTATION_CONTEXT() REPRESENTATION_CONTEXT('2D SPACE',''
  ) );
#1324 = PCURVE('',#1325,#1330);
#1325 = PLANE('',#1326);
#1326 = AXIS2_PLACEMENT_3D('',#1327,#1328,#1329);
#1327 = CARTESIAN_POINT('',(-168.35,89.99,9.));
#1328 = DIRECTION('',(1.,0.,-0.));
#1329 = DIRECTION('',(0.,0.,1.));
#1330 = DEFINITIONAL_REPRESENTATION('',(#1331),#1334);
#1331 = B_SPLINE_CURVE_WITH_KNOTS('',1,(#1332,#1333),.UNSPECIFIED.,.F.,
  .F.,(2,2),(-21.,-7.),.PIECEWISE_BEZIER_KNOTS.);
#1332 = CARTESIAN_POINT('',(14.,-1.000000000001E-02));
#1333 = CARTESIAN_POINT('',(0.,-1.000000000001E-02));
#1334 = ( GEOMETRIC_REPRESENTATION_CONTEXT(2) 
PARAMETRIC_REPRESENTATION_CONTEXT() REPRESENTATION_CONTEXT('2D SPACE',''
  ) );
#1335 = FACE_BOUND('',#1336,.F.);
#1336 = EDGE_LOOP('',(#1337));
#1337 = ORIENTED_EDGE('',*,*,#1338,.F.);
#1338 = EDGE_CURVE('',#1339,#1339,#1341,.T.);
#1339 = VERTEX_POINT('',#1340);
#1340 = CARTESIAN_POINT('',(-232.575,90.,71.05));
#1341 = SURFACE_CURVE('',#1342,(#1347,#1354),.PCURVE_S1.);
#1342 = CIRCLE('',#1343,1.775);
#1343 = AXIS2_PLACEMENT_3D('',#1344,#1345,#1346);
#1344 = CARTESIAN_POINT('',(-234.35,90.,71.05));
#1345 = DIRECTION('',(0.,1.,2.22044604925E-16));
#1346 = DIRECTION('',(1.,0.,-0.));
#1347 = PCURVE('',#44,#1348);
#1348 = DEFINITIONAL_REPRESENTATION('',(#1349),#1353);
#1349 = CIRCLE('',#1350,1.775);
#1350 = AXIS2_PLACEMENT_2D('',#1351,#1352);
#1351 = CARTESIAN_POINT('',(76.05,5.));
#1352 = DIRECTION('',(0.,1.));
#1353 = ( GEOMETRIC_REPRESENTATION_CONTEXT(2) 
PARAMETRIC_REPRESENTATION_CONTEXT() REPRESENTATION_CONTEXT('2D SPACE',''
  ) );
#1354 = PCURVE('',#1355,#1360);
#1355 = CYLINDRICAL_SURFACE('',#1356,1.775);
#1356 = AXIS2_PLACEMENT_3D('',#1357,#1358,#1359);
#1357 = CARTESIAN_POINT('',(-234.35,89.99,71.05));
#1358 = DIRECTION('',(0.,1.,2.22044604925E-16));
#1359 = DIRECTION('',(1.,0.,-0.));
#1360 = DEFINITIONAL_REPRESENTATION('',(#1361),#1365);
#1361 = LINE('',#1362,#1363);
#1362 = CARTESIAN_POINT('',(0.,1.000000000001E-02));
#1363 = VECTOR('',#1364,1.);
#1364 = DIRECTION('',(1.,0.));
#1365 = ( GEOMETRIC_REPRESENTATION_CONTEXT(2) 
PARAMETRIC_REPRESENTATION_CONTEXT() REPRESENTATION_CONTEXT('2D SPACE',''
  ) );
#1366 = FACE_BOUND('',#1367,.F.);
#1367 = EDGE_LOOP('',(#1368,#1396,#1422,#1448));
#1368 = ORIENTED_EDGE('',*,*,#1369,.F.);
#1369 = EDGE_CURVE('',#1370,#1372,#1374,.T.);
#1370 = VERTEX_POINT('',#1371);
#1371 = CARTESIAN_POINT('',(-225.35,90.,92.5));
#1372 = VERTEX_POINT('',#1373);
#1373 = CARTESIAN_POINT('',(-222.35,90.,92.5));
#1374 = SURFACE_CURVE('',#1375,(#1379,#1385),.PCURVE_S1.);
#1375 = LINE('',#1376,#1377);
#1376 = CARTESIAN_POINT('',(-232.35,90.,92.5));
#1377 = VECTOR('',#1378,1.);
#1378 = DIRECTION('',(1.,0.,-0.));
#1379 = PCURVE('',#44,#1380);
#1380 = DEFINITIONAL_REPRESENTATION('',(#1381),#1384);
#1381 = B_SPLINE_CURVE_WITH_KNOTS('',1,(#1382,#1383),.UNSPECIFIED.,.F.,
  .F.,(2,2),(7.,10.),.PIECEWISE_BEZIER_KNOTS.);
#1382 = CARTESIAN_POINT('',(97.5,14.));
#1383 = CARTESIAN_POINT('',(97.5,17.));
#1384 = ( GEOMETRIC_REPRESENTATION_CONTEXT(2) 
PARAMETRIC_REPRESENTATION_CONTEXT() REPRESENTATION_CONTEXT('2D SPACE',''
  ) );
#1385 = PCURVE('',#1386,#1391);
#1386 = PLANE('',#1387);
#1387 = AXIS2_PLACEMENT_3D('',#1388,#1389,#1390);
#1388 = CARTESIAN_POINT('',(-225.35,89.99,92.5));
#1389 = DIRECTION('',(0.,0.,1.));
#1390 = DIRECTION('',(1.,0.,-0.));
#1391 = DEFINITIONAL_REPRESENTATION('',(#1392),#1395);
#1392 = B_SPLINE_CURVE_WITH_KNOTS('',1,(#1393,#1394),.UNSPECIFIED.,.F.,
  .F.,(2,2),(7.,10.),.PIECEWISE_BEZIER_KNOTS.);
#1393 = CARTESIAN_POINT('',(0.,1.000000000001E-02));
#1394 = CARTESIAN_POINT('',(3.,1.000000000001E-02));
#1395 = ( GEOMETRIC_REPRESENTATION_CONTEXT(2) 
PARAMETRIC_REPRESENTATION_CONTEXT() REPRESENTATION_CONTEXT('2D SPACE',''
  ) );
#1396 = ORIENTED_EDGE('',*,*,#1397,.T.);
#1397 = EDGE_CURVE('',#1370,#1398,#1400,.T.);
#1398 = VERTEX_POINT('',#1399);
#1399 = CARTESIAN_POINT('',(-225.35,90.,78.5));
#1400 = SURFACE_CURVE('',#1401,(#1405,#1411),.PCURVE_S1.);
#1401 = LINE('',#1402,#1403);
#1402 = CARTESIAN_POINT('',(-225.35,90.,36.75));
#1403 = VECTOR('',#1404,1.);
#1404 = DIRECTION('',(-0.,0.,-1.));
#1405 = PCURVE('',#44,#1406);
#1406 = DEFINITIONAL_REPRESENTATION('',(#1407),#1410);
#1407 = B_SPLINE_CURVE_WITH_KNOTS('',1,(#1408,#1409),.UNSPECIFIED.,.F.,
  .F.,(2,2),(-55.75,-41.75),.PIECEWISE_BEZIER_KNOTS.);
#1408 = CARTESIAN_POINT('',(97.5,14.));
#1409 = CARTESIAN_POINT('',(83.5,14.));
#1410 = ( GEOMETRIC_REPRESENTATION_CONTEXT(2) 
PARAMETRIC_REPRESENTATION_CONTEXT() REPRESENTATION_CONTEXT('2D SPACE',''
  ) );
#1411 = PCURVE('',#1412,#1417);
#1412 = PLANE('',#1413);
#1413 = AXIS2_PLACEMENT_3D('',#1414,#1415,#1416);
#1414 = CARTESIAN_POINT('',(-225.35,89.99,78.5));
#1415 = DIRECTION('',(1.,0.,-0.));
#1416 = DIRECTION('',(0.,0.,1.));
#1417 = DEFINITIONAL_REPRESENTATION('',(#1418),#1421);
#1418 = B_SPLINE_CURVE_WITH_KNOTS('',1,(#1419,#1420),.UNSPECIFIED.,.F.,
  .F.,(2,2),(-55.75,-41.75),.PIECEWISE_BEZIER_KNOTS.);
#1419 = CARTESIAN_POINT('',(14.,-1.000000000001E-02));
#1420 = CARTESIAN_POINT('',(0.,-1.000000000001E-02));
#1421 = ( GEOMETRIC_REPRESENTATION_CONTEXT(2) 
PARAMETRIC_REPRESENTATION_CONTEXT() REPRESENTATION_CONTEXT('2D SPACE',''
  ) );
#1422 = ORIENTED_EDGE('',*,*,#1423,.T.);
#1423 = EDGE_CURVE('',#1398,#1424,#1426,.T.);
#1424 = VERTEX_POINT('',#1425);
#1425 = CARTESIAN_POINT('',(-222.35,90.,78.5));
#1426 = SURFACE_CURVE('',#1427,(#1431,#1437),.PCURVE_S1.);
#1427 = LINE('',#1428,#1429);
#1428 = CARTESIAN_POINT('',(-232.35,90.,78.5));
#1429 = VECTOR('',#1430,1.);
#1430 = DIRECTION('',(1.,0.,-0.));
#1431 = PCURVE('',#44,#1432);
#1432 = DEFINITIONAL_REPRESENTATION('',(#1433),#1436);
#1433 = B_SPLINE_CURVE_WITH_KNOTS('',1,(#1434,#1435),.UNSPECIFIED.,.F.,
  .F.,(2,2),(7.,10.),.PIECEWISE_BEZIER_KNOTS.);
#1434 = CARTESIAN_POINT('',(83.5,14.));
#1435 = CARTESIAN_POINT('',(83.5,17.));
#1436 = ( GEOMETRIC_REPRESENTATION_CONTEXT(2) 
PARAMETRIC_REPRESENTATION_CONTEXT() REPRESENTATION_CONTEXT('2D SPACE',''
  ) );
#1437 = PCURVE('',#1438,#1443);
#1438 = PLANE('',#1439);
#1439 = AXIS2_PLACEMENT_3D('',#1440,#1441,#1442);
#1440 = CARTESIAN_POINT('',(-225.35,89.99,78.5));
#1441 = DIRECTION('',(0.,0.,1.));
#1442 = DIRECTION('',(1.,0.,-0.));
#1443 = DEFINITIONAL_REPRESENTATION('',(#1444),#1447);
#1444 = B_SPLINE_CURVE_WITH_KNOTS('',1,(#1445,#1446),.UNSPECIFIED.,.F.,
  .F.,(2,2),(7.,10.),.PIECEWISE_BEZIER_KNOTS.);
#1445 = CARTESIAN_POINT('',(0.,1.000000000001E-02));
#1446 = CARTESIAN_POINT('',(3.,1.000000000001E-02));
#1447 = ( GEOMETRIC_REPRESENTATION_CONTEXT(2) 
PARAMETRIC_REPRESENTATION_CONTEXT() REPRESENTATION_CONTEXT('2D SPACE',''
  ) );
#1448 = ORIENTED_EDGE('',*,*,#1449,.F.);
#1449 = EDGE_CURVE('',#1372,#1424,#1450,.T.);
#1450 = SURFACE_CURVE('',#1451,(#1455,#1461),.PCURVE_S1.);
#1451 = LINE('',#1452,#1453);
#1452 = CARTESIAN_POINT('',(-222.35,90.,36.75));
#1453 = VECTOR('',#1454,1.);
#1454 = DIRECTION('',(-0.,0.,-1.));
#1455 = PCURVE('',#44,#1456);
#1456 = DEFINITIONAL_REPRESENTATION('',(#1457),#1460);
#1457 = B_SPLINE_CURVE_WITH_KNOTS('',1,(#1458,#1459),.UNSPECIFIED.,.F.,
  .F.,(2,2),(-55.75,-41.75),.PIECEWISE_BEZIER_KNOTS.);
#1458 = CARTESIAN_POINT('',(97.5,17.));
#1459 = CARTESIAN_POINT('',(83.5,17.));
#1460 = ( GEOMETRIC_REPRESENTATION_CONTEXT(2) 
PARAMETRIC_REPRESENTATION_CONTEXT() REPRESENTATION_CONTEXT('2D SPACE',''
  ) );
#1461 = PCURVE('',#1462,#1467);
#1462 = PLANE('',#1463);
#1463 = AXIS2_PLACEMENT_3D('',#1464,#1465,#1466);
#1464 = CARTESIAN_POINT('',(-222.35,89.99,78.5));
#1465 = DIRECTION('',(1.,0.,-0.));
#1466 = DIRECTION('',(0.,0.,1.));
#1467 = DEFINITIONAL_REPRESENTATION('',(#1468),#1471);
#1468 = B_SPLINE_CURVE_WITH_KNOTS('',1,(#1469,#1470),.UNSPECIFIED.,.F.,
  .F.,(2,2),(-55.75,-41.75),.PIECEWISE_BEZIER_KNOTS.);
#1469 = CARTESIAN_POINT('',(14.,-1.000000000001E-02));
#1470 = CARTESIAN_POINT('',(0.,-1.000000000001E-02));
#1471 = ( GEOMETRIC_REPRESENTATION_CONTEXT(2) 
PARAMETRIC_REPRESENTATION_CONTEXT() REPRESENTATION_CONTEXT('2D SPACE',''
  ) );
#1472 = FACE_BOUND('',#1473,.F.);
#1473 = EDGE_LOOP('',(#1474,#1502,#1528,#1554));
#1474 = ORIENTED_EDGE('',*,*,#1475,.F.);
#1475 = EDGE_CURVE('',#1476,#1478,#1480,.T.);
#1476 = VERTEX_POINT('',#1477);
#1477 = CARTESIAN_POINT('',(-219.35,90.,92.5));
#1478 = VERTEX_POINT('',#1479);
#1479 = CARTESIAN_POINT('',(-216.35,90.,92.5));
#1480 = SURFACE_CURVE('',#1481,(#1485,#1491),.PCURVE_S1.);
#1481 = LINE('',#1482,#1483);
#1482 = CARTESIAN_POINT('',(-229.35,90.,92.5));
#1483 = VECTOR('',#1484,1.);
#1484 = DIRECTION('',(1.,0.,-0.));
#1485 = PCURVE('',#44,#1486);
#1486 = DEFINITIONAL_REPRESENTATION('',(#1487),#1490);
#1487 = B_SPLINE_CURVE_WITH_KNOTS('',1,(#1488,#1489),.UNSPECIFIED.,.F.,
  .F.,(2,2),(10.,13.),.PIECEWISE_BEZIER_KNOTS.);
#1488 = CARTESIAN_POINT('',(97.5,20.));
#1489 = CARTESIAN_POINT('',(97.5,23.));
#1490 = ( GEOMETRIC_REPRESENTATION_CONTEXT(2) 
PARAMETRIC_REPRESENTATION_CONTEXT() REPRESENTATION_CONTEXT('2D SPACE',''
  ) );
#1491 = PCURVE('',#1492,#1497);
#1492 = PLANE('',#1493);
#1493 = AXIS2_PLACEMENT_3D('',#1494,#1495,#1496);
#1494 = CARTESIAN_POINT('',(-219.35,89.99,92.5));
#1495 = DIRECTION('',(0.,0.,1.));
#1496 = DIRECTION('',(1.,0.,-0.));
#1497 = DEFINITIONAL_REPRESENTATION('',(#1498),#1501);
#1498 = B_SPLINE_CURVE_WITH_KNOTS('',1,(#1499,#1500),.UNSPECIFIED.,.F.,
  .F.,(2,2),(10.,13.),.PIECEWISE_BEZIER_KNOTS.);
#1499 = CARTESIAN_POINT('',(0.,1.000000000001E-02));
#1500 = CARTESIAN_POINT('',(3.,1.000000000001E-02));
#1501 = ( GEOMETRIC_REPRESENTATION_CONTEXT(2) 
PARAMETRIC_REPRESENTATION_CONTEXT() REPRESENTATION_CONTEXT('2D SPACE',''
  ) );
#1502 = ORIENTED_EDGE('',*,*,#1503,.T.);
#1503 = EDGE_CURVE('',#1476,#1504,#1506,.T.);
#1504 = VERTEX_POINT('',#1505);
#1505 = CARTESIAN_POINT('',(-219.35,90.,78.5));
#1506 = SURFACE_CURVE('',#1507,(#1511,#1517),.PCURVE_S1.);
#1507 = LINE('',#1508,#1509);
#1508 = CARTESIAN_POINT('',(-219.35,90.,36.75));
#1509 = VECTOR('',#1510,1.);
#1510 = DIRECTION('',(-0.,0.,-1.));
#1511 = PCURVE('',#44,#1512);
#1512 = DEFINITIONAL_REPRESENTATION('',(#1513),#1516);
#1513 = B_SPLINE_CURVE_WITH_KNOTS('',1,(#1514,#1515),.UNSPECIFIED.,.F.,
  .F.,(2,2),(-55.75,-41.75),.PIECEWISE_BEZIER_KNOTS.);
#1514 = CARTESIAN_POINT('',(97.5,20.));
#1515 = CARTESIAN_POINT('',(83.5,20.));
#1516 = ( GEOMETRIC_REPRESENTATION_CONTEXT(2) 
PARAMETRIC_REPRESENTATION_CONTEXT() REPRESENTATION_CONTEXT('2D SPACE',''
  ) );
#1517 = PCURVE('',#1518,#1523);
#1518 = PLANE('',#1519);
#1519 = AXIS2_PLACEMENT_3D('',#1520,#1521,#1522);
#1520 = CARTESIAN_POINT('',(-219.35,89.99,78.5));
#1521 = DIRECTION('',(1.,0.,-0.));
#1522 = DIRECTION('',(0.,0.,1.));
#1523 = DEFINITIONAL_REPRESENTATION('',(#1524),#1527);
#1524 = B_SPLINE_CURVE_WITH_KNOTS('',1,(#1525,#1526),.UNSPECIFIED.,.F.,
  .F.,(2,2),(-55.75,-41.75),.PIECEWISE_BEZIER_KNOTS.);
#1525 = CARTESIAN_POINT('',(14.,-1.000000000001E-02));
#1526 = CARTESIAN_POINT('',(0.,-1.000000000001E-02));
#1527 = ( GEOMETRIC_REPRESENTATION_CONTEXT(2) 
PARAMETRIC_REPRESENTATION_CONTEXT() REPRESENTATION_CONTEXT('2D SPACE',''
  ) );
#1528 = ORIENTED_EDGE('',*,*,#1529,.T.);
#1529 = EDGE_CURVE('',#1504,#1530,#1532,.T.);
#1530 = VERTEX_POINT('',#1531);
#1531 = CARTESIAN_POINT('',(-216.35,90.,78.5));
#1532 = SURFACE_CURVE('',#1533,(#1537,#1543),.PCURVE_S1.);
#1533 = LINE('',#1534,#1535);
#1534 = CARTESIAN_POINT('',(-229.35,90.,78.5));
#1535 = VECTOR('',#1536,1.);
#1536 = DIRECTION('',(1.,0.,-0.));
#1537 = PCURVE('',#44,#1538);
#1538 = DEFINITIONAL_REPRESENTATION('',(#1539),#1542);
#1539 = B_SPLINE_CURVE_WITH_KNOTS('',1,(#1540,#1541),.UNSPECIFIED.,.F.,
  .F.,(2,2),(10.,13.),.PIECEWISE_BEZIER_KNOTS.);
#1540 = CARTESIAN_POINT('',(83.5,20.));
#1541 = CARTESIAN_POINT('',(83.5,23.));
#1542 = ( GEOMETRIC_REPRESENTATION_CONTEXT(2) 
PARAMETRIC_REPRESENTATION_CONTEXT() REPRESENTATION_CONTEXT('2D SPACE',''
  ) );
#1543 = PCURVE('',#1544,#1549);
#1544 = PLANE('',#1545);
#1545 = AXIS2_PLACEMENT_3D('',#1546,#1547,#1548);
#1546 = CARTESIAN_POINT('',(-219.35,89.99,78.5));
#1547 = DIRECTION('',(0.,0.,1.));
#1548 = DIRECTION('',(1.,0.,-0.));
#1549 = DEFINITIONAL_REPRESENTATION('',(#1550),#1553);
#1550 = B_SPLINE_CURVE_WITH_KNOTS('',1,(#1551,#1552),.UNSPECIFIED.,.F.,
  .F.,(2,2),(10.,13.),.PIECEWISE_BEZIER_KNOTS.);
#1551 = CARTESIAN_POINT('',(0.,1.000000000001E-02));
#1552 = CARTESIAN_POINT('',(3.,1.000000000001E-02));
#1553 = ( GEOMETRIC_REPRESENTATION_CONTEXT(2) 
PARAMETRIC_REPRESENTATION_CONTEXT() REPRESENTATION_CONTEXT('2D SPACE',''
  ) );
#1554 = ORIENTED_EDGE('',*,*,#1555,.F.);
#1555 = EDGE_CURVE('',#1478,#1530,#1556,.T.);
#1556 = SURFACE_CURVE('',#1557,(#1561,#1567),.PCURVE_S1.);
#1557 = LINE('',#1558,#1559);
#1558 = CARTESIAN_POINT('',(-216.35,90.,36.75));
#1559 = VECTOR('',#1560,1.);
#1560 = DIRECTION('',(-0.,0.,-1.));
#1561 = PCURVE('',#44,#1562);
#1562 = DEFINITIONAL_REPRESENTATION('',(#1563),#1566);
#1563 = B_SPLINE_CURVE_WITH_KNOTS('',1,(#1564,#1565),.UNSPECIFIED.,.F.,
  .F.,(2,2),(-55.75,-41.75),.PIECEWISE_BEZIER_KNOTS.);
#1564 = CARTESIAN_POINT('',(97.5,23.));
#1565 = CARTESIAN_POINT('',(83.5,23.));
#1566 = ( GEOMETRIC_REPRESENTATION_CONTEXT(2) 
PARAMETRIC_REPRESENTATION_CONTEXT() REPRESENTATION_CONTEXT('2D SPACE',''
  ) );
#1567 = PCURVE('',#1568,#1573);
#1568 = PLANE('',#1569);
#1569 = AXIS2_PLACEMENT_3D('',#1570,#1571,#1572);
#1570 = CARTESIAN_POINT('',(-216.35,89.99,78.5));
#1571 = DIRECTION('',(1.,0.,-0.));
#1572 = DIRECTION('',(0.,0.,1.));
#1573 = DEFINITIONAL_REPRESENTATION('',(#1574),#1577);
#1574 = B_SPLINE_CURVE_WITH_KNOTS('',1,(#1575,#1576),.UNSPECIFIED.,.F.,
  .F.,(2,2),(-55.75,-41.75),.PIECEWISE_BEZIER_KNOTS.);
#1575 = CARTESIAN_POINT('',(14.,-1.000000000001E-02));
#1576 = CARTESIAN_POINT('',(0.,-1.000000000001E-02));
#1577 = ( GEOMETRIC_REPRESENTATION_CONTEXT(2) 
PARAMETRIC_REPRESENTATION_CONTEXT() REPRESENTATION_CONTEXT('2D SPACE',''
  ) );
#1578 = FACE_BOUND('',#1579,.F.);
#1579 = EDGE_LOOP('',(#1580,#1608,#1634,#1660));
#1580 = ORIENTED_EDGE('',*,*,#1581,.F.);
#1581 = EDGE_CURVE('',#1582,#1584,#1586,.T.);
#1582 = VERTEX_POINT('',#1583);
#1583 = CARTESIAN_POINT('',(-213.35,90.,92.5));
#1584 = VERTEX_POINT('',#1585);
#1585 = CARTESIAN_POINT('',(-210.35,90.,92.5));
#1586 = SURFACE_CURVE('',#1587,(#1591,#1597),.PCURVE_S1.);
#1587 = LINE('',#1588,#1589);
#1588 = CARTESIAN_POINT('',(-226.35,90.,92.5));
#1589 = VECTOR('',#1590,1.);
#1590 = DIRECTION('',(1.,0.,-0.));
#1591 = PCURVE('',#44,#1592);
#1592 = DEFINITIONAL_REPRESENTATION('',(#1593),#1596);
#1593 = B_SPLINE_CURVE_WITH_KNOTS('',1,(#1594,#1595),.UNSPECIFIED.,.F.,
  .F.,(2,2),(13.,16.),.PIECEWISE_BEZIER_KNOTS.);
#1594 = CARTESIAN_POINT('',(97.5,26.));
#1595 = CARTESIAN_POINT('',(97.5,29.));
#1596 = ( GEOMETRIC_REPRESENTATION_CONTEXT(2) 
PARAMETRIC_REPRESENTATION_CONTEXT() REPRESENTATION_CONTEXT('2D SPACE',''
  ) );
#1597 = PCURVE('',#1598,#1603);
#1598 = PLANE('',#1599);
#1599 = AXIS2_PLACEMENT_3D('',#1600,#1601,#1602);
#1600 = CARTESIAN_POINT('',(-213.35,89.99,92.5));
#1601 = DIRECTION('',(0.,0.,1.));
#1602 = DIRECTION('',(1.,0.,-0.));
#1603 = DEFINITIONAL_REPRESENTATION('',(#1604),#1607);
#1604 = B_SPLINE_CURVE_WITH_KNOTS('',1,(#1605,#1606),.UNSPECIFIED.,.F.,
  .F.,(2,2),(13.,16.),.PIECEWISE_BEZIER_KNOTS.);
#1605 = CARTESIAN_POINT('',(0.,1.000000000001E-02));
#1606 = CARTESIAN_POINT('',(3.,1.000000000001E-02));
#1607 = ( GEOMETRIC_REPRESENTATION_CONTEXT(2) 
PARAMETRIC_REPRESENTATION_CONTEXT() REPRESENTATION_CONTEXT('2D SPACE',''
  ) );
#1608 = ORIENTED_EDGE('',*,*,#1609,.T.);
#1609 = EDGE_CURVE('',#1582,#1610,#1612,.T.);
#1610 = VERTEX_POINT('',#1611);
#1611 = CARTESIAN_POINT('',(-213.35,90.,78.5));
#1612 = SURFACE_CURVE('',#1613,(#1617,#1623),.PCURVE_S1.);
#1613 = LINE('',#1614,#1615);
#1614 = CARTESIAN_POINT('',(-213.35,90.,36.75));
#1615 = VECTOR('',#1616,1.);
#1616 = DIRECTION('',(-0.,0.,-1.));
#1617 = PCURVE('',#44,#1618);
#1618 = DEFINITIONAL_REPRESENTATION('',(#1619),#1622);
#1619 = B_SPLINE_CURVE_WITH_KNOTS('',1,(#1620,#1621),.UNSPECIFIED.,.F.,
  .F.,(2,2),(-55.75,-41.75),.PIECEWISE_BEZIER_KNOTS.);
#1620 = CARTESIAN_POINT('',(97.5,26.));
#1621 = CARTESIAN_POINT('',(83.5,26.));
#1622 = ( GEOMETRIC_REPRESENTATION_CONTEXT(2) 
PARAMETRIC_REPRESENTATION_CONTEXT() REPRESENTATION_CONTEXT('2D SPACE',''
  ) );
#1623 = PCURVE('',#1624,#1629);
#1624 = PLANE('',#1625);
#1625 = AXIS2_PLACEMENT_3D('',#1626,#1627,#1628);
#1626 = CARTESIAN_POINT('',(-213.35,89.99,78.5));
#1627 = DIRECTION('',(1.,0.,-0.));
#1628 = DIRECTION('',(0.,0.,1.));
#1629 = DEFINITIONAL_REPRESENTATION('',(#1630),#1633);
#1630 = B_SPLINE_CURVE_WITH_KNOTS('',1,(#1631,#1632),.UNSPECIFIED.,.F.,
  .F.,(2,2),(-55.75,-41.75),.PIECEWISE_BEZIER_KNOTS.);
#1631 = CARTESIAN_POINT('',(14.,-1.000000000001E-02));
#1632 = CARTESIAN_POINT('',(0.,-1.000000000001E-02));
#1633 = ( GEOMETRIC_REPRESENTATION_CONTEXT(2) 
PARAMETRIC_REPRESENTATION_CONTEXT() REPRESENTATION_CONTEXT('2D SPACE',''
  ) );
#1634 = ORIENTED_EDGE('',*,*,#1635,.T.);
#1635 = EDGE_CURVE('',#1610,#1636,#1638,.T.);
#1636 = VERTEX_POINT('',#1637);
#1637 = CARTESIAN_POINT('',(-210.35,90.,78.5));
#1638 = SURFACE_CURVE('',#1639,(#1643,#1649),.PCURVE_S1.);
#1639 = LINE('',#1640,#1641);
#1640 = CARTESIAN_POINT('',(-226.35,90.,78.5));
#1641 = VECTOR('',#1642,1.);
#1642 = DIRECTION('',(1.,0.,-0.));
#1643 = PCURVE('',#44,#1644);
#1644 = DEFINITIONAL_REPRESENTATION('',(#1645),#1648);
#1645 = B_SPLINE_CURVE_WITH_KNOTS('',1,(#1646,#1647),.UNSPECIFIED.,.F.,
  .F.,(2,2),(13.,16.),.PIECEWISE_BEZIER_KNOTS.);
#1646 = CARTESIAN_POINT('',(83.5,26.));
#1647 = CARTESIAN_POINT('',(83.5,29.));
#1648 = ( GEOMETRIC_REPRESENTATION_CONTEXT(2) 
PARAMETRIC_REPRESENTATION_CONTEXT() REPRESENTATION_CONTEXT('2D SPACE',''
  ) );
#1649 = PCURVE('',#1650,#1655);
#1650 = PLANE('',#1651);
#1651 = AXIS2_PLACEMENT_3D('',#1652,#1653,#1654);
#1652 = CARTESIAN_POINT('',(-213.35,89.99,78.5));
#1653 = DIRECTION('',(0.,0.,1.));
#1654 = DIRECTION('',(1.,0.,-0.));
#1655 = DEFINITIONAL_REPRESENTATION('',(#1656),#1659);
#1656 = B_SPLINE_CURVE_WITH_KNOTS('',1,(#1657,#1658),.UNSPECIFIED.,.F.,
  .F.,(2,2),(13.,16.),.PIECEWISE_BEZIER_KNOTS.);
#1657 = CARTESIAN_POINT('',(0.,1.000000000001E-02));
#1658 = CARTESIAN_POINT('',(3.,1.000000000001E-02));
#1659 = ( GEOMETRIC_REPRESENTATION_CONTEXT(2) 
PARAMETRIC_REPRESENTATION_CONTEXT() REPRESENTATION_CONTEXT('2D SPACE',''
  ) );
#1660 = ORIENTED_EDGE('',*,*,#1661,.F.);
#1661 = EDGE_CURVE('',#1584,#1636,#1662,.T.);
#1662 = SURFACE_CURVE('',#1663,(#1667,#1673),.PCURVE_S1.);
#1663 = LINE('',#1664,#1665);
#1664 = CARTESIAN_POINT('',(-210.35,90.,36.75));
#1665 = VECTOR('',#1666,1.);
#1666 = DIRECTION('',(-0.,0.,-1.));
#1667 = PCURVE('',#44,#1668);
#1668 = DEFINITIONAL_REPRESENTATION('',(#1669),#1672);
#1669 = B_SPLINE_CURVE_WITH_KNOTS('',1,(#1670,#1671),.UNSPECIFIED.,.F.,
  .F.,(2,2),(-55.75,-41.75),.PIECEWISE_BEZIER_KNOTS.);
#1670 = CARTESIAN_POINT('',(97.5,29.));
#1671 = CARTESIAN_POINT('',(83.5,29.));
#1672 = ( GEOMETRIC_REPRESENTATION_CONTEXT(2) 
PARAMETRIC_REPRESENTATION_CONTEXT() REPRESENTATION_CONTEXT('2D SPACE',''
  ) );
#1673 = PCURVE('',#1674,#1679);
#1674 = PLANE('',#1675);
#1675 = AXIS2_PLACEMENT_3D('',#1676,#1677,#1678);
#1676 = CARTESIAN_POINT('',(-210.35,89.99,78.5));
#1677 = DIRECTION('',(1.,0.,-0.));
#1678 = DIRECTION('',(0.,0.,1.));
#1679 = DEFINITIONAL_REPRESENTATION('',(#1680),#1683);
#1680 = B_SPLINE_CURVE_WITH_KNOTS('',1,(#1681,#1682),.UNSPECIFIED.,.F.,
  .F.,(2,2),(-55.75,-41.75),.PIECEWISE_BEZIER_KNOTS.);
#1681 = CARTESIAN_POINT('',(14.,-1.000000000001E-02));
#1682 = CARTESIAN_POINT('',(0.,-1.000000000001E-02));
#1683 = ( GEOMETRIC_REPRESENTATION_CONTEXT(2) 
PARAMETRIC_REPRESENTATION_CONTEXT() REPRESENTATION_CONTEXT('2D SPACE',''
  ) );
#1684 = FACE_BOUND('',#1685,.F.);
#1685 = EDGE_LOOP('',(#1686,#1714,#1740,#1766));
#1686 = ORIENTED_EDGE('',*,*,#1687,.F.);
#1687 = EDGE_CURVE('',#1688,#1690,#1692,.T.);
#1688 = VERTEX_POINT('',#1689);
#1689 = CARTESIAN_POINT('',(-207.35,90.,92.5));
#1690 = VERTEX_POINT('',#1691);
#1691 = CARTESIAN_POINT('',(-204.35,90.,92.5));
#1692 = SURFACE_CURVE('',#1693,(#1697,#1703),.PCURVE_S1.);
#1693 = LINE('',#1694,#1695);
#1694 = CARTESIAN_POINT('',(-223.35,90.,92.5));
#1695 = VECTOR('',#1696,1.);
#1696 = DIRECTION('',(1.,0.,-0.));
#1697 = PCURVE('',#44,#1698);
#1698 = DEFINITIONAL_REPRESENTATION('',(#1699),#1702);
#1699 = B_SPLINE_CURVE_WITH_KNOTS('',1,(#1700,#1701),.UNSPECIFIED.,.F.,
  .F.,(2,2),(16.,19.),.PIECEWISE_BEZIER_KNOTS.);
#1700 = CARTESIAN_POINT('',(97.5,32.));
#1701 = CARTESIAN_POINT('',(97.5,35.));
#1702 = ( GEOMETRIC_REPRESENTATION_CONTEXT(2) 
PARAMETRIC_REPRESENTATION_CONTEXT() REPRESENTATION_CONTEXT('2D SPACE',''
  ) );
#1703 = PCURVE('',#1704,#1709);
#1704 = PLANE('',#1705);
#1705 = AXIS2_PLACEMENT_3D('',#1706,#1707,#1708);
#1706 = CARTESIAN_POINT('',(-207.35,89.99,92.5));
#1707 = DIRECTION('',(0.,0.,1.));
#1708 = DIRECTION('',(1.,0.,-0.));
#1709 = DEFINITIONAL_REPRESENTATION('',(#1710),#1713);
#1710 = B_SPLINE_CURVE_WITH_KNOTS('',1,(#1711,#1712),.UNSPECIFIED.,.F.,
  .F.,(2,2),(16.,19.),.PIECEWISE_BEZIER_KNOTS.);
#1711 = CARTESIAN_POINT('',(0.,1.000000000001E-02));
#1712 = CARTESIAN_POINT('',(3.,1.000000000001E-02));
#1713 = ( GEOMETRIC_REPRESENTATION_CONTEXT(2) 
PARAMETRIC_REPRESENTATION_CONTEXT() REPRESENTATION_CONTEXT('2D SPACE',''
  ) );
#1714 = ORIENTED_EDGE('',*,*,#1715,.T.);
#1715 = EDGE_CURVE('',#1688,#1716,#1718,.T.);
#1716 = VERTEX_POINT('',#1717);
#1717 = CARTESIAN_POINT('',(-207.35,90.,78.5));
#1718 = SURFACE_CURVE('',#1719,(#1723,#1729),.PCURVE_S1.);
#1719 = LINE('',#1720,#1721);
#1720 = CARTESIAN_POINT('',(-207.35,90.,36.75));
#1721 = VECTOR('',#1722,1.);
#1722 = DIRECTION('',(-0.,0.,-1.));
#1723 = PCURVE('',#44,#1724);
#1724 = DEFINITIONAL_REPRESENTATION('',(#1725),#1728);
#1725 = B_SPLINE_CURVE_WITH_KNOTS('',1,(#1726,#1727),.UNSPECIFIED.,.F.,
  .F.,(2,2),(-55.75,-41.75),.PIECEWISE_BEZIER_KNOTS.);
#1726 = CARTESIAN_POINT('',(97.5,32.));
#1727 = CARTESIAN_POINT('',(83.5,32.));
#1728 = ( GEOMETRIC_REPRESENTATION_CONTEXT(2) 
PARAMETRIC_REPRESENTATION_CONTEXT() REPRESENTATION_CONTEXT('2D SPACE',''
  ) );
#1729 = PCURVE('',#1730,#1735);
#1730 = PLANE('',#1731);
#1731 = AXIS2_PLACEMENT_3D('',#1732,#1733,#1734);
#1732 = CARTESIAN_POINT('',(-207.35,89.99,78.5));
#1733 = DIRECTION('',(1.,0.,-0.));
#1734 = DIRECTION('',(0.,0.,1.));
#1735 = DEFINITIONAL_REPRESENTATION('',(#1736),#1739);
#1736 = B_SPLINE_CURVE_WITH_KNOTS('',1,(#1737,#1738),.UNSPECIFIED.,.F.,
  .F.,(2,2),(-55.75,-41.75),.PIECEWISE_BEZIER_KNOTS.);
#1737 = CARTESIAN_POINT('',(14.,-1.000000000001E-02));
#1738 = CARTESIAN_POINT('',(0.,-1.000000000001E-02));
#1739 = ( GEOMETRIC_REPRESENTATION_CONTEXT(2) 
PARAMETRIC_REPRESENTATION_CONTEXT() REPRESENTATION_CONTEXT('2D SPACE',''
  ) );
#1740 = ORIENTED_EDGE('',*,*,#1741,.T.);
#1741 = EDGE_CURVE('',#1716,#1742,#1744,.T.);
#1742 = VERTEX_POINT('',#1743);
#1743 = CARTESIAN_POINT('',(-204.35,90.,78.5));
#1744 = SURFACE_CURVE('',#1745,(#1749,#1755),.PCURVE_S1.);
#1745 = LINE('',#1746,#1747);
#1746 = CARTESIAN_POINT('',(-223.35,90.,78.5));
#1747 = VECTOR('',#1748,1.);
#1748 = DIRECTION('',(1.,0.,-0.));
#1749 = PCURVE('',#44,#1750);
#1750 = DEFINITIONAL_REPRESENTATION('',(#1751),#1754);
#1751 = B_SPLINE_CURVE_WITH_KNOTS('',1,(#1752,#1753),.UNSPECIFIED.,.F.,
  .F.,(2,2),(16.,19.),.PIECEWISE_BEZIER_KNOTS.);
#1752 = CARTESIAN_POINT('',(83.5,32.));
#1753 = CARTESIAN_POINT('',(83.5,35.));
#1754 = ( GEOMETRIC_REPRESENTATION_CONTEXT(2) 
PARAMETRIC_REPRESENTATION_CONTEXT() REPRESENTATION_CONTEXT('2D SPACE',''
  ) );
#1755 = PCURVE('',#1756,#1761);
#1756 = PLANE('',#1757);
#1757 = AXIS2_PLACEMENT_3D('',#1758,#1759,#1760);
#1758 = CARTESIAN_POINT('',(-207.35,89.99,78.5));
#1759 = DIRECTION('',(0.,0.,1.));
#1760 = DIRECTION('',(1.,0.,-0.));
#1761 = DEFINITIONAL_REPRESENTATION('',(#1762),#1765);
#1762 = B_SPLINE_CURVE_WITH_KNOTS('',1,(#1763,#1764),.UNSPECIFIED.,.F.,
  .F.,(2,2),(16.,19.),.PIECEWISE_BEZIER_KNOTS.);
#1763 = CARTESIAN_POINT('',(0.,1.000000000001E-02));
#1764 = CARTESIAN_POINT('',(3.,1.000000000001E-02));
#1765 = ( GEOMETRIC_REPRESENTATION_CONTEXT(2) 
PARAMETRIC_REPRESENTATION_CONTEXT() REPRESENTATION_CONTEXT('2D SPACE',''
  ) );
#1766 = ORIENTED_EDGE('',*,*,#1767,.F.);
#1767 = EDGE_CURVE('',#1690,#1742,#1768,.T.);
#1768 = SURFACE_CURVE('',#1769,(#1773,#1779),.PCURVE_S1.);
#1769 = LINE('',#1770,#1771);
#1770 = CARTESIAN_POINT('',(-204.35,90.,36.75));
#1771 = VECTOR('',#1772,1.);
#1772 = DIRECTION('',(-0.,0.,-1.));
#1773 = PCURVE('',#44,#1774);
#1774 = DEFINITIONAL_REPRESENTATION('',(#1775),#1778);
#1775 = B_SPLINE_CURVE_WITH_KNOTS('',1,(#1776,#1777),.UNSPECIFIED.,.F.,
  .F.,(2,2),(-55.75,-41.75),.PIECEWISE_BEZIER_KNOTS.);
#1776 = CARTESIAN_POINT('',(97.5,35.));
#1777 = CARTESIAN_POINT('',(83.5,35.));
#1778 = ( GEOMETRIC_REPRESENTATION_CONTEXT(2) 
PARAMETRIC_REPRESENTATION_CONTEXT() REPRESENTATION_CONTEXT('2D SPACE',''
  ) );
#1779 = PCURVE('',#1780,#1785);
#1780 = PLANE('',#1781);
#1781 = AXIS2_PLACEMENT_3D('',#1782,#1783,#1784);
#1782 = CARTESIAN_POINT('',(-204.35,89.99,78.5));
#1783 = DIRECTION('',(1.,0.,-0.));
#1784 = DIRECTION('',(0.,0.,1.));
#1785 = DEFINITIONAL_REPRESENTATION('',(#1786),#1789);
#1786 = B_SPLINE_CURVE_WITH_KNOTS('',1,(#1787,#1788),.UNSPECIFIED.,.F.,
  .F.,(2,2),(-55.75,-41.75),.PIECEWISE_BEZIER_KNOTS.);
#1787 = CARTESIAN_POINT('',(14.,-1.000000000001E-02));
#1788 = CARTESIAN_POINT('',(0.,-1.000000000001E-02));
#1789 = ( GEOMETRIC_REPRESENTATION_CONTEXT(2) 
PARAMETRIC_REPRESENTATION_CONTEXT() REPRESENTATION_CONTEXT('2D SPACE',''
  ) );
#1790 = FACE_BOUND('',#1791,.F.);
#1791 = EDGE_LOOP('',(#1792));
#1792 = ORIENTED_EDGE('',*,*,#1793,.F.);
#1793 = EDGE_CURVE('',#1794,#1794,#1796,.T.);
#1794 = VERTEX_POINT('',#1795);
#1795 = CARTESIAN_POINT('',(-212.575,90.,96.5));
#1796 = SURFACE_CURVE('',#1797,(#1802,#1809),.PCURVE_S1.);
#1797 = CIRCLE('',#1798,1.775);
#1798 = AXIS2_PLACEMENT_3D('',#1799,#1800,#1801);
#1799 = CARTESIAN_POINT('',(-214.35,90.,96.5));
#1800 = DIRECTION('',(0.,1.,2.22044604925E-16));
#1801 = DIRECTION('',(1.,0.,-0.));
#1802 = PCURVE('',#44,#1803);
#1803 = DEFINITIONAL_REPRESENTATION('',(#1804),#1808);
#1804 = CIRCLE('',#1805,1.775);
#1805 = AXIS2_PLACEMENT_2D('',#1806,#1807);
#1806 = CARTESIAN_POINT('',(101.5,25.));
#1807 = DIRECTION('',(0.,1.));
#1808 = ( GEOMETRIC_REPRESENTATION_CONTEXT(2) 
PARAMETRIC_REPRESENTATION_CONTEXT() REPRESENTATION_CONTEXT('2D SPACE',''
  ) );
#1809 = PCURVE('',#1810,#1815);
#1810 = CYLINDRICAL_SURFACE('',#1811,1.775);
#1811 = AXIS2_PLACEMENT_3D('',#1812,#1813,#1814);
#1812 = CARTESIAN_POINT('',(-214.35,89.99,96.5));
#1813 = DIRECTION('',(0.,1.,2.22044604925E-16));
#1814 = DIRECTION('',(1.,0.,-0.));
#1815 = DEFINITIONAL_REPRESENTATION('',(#1816),#1820);
#1816 = LINE('',#1817,#1818);
#1817 = CARTESIAN_POINT('',(0.,1.000000000001E-02));
#1818 = VECTOR('',#1819,1.);
#1819 = DIRECTION('',(1.,0.));
#1820 = ( GEOMETRIC_REPRESENTATION_CONTEXT(2) 
PARAMETRIC_REPRESENTATION_CONTEXT() REPRESENTATION_CONTEXT('2D SPACE',''
  ) );
#1821 = FACE_BOUND('',#1822,.F.);
#1822 = EDGE_LOOP('',(#1823,#1854,#1880,#1909));
#1823 = ORIENTED_EDGE('',*,*,#1824,.F.);
#1824 = EDGE_CURVE('',#1825,#1827,#1829,.T.);
#1825 = VERTEX_POINT('',#1826);
#1826 = CARTESIAN_POINT('',(-170.05,90.,53.694928957368));
#1827 = VERTEX_POINT('',#1828);
#1828 = CARTESIAN_POINT('',(-174.25,90.,53.694928957368));
#1829 = SURFACE_CURVE('',#1830,(#1835,#1842),.PCURVE_S1.);
#1830 = CIRCLE('',#1831,4.25);
#1831 = AXIS2_PLACEMENT_3D('',#1832,#1833,#1834);
#1832 = CARTESIAN_POINT('',(-172.15,90.,50.));
#1833 = DIRECTION('',(0.,1.,2.22044604925E-16));
#1834 = DIRECTION('',(1.,0.,-0.));
#1835 = PCURVE('',#44,#1836);
#1836 = DEFINITIONAL_REPRESENTATION('',(#1837),#1841);
#1837 = CIRCLE('',#1838,4.25);
#1838 = AXIS2_PLACEMENT_2D('',#1839,#1840);
#1839 = CARTESIAN_POINT('',(55.,67.2));
#1840 = DIRECTION('',(0.,1.));
#1841 = ( GEOMETRIC_REPRESENTATION_CONTEXT(2) 
PARAMETRIC_REPRESENTATION_CONTEXT() REPRESENTATION_CONTEXT('2D SPACE',''
  ) );
#1842 = PCURVE('',#1843,#1848);
#1843 = CYLINDRICAL_SURFACE('',#1844,4.25);
#1844 = AXIS2_PLACEMENT_3D('',#1845,#1846,#1847);
#1845 = CARTESIAN_POINT('',(-172.15,89.99,50.));
#1846 = DIRECTION('',(0.,1.,2.22044604925E-16));
#1847 = DIRECTION('',(1.,0.,-0.));
#1848 = DEFINITIONAL_REPRESENTATION('',(#1849),#1853);
#1849 = LINE('',#1850,#1851);
#1850 = CARTESIAN_POINT('',(0.,1.000000000001E-02));
#1851 = VECTOR('',#1852,1.);
#1852 = DIRECTION('',(1.,0.));
#1853 = ( GEOMETRIC_REPRESENTATION_CONTEXT(2) 
PARAMETRIC_REPRESENTATION_CONTEXT() REPRESENTATION_CONTEXT('2D SPACE',''
  ) );
#1854 = ORIENTED_EDGE('',*,*,#1855,.F.);
#1855 = EDGE_CURVE('',#1856,#1825,#1858,.T.);
#1856 = VERTEX_POINT('',#1857);
#1857 = CARTESIAN_POINT('',(-170.05,90.,60.));
#1858 = SURFACE_CURVE('',#1859,(#1863,#1869),.PCURVE_S1.);
#1859 = LINE('',#1860,#1861);
#1860 = CARTESIAN_POINT('',(-170.05,90.,22.5));
#1861 = VECTOR('',#1862,1.);
#1862 = DIRECTION('',(-0.,0.,-1.));
#1863 = PCURVE('',#44,#1864);
#1864 = DEFINITIONAL_REPRESENTATION('',(#1865),#1868);
#1865 = B_SPLINE_CURVE_WITH_KNOTS('',1,(#1866,#1867),.UNSPECIFIED.,.F.,
  .F.,(2,2),(-37.5,-31.19492895736),.PIECEWISE_BEZIER_KNOTS.);
#1866 = CARTESIAN_POINT('',(65.,69.3));
#1867 = CARTESIAN_POINT('',(58.694928957368,69.3));
#1868 = ( GEOMETRIC_REPRESENTATION_CONTEXT(2) 
PARAMETRIC_REPRESENTATION_CONTEXT() REPRESENTATION_CONTEXT('2D SPACE',''
  ) );
#1869 = PCURVE('',#1870,#1875);
#1870 = PLANE('',#1871);
#1871 = AXIS2_PLACEMENT_3D('',#1872,#1873,#1874);
#1872 = CARTESIAN_POINT('',(-170.05,89.99,50.));
#1873 = DIRECTION('',(1.,0.,-0.));
#1874 = DIRECTION('',(0.,0.,1.));
#1875 = DEFINITIONAL_REPRESENTATION('',(#1876),#1879);
#1876 = B_SPLINE_CURVE_WITH_KNOTS('',1,(#1877,#1878),.UNSPECIFIED.,.F.,
  .F.,(2,2),(-37.5,-31.19492895736),.PIECEWISE_BEZIER_KNOTS.);
#1877 = CARTESIAN_POINT('',(10.,-1.000000000001E-02));
#1878 = CARTESIAN_POINT('',(3.694928957368,-1.000000000001E-02));
#1879 = ( GEOMETRIC_REPRESENTATION_CONTEXT(2) 
PARAMETRIC_REPRESENTATION_CONTEXT() REPRESENTATION_CONTEXT('2D SPACE',''
  ) );
#1880 = ORIENTED_EDGE('',*,*,#1881,.F.);
#1881 = EDGE_CURVE('',#1882,#1856,#1884,.T.);
#1882 = VERTEX_POINT('',#1883);
#1883 = CARTESIAN_POINT('',(-174.25,90.,60.));
#1884 = SURFACE_CURVE('',#1885,(#1890,#1897),.PCURVE_S1.);
#1885 = CIRCLE('',#1886,2.1);
#1886 = AXIS2_PLACEMENT_3D('',#1887,#1888,#1889);
#1887 = CARTESIAN_POINT('',(-172.15,90.,60.));
#1888 = DIRECTION('',(0.,1.,2.22044604925E-16));
#1889 = DIRECTION('',(1.,0.,-0.));
#1890 = PCURVE('',#44,#1891);
#1891 = DEFINITIONAL_REPRESENTATION('',(#1892),#1896);
#1892 = CIRCLE('',#1893,2.1);
#1893 = AXIS2_PLACEMENT_2D('',#1894,#1895);
#1894 = CARTESIAN_POINT('',(65.,67.2));
#1895 = DIRECTION('',(0.,1.));
#1896 = ( GEOMETRIC_REPRESENTATION_CONTEXT(2) 
PARAMETRIC_REPRESENTATION_CONTEXT() REPRESENTATION_CONTEXT('2D SPACE',''
  ) );
#1897 = PCURVE('',#1898,#1903);
#1898 = CYLINDRICAL_SURFACE('',#1899,2.1);
#1899 = AXIS2_PLACEMENT_3D('',#1900,#1901,#1902);
#1900 = CARTESIAN_POINT('',(-172.15,89.99,60.));
#1901 = DIRECTION('',(0.,1.,2.22044604925E-16));
#1902 = DIRECTION('',(1.,0.,-0.));
#1903 = DEFINITIONAL_REPRESENTATION('',(#1904),#1908);
#1904 = LINE('',#1905,#1906);
#1905 = CARTESIAN_POINT('',(0.,1.000000000001E-02));
#1906 = VECTOR('',#1907,1.);
#1907 = DIRECTION('',(1.,0.));
#1908 = ( GEOMETRIC_REPRESENTATION_CONTEXT(2) 
PARAMETRIC_REPRESENTATION_CONTEXT() REPRESENTATION_CONTEXT('2D SPACE',''
  ) );
#1909 = ORIENTED_EDGE('',*,*,#1910,.T.);
#1910 = EDGE_CURVE('',#1882,#1827,#1911,.T.);
#1911 = SURFACE_CURVE('',#1912,(#1916,#1922),.PCURVE_S1.);
#1912 = LINE('',#1913,#1914);
#1913 = CARTESIAN_POINT('',(-174.25,90.,22.5));
#1914 = VECTOR('',#1915,1.);
#1915 = DIRECTION('',(-0.,0.,-1.));
#1916 = PCURVE('',#44,#1917);
#1917 = DEFINITIONAL_REPRESENTATION('',(#1918),#1921);
#1918 = B_SPLINE_CURVE_WITH_KNOTS('',1,(#1919,#1920),.UNSPECIFIED.,.F.,
  .F.,(2,2),(-37.5,-31.19492895736),.PIECEWISE_BEZIER_KNOTS.);
#1919 = CARTESIAN_POINT('',(65.,65.1));
#1920 = CARTESIAN_POINT('',(58.694928957368,65.1));
#1921 = ( GEOMETRIC_REPRESENTATION_CONTEXT(2) 
PARAMETRIC_REPRESENTATION_CONTEXT() REPRESENTATION_CONTEXT('2D SPACE',''
  ) );
#1922 = PCURVE('',#1923,#1928);
#1923 = PLANE('',#1924);
#1924 = AXIS2_PLACEMENT_3D('',#1925,#1926,#1927);
#1925 = CARTESIAN_POINT('',(-174.25,89.99,50.));
#1926 = DIRECTION('',(1.,0.,-0.));
#1927 = DIRECTION('',(0.,0.,1.));
#1928 = DEFINITIONAL_REPRESENTATION('',(#1929),#1932);
#1929 = B_SPLINE_CURVE_WITH_KNOTS('',1,(#1930,#1931),.UNSPECIFIED.,.F.,
  .F.,(2,2),(-37.5,-31.19492895736),.PIECEWISE_BEZIER_KNOTS.);
#1930 = CARTESIAN_POINT('',(10.,-1.000000000001E-02));
#1931 = CARTESIAN_POINT('',(3.694928957368,-1.000000000001E-02));
#1932 = ( GEOMETRIC_REPRESENTATION_CONTEXT(2) 
PARAMETRIC_REPRESENTATION_CONTEXT() REPRESENTATION_CONTEXT('2D SPACE',''
  ) );
#1933 = FACE_BOUND('',#1934,.F.);
#1934 = EDGE_LOOP('',(#1935,#1963,#1989,#2015));
#1935 = ORIENTED_EDGE('',*,*,#1936,.F.);
#1936 = EDGE_CURVE('',#1937,#1939,#1941,.T.);
#1937 = VERTEX_POINT('',#1938);
#1938 = CARTESIAN_POINT('',(-201.35,90.,92.5));
#1939 = VERTEX_POINT('',#1940);
#1940 = CARTESIAN_POINT('',(-198.35,90.,92.5));
#1941 = SURFACE_CURVE('',#1942,(#1946,#1952),.PCURVE_S1.);
#1942 = LINE('',#1943,#1944);
#1943 = CARTESIAN_POINT('',(-220.35,90.,92.5));
#1944 = VECTOR('',#1945,1.);
#1945 = DIRECTION('',(1.,0.,-0.));
#1946 = PCURVE('',#44,#1947);
#1947 = DEFINITIONAL_REPRESENTATION('',(#1948),#1951);
#1948 = B_SPLINE_CURVE_WITH_KNOTS('',1,(#1949,#1950),.UNSPECIFIED.,.F.,
  .F.,(2,2),(19.,22.),.PIECEWISE_BEZIER_KNOTS.);
#1949 = CARTESIAN_POINT('',(97.5,38.));
#1950 = CARTESIAN_POINT('',(97.5,41.));
#1951 = ( GEOMETRIC_REPRESENTATION_CONTEXT(2) 
PARAMETRIC_REPRESENTATION_CONTEXT() REPRESENTATION_CONTEXT('2D SPACE',''
  ) );
#1952 = PCURVE('',#1953,#1958);
#1953 = PLANE('',#1954);
#1954 = AXIS2_PLACEMENT_3D('',#1955,#1956,#1957);
#1955 = CARTESIAN_POINT('',(-201.35,89.99,92.5));
#1956 = DIRECTION('',(0.,0.,1.));
#1957 = DIRECTION('',(1.,0.,-0.));
#1958 = DEFINITIONAL_REPRESENTATION('',(#1959),#1962);
#1959 = B_SPLINE_CURVE_WITH_KNOTS('',1,(#1960,#1961),.UNSPECIFIED.,.F.,
  .F.,(2,2),(19.,22.),.PIECEWISE_BEZIER_KNOTS.);
#1960 = CARTESIAN_POINT('',(0.,1.000000000001E-02));
#1961 = CARTESIAN_POINT('',(3.,1.000000000001E-02));
#1962 = ( GEOMETRIC_REPRESENTATION_CONTEXT(2) 
PARAMETRIC_REPRESENTATION_CONTEXT() REPRESENTATION_CONTEXT('2D SPACE',''
  ) );
#1963 = ORIENTED_EDGE('',*,*,#1964,.T.);
#1964 = EDGE_CURVE('',#1937,#1965,#1967,.T.);
#1965 = VERTEX_POINT('',#1966);
#1966 = CARTESIAN_POINT('',(-201.35,90.,78.5));
#1967 = SURFACE_CURVE('',#1968,(#1972,#1978),.PCURVE_S1.);
#1968 = LINE('',#1969,#1970);
#1969 = CARTESIAN_POINT('',(-201.35,90.,36.75));
#1970 = VECTOR('',#1971,1.);
#1971 = DIRECTION('',(-0.,0.,-1.));
#1972 = PCURVE('',#44,#1973);
#1973 = DEFINITIONAL_REPRESENTATION('',(#1974),#1977);
#1974 = B_SPLINE_CURVE_WITH_KNOTS('',1,(#1975,#1976),.UNSPECIFIED.,.F.,
  .F.,(2,2),(-55.75,-41.75),.PIECEWISE_BEZIER_KNOTS.);
#1975 = CARTESIAN_POINT('',(97.5,38.));
#1976 = CARTESIAN_POINT('',(83.5,38.));
#1977 = ( GEOMETRIC_REPRESENTATION_CONTEXT(2) 
PARAMETRIC_REPRESENTATION_CONTEXT() REPRESENTATION_CONTEXT('2D SPACE',''
  ) );
#1978 = PCURVE('',#1979,#1984);
#1979 = PLANE('',#1980);
#1980 = AXIS2_PLACEMENT_3D('',#1981,#1982,#1983);
#1981 = CARTESIAN_POINT('',(-201.35,89.99,78.5));
#1982 = DIRECTION('',(1.,0.,-0.));
#1983 = DIRECTION('',(0.,0.,1.));
#1984 = DEFINITIONAL_REPRESENTATION('',(#1985),#1988);
#1985 = B_SPLINE_CURVE_WITH_KNOTS('',1,(#1986,#1987),.UNSPECIFIED.,.F.,
  .F.,(2,2),(-55.75,-41.75),.PIECEWISE_BEZIER_KNOTS.);
#1986 = CARTESIAN_POINT('',(14.,-1.000000000001E-02));
#1987 = CARTESIAN_POINT('',(0.,-1.000000000001E-02));
#1988 = ( GEOMETRIC_REPRESENTATION_CONTEXT(2) 
PARAMETRIC_REPRESENTATION_CONTEXT() REPRESENTATION_CONTEXT('2D SPACE',''
  ) );
#1989 = ORIENTED_EDGE('',*,*,#1990,.T.);
#1990 = EDGE_CURVE('',#1965,#1991,#1993,.T.);
#1991 = VERTEX_POINT('',#1992);
#1992 = CARTESIAN_POINT('',(-198.35,90.,78.5));
#1993 = SURFACE_CURVE('',#1994,(#1998,#2004),.PCURVE_S1.);
#1994 = LINE('',#1995,#1996);
#1995 = CARTESIAN_POINT('',(-220.35,90.,78.5));
#1996 = VECTOR('',#1997,1.);
#1997 = DIRECTION('',(1.,0.,-0.));
#1998 = PCURVE('',#44,#1999);
#1999 = DEFINITIONAL_REPRESENTATION('',(#2000),#2003);
#2000 = B_SPLINE_CURVE_WITH_KNOTS('',1,(#2001,#2002),.UNSPECIFIED.,.F.,
  .F.,(2,2),(19.,22.),.PIECEWISE_BEZIER_KNOTS.);
#2001 = CARTESIAN_POINT('',(83.5,38.));
#2002 = CARTESIAN_POINT('',(83.5,41.));
#2003 = ( GEOMETRIC_REPRESENTATION_CONTEXT(2) 
PARAMETRIC_REPRESENTATION_CONTEXT() REPRESENTATION_CONTEXT('2D SPACE',''
  ) );
#2004 = PCURVE('',#2005,#2010);
#2005 = PLANE('',#2006);
#2006 = AXIS2_PLACEMENT_3D('',#2007,#2008,#2009);
#2007 = CARTESIAN_POINT('',(-201.35,89.99,78.5));
#2008 = DIRECTION('',(0.,0.,1.));
#2009 = DIRECTION('',(1.,0.,-0.));
#2010 = DEFINITIONAL_REPRESENTATION('',(#2011),#2014);
#2011 = B_SPLINE_CURVE_WITH_KNOTS('',1,(#2012,#2013),.UNSPECIFIED.,.F.,
  .F.,(2,2),(19.,22.),.PIECEWISE_BEZIER_KNOTS.);
#2012 = CARTESIAN_POINT('',(0.,1.000000000001E-02));
#2013 = CARTESIAN_POINT('',(3.,1.000000000001E-02));
#2014 = ( GEOMETRIC_REPRESENTATION_CONTEXT(2) 
PARAMETRIC_REPRESENTATION_CONTEXT() REPRESENTATION_CONTEXT('2D SPACE',''
  ) );
#2015 = ORIENTED_EDGE('',*,*,#2016,.F.);
#2016 = EDGE_CURVE('',#1939,#1991,#2017,.T.);
#2017 = SURFACE_CURVE('',#2018,(#2022,#2028),.PCURVE_S1.);
#2018 = LINE('',#2019,#2020);
#2019 = CARTESIAN_POINT('',(-198.35,90.,36.75));
#2020 = VECTOR('',#2021,1.);
#2021 = DIRECTION('',(-0.,0.,-1.));
#2022 = PCURVE('',#44,#2023);
#2023 = DEFINITIONAL_REPRESENTATION('',(#2024),#2027);
#2024 = B_SPLINE_CURVE_WITH_KNOTS('',1,(#2025,#2026),.UNSPECIFIED.,.F.,
  .F.,(2,2),(-55.75,-41.75),.PIECEWISE_BEZIER_KNOTS.);
#2025 = CARTESIAN_POINT('',(97.5,41.));
#2026 = CARTESIAN_POINT('',(83.5,41.));
#2027 = ( GEOMETRIC_REPRESENTATION_CONTEXT(2) 
PARAMETRIC_REPRESENTATION_CONTEXT() REPRESENTATION_CONTEXT('2D SPACE',''
  ) );
#2028 = PCURVE('',#2029,#2034);
#2029 = PLANE('',#2030);
#2030 = AXIS2_PLACEMENT_3D('',#2031,#2032,#2033);
#2031 = CARTESIAN_POINT('',(-198.35,89.99,78.5));
#2032 = DIRECTION('',(1.,0.,-0.));
#2033 = DIRECTION('',(0.,0.,1.));
#2034 = DEFINITIONAL_REPRESENTATION('',(#2035),#2038);
#2035 = B_SPLINE_CURVE_WITH_KNOTS('',1,(#2036,#2037),.UNSPECIFIED.,.F.,
  .F.,(2,2),(-55.75,-41.75),.PIECEWISE_BEZIER_KNOTS.);
#2036 = CARTESIAN_POINT('',(14.,-1.000000000001E-02));
#2037 = CARTESIAN_POINT('',(0.,-1.000000000001E-02));
#2038 = ( GEOMETRIC_REPRESENTATION_CONTEXT(2) 
PARAMETRIC_REPRESENTATION_CONTEXT() REPRESENTATION_CONTEXT('2D SPACE',''
  ) );
#2039 = FACE_BOUND('',#2040,.F.);
#2040 = EDGE_LOOP('',(#2041,#2069,#2095,#2121));
#2041 = ORIENTED_EDGE('',*,*,#2042,.F.);
#2042 = EDGE_CURVE('',#2043,#2045,#2047,.T.);
#2043 = VERTEX_POINT('',#2044);
#2044 = CARTESIAN_POINT('',(-195.35,90.,92.5));
#2045 = VERTEX_POINT('',#2046);
#2046 = CARTESIAN_POINT('',(-192.35,90.,92.5));
#2047 = SURFACE_CURVE('',#2048,(#2052,#2058),.PCURVE_S1.);
#2048 = LINE('',#2049,#2050);
#2049 = CARTESIAN_POINT('',(-217.35,90.,92.5));
#2050 = VECTOR('',#2051,1.);
#2051 = DIRECTION('',(1.,0.,-0.));
#2052 = PCURVE('',#44,#2053);
#2053 = DEFINITIONAL_REPRESENTATION('',(#2054),#2057);
#2054 = B_SPLINE_CURVE_WITH_KNOTS('',1,(#2055,#2056),.UNSPECIFIED.,.F.,
  .F.,(2,2),(22.,25.),.PIECEWISE_BEZIER_KNOTS.);
#2055 = CARTESIAN_POINT('',(97.5,44.));
#2056 = CARTESIAN_POINT('',(97.5,47.));
#2057 = ( GEOMETRIC_REPRESENTATION_CONTEXT(2) 
PARAMETRIC_REPRESENTATION_CONTEXT() REPRESENTATION_CONTEXT('2D SPACE',''
  ) );
#2058 = PCURVE('',#2059,#2064);
#2059 = PLANE('',#2060);
#2060 = AXIS2_PLACEMENT_3D('',#2061,#2062,#2063);
#2061 = CARTESIAN_POINT('',(-195.35,89.99,92.5));
#2062 = DIRECTION('',(0.,0.,1.));
#2063 = DIRECTION('',(1.,0.,-0.));
#2064 = DEFINITIONAL_REPRESENTATION('',(#2065),#2068);
#2065 = B_SPLINE_CURVE_WITH_KNOTS('',1,(#2066,#2067),.UNSPECIFIED.,.F.,
  .F.,(2,2),(22.,25.),.PIECEWISE_BEZIER_KNOTS.);
#2066 = CARTESIAN_POINT('',(0.,1.000000000001E-02));
#2067 = CARTESIAN_POINT('',(3.,1.000000000001E-02));
#2068 = ( GEOMETRIC_REPRESENTATION_CONTEXT(2) 
PARAMETRIC_REPRESENTATION_CONTEXT() REPRESENTATION_CONTEXT('2D SPACE',''
  ) );
#2069 = ORIENTED_EDGE('',*,*,#2070,.T.);
#2070 = EDGE_CURVE('',#2043,#2071,#2073,.T.);
#2071 = VERTEX_POINT('',#2072);
#2072 = CARTESIAN_POINT('',(-195.35,90.,78.5));
#2073 = SURFACE_CURVE('',#2074,(#2078,#2084),.PCURVE_S1.);
#2074 = LINE('',#2075,#2076);
#2075 = CARTESIAN_POINT('',(-195.35,90.,36.75));
#2076 = VECTOR('',#2077,1.);
#2077 = DIRECTION('',(-0.,0.,-1.));
#2078 = PCURVE('',#44,#2079);
#2079 = DEFINITIONAL_REPRESENTATION('',(#2080),#2083);
#2080 = B_SPLINE_CURVE_WITH_KNOTS('',1,(#2081,#2082),.UNSPECIFIED.,.F.,
  .F.,(2,2),(-55.75,-41.75),.PIECEWISE_BEZIER_KNOTS.);
#2081 = CARTESIAN_POINT('',(97.5,44.));
#2082 = CARTESIAN_POINT('',(83.5,44.));
#2083 = ( GEOMETRIC_REPRESENTATION_CONTEXT(2) 
PARAMETRIC_REPRESENTATION_CONTEXT() REPRESENTATION_CONTEXT('2D SPACE',''
  ) );
#2084 = PCURVE('',#2085,#2090);
#2085 = PLANE('',#2086);
#2086 = AXIS2_PLACEMENT_3D('',#2087,#2088,#2089);
#2087 = CARTESIAN_POINT('',(-195.35,89.99,78.5));
#2088 = DIRECTION('',(1.,0.,-0.));
#2089 = DIRECTION('',(0.,0.,1.));
#2090 = DEFINITIONAL_REPRESENTATION('',(#2091),#2094);
#2091 = B_SPLINE_CURVE_WITH_KNOTS('',1,(#2092,#2093),.UNSPECIFIED.,.F.,
  .F.,(2,2),(-55.75,-41.75),.PIECEWISE_BEZIER_KNOTS.);
#2092 = CARTESIAN_POINT('',(14.,-1.000000000001E-02));
#2093 = CARTESIAN_POINT('',(0.,-1.000000000001E-02));
#2094 = ( GEOMETRIC_REPRESENTATION_CONTEXT(2) 
PARAMETRIC_REPRESENTATION_CONTEXT() REPRESENTATION_CONTEXT('2D SPACE',''
  ) );
#2095 = ORIENTED_EDGE('',*,*,#2096,.T.);
#2096 = EDGE_CURVE('',#2071,#2097,#2099,.T.);
#2097 = VERTEX_POINT('',#2098);
#2098 = CARTESIAN_POINT('',(-192.35,90.,78.5));
#2099 = SURFACE_CURVE('',#2100,(#2104,#2110),.PCURVE_S1.);
#2100 = LINE('',#2101,#2102);
#2101 = CARTESIAN_POINT('',(-217.35,90.,78.5));
#2102 = VECTOR('',#2103,1.);
#2103 = DIRECTION('',(1.,0.,-0.));
#2104 = PCURVE('',#44,#2105);
#2105 = DEFINITIONAL_REPRESENTATION('',(#2106),#2109);
#2106 = B_SPLINE_CURVE_WITH_KNOTS('',1,(#2107,#2108),.UNSPECIFIED.,.F.,
  .F.,(2,2),(22.,25.),.PIECEWISE_BEZIER_KNOTS.);
#2107 = CARTESIAN_POINT('',(83.5,44.));
#2108 = CARTESIAN_POINT('',(83.5,47.));
#2109 = ( GEOMETRIC_REPRESENTATION_CONTEXT(2) 
PARAMETRIC_REPRESENTATION_CONTEXT() REPRESENTATION_CONTEXT('2D SPACE',''
  ) );
#2110 = PCURVE('',#2111,#2116);
#2111 = PLANE('',#2112);
#2112 = AXIS2_PLACEMENT_3D('',#2113,#2114,#2115);
#2113 = CARTESIAN_POINT('',(-195.35,89.99,78.5));
#2114 = DIRECTION('',(0.,0.,1.));
#2115 = DIRECTION('',(1.,0.,-0.));
#2116 = DEFINITIONAL_REPRESENTATION('',(#2117),#2120);
#2117 = B_SPLINE_CURVE_WITH_KNOTS('',1,(#2118,#2119),.UNSPECIFIED.,.F.,
  .F.,(2,2),(22.,25.),.PIECEWISE_BEZIER_KNOTS.);
#2118 = CARTESIAN_POINT('',(0.,1.000000000001E-02));
#2119 = CARTESIAN_POINT('',(3.,1.000000000001E-02));
#2120 = ( GEOMETRIC_REPRESENTATION_CONTEXT(2) 
PARAMETRIC_REPRESENTATION_CONTEXT() REPRESENTATION_CONTEXT('2D SPACE',''
  ) );
#2121 = ORIENTED_EDGE('',*,*,#2122,.F.);
#2122 = EDGE_CURVE('',#2045,#2097,#2123,.T.);
#2123 = SURFACE_CURVE('',#2124,(#2128,#2134),.PCURVE_S1.);
#2124 = LINE('',#2125,#2126);
#2125 = CARTESIAN_POINT('',(-192.35,90.,36.75));
#2126 = VECTOR('',#2127,1.);
#2127 = DIRECTION('',(-0.,0.,-1.));
#2128 = PCURVE('',#44,#2129);
#2129 = DEFINITIONAL_REPRESENTATION('',(#2130),#2133);
#2130 = B_SPLINE_CURVE_WITH_KNOTS('',1,(#2131,#2132),.UNSPECIFIED.,.F.,
  .F.,(2,2),(-55.75,-41.75),.PIECEWISE_BEZIER_KNOTS.);
#2131 = CARTESIAN_POINT('',(97.5,47.));
#2132 = CARTESIAN_POINT('',(83.5,47.));
#2133 = ( GEOMETRIC_REPRESENTATION_CONTEXT(2) 
PARAMETRIC_REPRESENTATION_CONTEXT() REPRESENTATION_CONTEXT('2D SPACE',''
  ) );
#2134 = PCURVE('',#2135,#2140);
#2135 = PLANE('',#2136);
#2136 = AXIS2_PLACEMENT_3D('',#2137,#2138,#2139);
#2137 = CARTESIAN_POINT('',(-192.35,89.99,78.5));
#2138 = DIRECTION('',(1.,0.,-0.));
#2139 = DIRECTION('',(0.,0.,1.));
#2140 = DEFINITIONAL_REPRESENTATION('',(#2141),#2144);
#2141 = B_SPLINE_CURVE_WITH_KNOTS('',1,(#2142,#2143),.UNSPECIFIED.,.F.,
  .F.,(2,2),(-55.75,-41.75),.PIECEWISE_BEZIER_KNOTS.);
#2142 = CARTESIAN_POINT('',(14.,-1.000000000001E-02));
#2143 = CARTESIAN_POINT('',(0.,-1.000000000001E-02));
#2144 = ( GEOMETRIC_REPRESENTATION_CONTEXT(2) 
PARAMETRIC_REPRESENTATION_CONTEXT() REPRESENTATION_CONTEXT('2D SPACE',''
  ) );
#2145 = FACE_BOUND('',#2146,.F.);
#2146 = EDGE_LOOP('',(#2147,#2175,#2201,#2227));
#2147 = ORIENTED_EDGE('',*,*,#2148,.F.);
#2148 = EDGE_CURVE('',#2149,#2151,#2153,.T.);
#2149 = VERTEX_POINT('',#2150);
#2150 = CARTESIAN_POINT('',(-189.35,90.,92.5));
#2151 = VERTEX_POINT('',#2152);
#2152 = CARTESIAN_POINT('',(-186.35,90.,92.5));
#2153 = SURFACE_CURVE('',#2154,(#2158,#2164),.PCURVE_S1.);
#2154 = LINE('',#2155,#2156);
#2155 = CARTESIAN_POINT('',(-214.35,90.,92.5));
#2156 = VECTOR('',#2157,1.);
#2157 = DIRECTION('',(1.,0.,-0.));
#2158 = PCURVE('',#44,#2159);
#2159 = DEFINITIONAL_REPRESENTATION('',(#2160),#2163);
#2160 = B_SPLINE_CURVE_WITH_KNOTS('',1,(#2161,#2162),.UNSPECIFIED.,.F.,
  .F.,(2,2),(25.,28.),.PIECEWISE_BEZIER_KNOTS.);
#2161 = CARTESIAN_POINT('',(97.5,50.));
#2162 = CARTESIAN_POINT('',(97.5,53.));
#2163 = ( GEOMETRIC_REPRESENTATION_CONTEXT(2) 
PARAMETRIC_REPRESENTATION_CONTEXT() REPRESENTATION_CONTEXT('2D SPACE',''
  ) );
#2164 = PCURVE('',#2165,#2170);
#2165 = PLANE('',#2166);
#2166 = AXIS2_PLACEMENT_3D('',#2167,#2168,#2169);
#2167 = CARTESIAN_POINT('',(-189.35,89.99,92.5));
#2168 = DIRECTION('',(0.,0.,1.));
#2169 = DIRECTION('',(1.,0.,-0.));
#2170 = DEFINITIONAL_REPRESENTATION('',(#2171),#2174);
#2171 = B_SPLINE_CURVE_WITH_KNOTS('',1,(#2172,#2173),.UNSPECIFIED.,.F.,
  .F.,(2,2),(25.,28.),.PIECEWISE_BEZIER_KNOTS.);
#2172 = CARTESIAN_POINT('',(0.,1.000000000001E-02));
#2173 = CARTESIAN_POINT('',(3.,1.000000000001E-02));
#2174 = ( GEOMETRIC_REPRESENTATION_CONTEXT(2) 
PARAMETRIC_REPRESENTATION_CONTEXT() REPRESENTATION_CONTEXT('2D SPACE',''
  ) );
#2175 = ORIENTED_EDGE('',*,*,#2176,.T.);
#2176 = EDGE_CURVE('',#2149,#2177,#2179,.T.);
#2177 = VERTEX_POINT('',#2178);
#2178 = CARTESIAN_POINT('',(-189.35,90.,78.5));
#2179 = SURFACE_CURVE('',#2180,(#2184,#2190),.PCURVE_S1.);
#2180 = LINE('',#2181,#2182);
#2181 = CARTESIAN_POINT('',(-189.35,90.,36.75));
#2182 = VECTOR('',#2183,1.);
#2183 = DIRECTION('',(-0.,0.,-1.));
#2184 = PCURVE('',#44,#2185);
#2185 = DEFINITIONAL_REPRESENTATION('',(#2186),#2189);
#2186 = B_SPLINE_CURVE_WITH_KNOTS('',1,(#2187,#2188),.UNSPECIFIED.,.F.,
  .F.,(2,2),(-55.75,-41.75),.PIECEWISE_BEZIER_KNOTS.);
#2187 = CARTESIAN_POINT('',(97.5,50.));
#2188 = CARTESIAN_POINT('',(83.5,50.));
#2189 = ( GEOMETRIC_REPRESENTATION_CONTEXT(2) 
PARAMETRIC_REPRESENTATION_CONTEXT() REPRESENTATION_CONTEXT('2D SPACE',''
  ) );
#2190 = PCURVE('',#2191,#2196);
#2191 = PLANE('',#2192);
#2192 = AXIS2_PLACEMENT_3D('',#2193,#2194,#2195);
#2193 = CARTESIAN_POINT('',(-189.35,89.99,78.5));
#2194 = DIRECTION('',(1.,0.,-0.));
#2195 = DIRECTION('',(0.,0.,1.));
#2196 = DEFINITIONAL_REPRESENTATION('',(#2197),#2200);
#2197 = B_SPLINE_CURVE_WITH_KNOTS('',1,(#2198,#2199),.UNSPECIFIED.,.F.,
  .F.,(2,2),(-55.75,-41.75),.PIECEWISE_BEZIER_KNOTS.);
#2198 = CARTESIAN_POINT('',(14.,-1.000000000001E-02));
#2199 = CARTESIAN_POINT('',(0.,-1.000000000001E-02));
#2200 = ( GEOMETRIC_REPRESENTATION_CONTEXT(2) 
PARAMETRIC_REPRESENTATION_CONTEXT() REPRESENTATION_CONTEXT('2D SPACE',''
  ) );
#2201 = ORIENTED_EDGE('',*,*,#2202,.T.);
#2202 = EDGE_CURVE('',#2177,#2203,#2205,.T.);
#2203 = VERTEX_POINT('',#2204);
#2204 = CARTESIAN_POINT('',(-186.35,90.,78.5));
#2205 = SURFACE_CURVE('',#2206,(#2210,#2216),.PCURVE_S1.);
#2206 = LINE('',#2207,#2208);
#2207 = CARTESIAN_POINT('',(-214.35,90.,78.5));
#2208 = VECTOR('',#2209,1.);
#2209 = DIRECTION('',(1.,0.,-0.));
#2210 = PCURVE('',#44,#2211);
#2211 = DEFINITIONAL_REPRESENTATION('',(#2212),#2215);
#2212 = B_SPLINE_CURVE_WITH_KNOTS('',1,(#2213,#2214),.UNSPECIFIED.,.F.,
  .F.,(2,2),(25.,28.),.PIECEWISE_BEZIER_KNOTS.);
#2213 = CARTESIAN_POINT('',(83.5,50.));
#2214 = CARTESIAN_POINT('',(83.5,53.));
#2215 = ( GEOMETRIC_REPRESENTATION_CONTEXT(2) 
PARAMETRIC_REPRESENTATION_CONTEXT() REPRESENTATION_CONTEXT('2D SPACE',''
  ) );
#2216 = PCURVE('',#2217,#2222);
#2217 = PLANE('',#2218);
#2218 = AXIS2_PLACEMENT_3D('',#2219,#2220,#2221);
#2219 = CARTESIAN_POINT('',(-189.35,89.99,78.5));
#2220 = DIRECTION('',(0.,0.,1.));
#2221 = DIRECTION('',(1.,0.,-0.));
#2222 = DEFINITIONAL_REPRESENTATION('',(#2223),#2226);
#2223 = B_SPLINE_CURVE_WITH_KNOTS('',1,(#2224,#2225),.UNSPECIFIED.,.F.,
  .F.,(2,2),(25.,28.),.PIECEWISE_BEZIER_KNOTS.);
#2224 = CARTESIAN_POINT('',(0.,1.000000000001E-02));
#2225 = CARTESIAN_POINT('',(3.,1.000000000001E-02));
#2226 = ( GEOMETRIC_REPRESENTATION_CONTEXT(2) 
PARAMETRIC_REPRESENTATION_CONTEXT() REPRESENTATION_CONTEXT('2D SPACE',''
  ) );
#2227 = ORIENTED_EDGE('',*,*,#2228,.F.);
#2228 = EDGE_CURVE('',#2151,#2203,#2229,.T.);
#2229 = SURFACE_CURVE('',#2230,(#2234,#2240),.PCURVE_S1.);
#2230 = LINE('',#2231,#2232);
#2231 = CARTESIAN_POINT('',(-186.35,90.,36.75));
#2232 = VECTOR('',#2233,1.);
#2233 = DIRECTION('',(-0.,0.,-1.));
#2234 = PCURVE('',#44,#2235);
#2235 = DEFINITIONAL_REPRESENTATION('',(#2236),#2239);
#2236 = B_SPLINE_CURVE_WITH_KNOTS('',1,(#2237,#2238),.UNSPECIFIED.,.F.,
  .F.,(2,2),(-55.75,-41.75),.PIECEWISE_BEZIER_KNOTS.);
#2237 = CARTESIAN_POINT('',(97.5,53.));
#2238 = CARTESIAN_POINT('',(83.5,53.));
#2239 = ( GEOMETRIC_REPRESENTATION_CONTEXT(2) 
PARAMETRIC_REPRESENTATION_CONTEXT() REPRESENTATION_CONTEXT('2D SPACE',''
  ) );
#2240 = PCURVE('',#2241,#2246);
#2241 = PLANE('',#2242);
#2242 = AXIS2_PLACEMENT_3D('',#2243,#2244,#2245);
#2243 = CARTESIAN_POINT('',(-186.35,89.99,78.5));
#2244 = DIRECTION('',(1.,0.,-0.));
#2245 = DIRECTION('',(0.,0.,1.));
#2246 = DEFINITIONAL_REPRESENTATION('',(#2247),#2250);
#2247 = B_SPLINE_CURVE_WITH_KNOTS('',1,(#2248,#2249),.UNSPECIFIED.,.F.,
  .F.,(2,2),(-55.75,-41.75),.PIECEWISE_BEZIER_KNOTS.);
#2248 = CARTESIAN_POINT('',(14.,-1.000000000001E-02));
#2249 = CARTESIAN_POINT('',(0.,-1.000000000001E-02));
#2250 = ( GEOMETRIC_REPRESENTATION_CONTEXT(2) 
PARAMETRIC_REPRESENTATION_CONTEXT() REPRESENTATION_CONTEXT('2D SPACE',''
  ) );
#2251 = FACE_BOUND('',#2252,.F.);
#2252 = EDGE_LOOP('',(#2253,#2281,#2307,#2333));
#2253 = ORIENTED_EDGE('',*,*,#2254,.F.);
#2254 = EDGE_CURVE('',#2255,#2257,#2259,.T.);
#2255 = VERTEX_POINT('',#2256);
#2256 = CARTESIAN_POINT('',(-183.35,90.,92.5));
#2257 = VERTEX_POINT('',#2258);
#2258 = CARTESIAN_POINT('',(-180.35,90.,92.5));
#2259 = SURFACE_CURVE('',#2260,(#2264,#2270),.PCURVE_S1.);
#2260 = LINE('',#2261,#2262);
#2261 = CARTESIAN_POINT('',(-211.35,90.,92.5));
#2262 = VECTOR('',#2263,1.);
#2263 = DIRECTION('',(1.,0.,-0.));
#2264 = PCURVE('',#44,#2265);
#2265 = DEFINITIONAL_REPRESENTATION('',(#2266),#2269);
#2266 = B_SPLINE_CURVE_WITH_KNOTS('',1,(#2267,#2268),.UNSPECIFIED.,.F.,
  .F.,(2,2),(28.,31.),.PIECEWISE_BEZIER_KNOTS.);
#2267 = CARTESIAN_POINT('',(97.5,56.));
#2268 = CARTESIAN_POINT('',(97.5,59.));
#2269 = ( GEOMETRIC_REPRESENTATION_CONTEXT(2) 
PARAMETRIC_REPRESENTATION_CONTEXT() REPRESENTATION_CONTEXT('2D SPACE',''
  ) );
#2270 = PCURVE('',#2271,#2276);
#2271 = PLANE('',#2272);
#2272 = AXIS2_PLACEMENT_3D('',#2273,#2274,#2275);
#2273 = CARTESIAN_POINT('',(-183.35,89.99,92.5));
#2274 = DIRECTION('',(0.,0.,1.));
#2275 = DIRECTION('',(1.,0.,-0.));
#2276 = DEFINITIONAL_REPRESENTATION('',(#2277),#2280);
#2277 = B_SPLINE_CURVE_WITH_KNOTS('',1,(#2278,#2279),.UNSPECIFIED.,.F.,
  .F.,(2,2),(28.,31.),.PIECEWISE_BEZIER_KNOTS.);
#2278 = CARTESIAN_POINT('',(0.,1.000000000001E-02));
#2279 = CARTESIAN_POINT('',(3.,1.000000000001E-02));
#2280 = ( GEOMETRIC_REPRESENTATION_CONTEXT(2) 
PARAMETRIC_REPRESENTATION_CONTEXT() REPRESENTATION_CONTEXT('2D SPACE',''
  ) );
#2281 = ORIENTED_EDGE('',*,*,#2282,.T.);
#2282 = EDGE_CURVE('',#2255,#2283,#2285,.T.);
#2283 = VERTEX_POINT('',#2284);
#2284 = CARTESIAN_POINT('',(-183.35,90.,78.5));
#2285 = SURFACE_CURVE('',#2286,(#2290,#2296),.PCURVE_S1.);
#2286 = LINE('',#2287,#2288);
#2287 = CARTESIAN_POINT('',(-183.35,90.,36.75));
#2288 = VECTOR('',#2289,1.);
#2289 = DIRECTION('',(-0.,0.,-1.));
#2290 = PCURVE('',#44,#2291);
#2291 = DEFINITIONAL_REPRESENTATION('',(#2292),#2295);
#2292 = B_SPLINE_CURVE_WITH_KNOTS('',1,(#2293,#2294),.UNSPECIFIED.,.F.,
  .F.,(2,2),(-55.75,-41.75),.PIECEWISE_BEZIER_KNOTS.);
#2293 = CARTESIAN_POINT('',(97.5,56.));
#2294 = CARTESIAN_POINT('',(83.5,56.));
#2295 = ( GEOMETRIC_REPRESENTATION_CONTEXT(2) 
PARAMETRIC_REPRESENTATION_CONTEXT() REPRESENTATION_CONTEXT('2D SPACE',''
  ) );
#2296 = PCURVE('',#2297,#2302);
#2297 = PLANE('',#2298);
#2298 = AXIS2_PLACEMENT_3D('',#2299,#2300,#2301);
#2299 = CARTESIAN_POINT('',(-183.35,89.99,78.5));
#2300 = DIRECTION('',(1.,0.,-0.));
#2301 = DIRECTION('',(0.,0.,1.));
#2302 = DEFINITIONAL_REPRESENTATION('',(#2303),#2306);
#2303 = B_SPLINE_CURVE_WITH_KNOTS('',1,(#2304,#2305),.UNSPECIFIED.,.F.,
  .F.,(2,2),(-55.75,-41.75),.PIECEWISE_BEZIER_KNOTS.);
#2304 = CARTESIAN_POINT('',(14.,-1.000000000001E-02));
#2305 = CARTESIAN_POINT('',(0.,-1.000000000001E-02));
#2306 = ( GEOMETRIC_REPRESENTATION_CONTEXT(2) 
PARAMETRIC_REPRESENTATION_CONTEXT() REPRESENTATION_CONTEXT('2D SPACE',''
  ) );
#2307 = ORIENTED_EDGE('',*,*,#2308,.T.);
#2308 = EDGE_CURVE('',#2283,#2309,#2311,.T.);
#2309 = VERTEX_POINT('',#2310);
#2310 = CARTESIAN_POINT('',(-180.35,90.,78.5));
#2311 = SURFACE_CURVE('',#2312,(#2316,#2322),.PCURVE_S1.);
#2312 = LINE('',#2313,#2314);
#2313 = CARTESIAN_POINT('',(-211.35,90.,78.5));
#2314 = VECTOR('',#2315,1.);
#2315 = DIRECTION('',(1.,0.,-0.));
#2316 = PCURVE('',#44,#2317);
#2317 = DEFINITIONAL_REPRESENTATION('',(#2318),#2321);
#2318 = B_SPLINE_CURVE_WITH_KNOTS('',1,(#2319,#2320),.UNSPECIFIED.,.F.,
  .F.,(2,2),(28.,31.),.PIECEWISE_BEZIER_KNOTS.);
#2319 = CARTESIAN_POINT('',(83.5,56.));
#2320 = CARTESIAN_POINT('',(83.5,59.));
#2321 = ( GEOMETRIC_REPRESENTATION_CONTEXT(2) 
PARAMETRIC_REPRESENTATION_CONTEXT() REPRESENTATION_CONTEXT('2D SPACE',''
  ) );
#2322 = PCURVE('',#2323,#2328);
#2323 = PLANE('',#2324);
#2324 = AXIS2_PLACEMENT_3D('',#2325,#2326,#2327);
#2325 = CARTESIAN_POINT('',(-183.35,89.99,78.5));
#2326 = DIRECTION('',(0.,0.,1.));
#2327 = DIRECTION('',(1.,0.,-0.));
#2328 = DEFINITIONAL_REPRESENTATION('',(#2329),#2332);
#2329 = B_SPLINE_CURVE_WITH_KNOTS('',1,(#2330,#2331),.UNSPECIFIED.,.F.,
  .F.,(2,2),(28.,31.),.PIECEWISE_BEZIER_KNOTS.);
#2330 = CARTESIAN_POINT('',(0.,1.000000000001E-02));
#2331 = CARTESIAN_POINT('',(3.,1.000000000001E-02));
#2332 = ( GEOMETRIC_REPRESENTATION_CONTEXT(2) 
PARAMETRIC_REPRESENTATION_CONTEXT() REPRESENTATION_CONTEXT('2D SPACE',''
  ) );
#2333 = ORIENTED_EDGE('',*,*,#2334,.F.);
#2334 = EDGE_CURVE('',#2257,#2309,#2335,.T.);
#2335 = SURFACE_CURVE('',#2336,(#2340,#2346),.PCURVE_S1.);
#2336 = LINE('',#2337,#2338);
#2337 = CARTESIAN_POINT('',(-180.35,90.,36.75));
#2338 = VECTOR('',#2339,1.);
#2339 = DIRECTION('',(-0.,0.,-1.));
#2340 = PCURVE('',#44,#2341);
#2341 = DEFINITIONAL_REPRESENTATION('',(#2342),#2345);
#2342 = B_SPLINE_CURVE_WITH_KNOTS('',1,(#2343,#2344),.UNSPECIFIED.,.F.,
  .F.,(2,2),(-55.75,-41.75),.PIECEWISE_BEZIER_KNOTS.);
#2343 = CARTESIAN_POINT('',(97.5,59.));
#2344 = CARTESIAN_POINT('',(83.5,59.));
#2345 = ( GEOMETRIC_REPRESENTATION_CONTEXT(2) 
PARAMETRIC_REPRESENTATION_CONTEXT() REPRESENTATION_CONTEXT('2D SPACE',''
  ) );
#2346 = PCURVE('',#2347,#2352);
#2347 = PLANE('',#2348);
#2348 = AXIS2_PLACEMENT_3D('',#2349,#2350,#2351);
#2349 = CARTESIAN_POINT('',(-180.35,89.99,78.5));
#2350 = DIRECTION('',(1.,0.,-0.));
#2351 = DIRECTION('',(0.,0.,1.));
#2352 = DEFINITIONAL_REPRESENTATION('',(#2353),#2356);
#2353 = B_SPLINE_CURVE_WITH_KNOTS('',1,(#2354,#2355),.UNSPECIFIED.,.F.,
  .F.,(2,2),(-55.75,-41.75),.PIECEWISE_BEZIER_KNOTS.);
#2354 = CARTESIAN_POINT('',(14.,-1.000000000001E-02));
#2355 = CARTESIAN_POINT('',(0.,-1.000000000001E-02));
#2356 = ( GEOMETRIC_REPRESENTATION_CONTEXT(2) 
PARAMETRIC_REPRESENTATION_CONTEXT() REPRESENTATION_CONTEXT('2D SPACE',''
  ) );
#2357 = FACE_BOUND('',#2358,.F.);
#2358 = EDGE_LOOP('',(#2359,#2387,#2413,#2439));
#2359 = ORIENTED_EDGE('',*,*,#2360,.F.);
#2360 = EDGE_CURVE('',#2361,#2363,#2365,.T.);
#2361 = VERTEX_POINT('',#2362);
#2362 = CARTESIAN_POINT('',(-177.35,90.,92.5));
#2363 = VERTEX_POINT('',#2364);
#2364 = CARTESIAN_POINT('',(-174.35,90.,92.5));
#2365 = SURFACE_CURVE('',#2366,(#2370,#2376),.PCURVE_S1.);
#2366 = LINE('',#2367,#2368);
#2367 = CARTESIAN_POINT('',(-208.35,90.,92.5));
#2368 = VECTOR('',#2369,1.);
#2369 = DIRECTION('',(1.,0.,-0.));
#2370 = PCURVE('',#44,#2371);
#2371 = DEFINITIONAL_REPRESENTATION('',(#2372),#2375);
#2372 = B_SPLINE_CURVE_WITH_KNOTS('',1,(#2373,#2374),.UNSPECIFIED.,.F.,
  .F.,(2,2),(31.,34.),.PIECEWISE_BEZIER_KNOTS.);
#2373 = CARTESIAN_POINT('',(97.5,62.));
#2374 = CARTESIAN_POINT('',(97.5,65.));
#2375 = ( GEOMETRIC_REPRESENTATION_CONTEXT(2) 
PARAMETRIC_REPRESENTATION_CONTEXT() REPRESENTATION_CONTEXT('2D SPACE',''
  ) );
#2376 = PCURVE('',#2377,#2382);
#2377 = PLANE('',#2378);
#2378 = AXIS2_PLACEMENT_3D('',#2379,#2380,#2381);
#2379 = CARTESIAN_POINT('',(-177.35,89.99,92.5));
#2380 = DIRECTION('',(0.,0.,1.));
#2381 = DIRECTION('',(1.,0.,-0.));
#2382 = DEFINITIONAL_REPRESENTATION('',(#2383),#2386);
#2383 = B_SPLINE_CURVE_WITH_KNOTS('',1,(#2384,#2385),.UNSPECIFIED.,.F.,
  .F.,(2,2),(31.,34.),.PIECEWISE_BEZIER_KNOTS.);
#2384 = CARTESIAN_POINT('',(0.,1.000000000001E-02));
#2385 = CARTESIAN_POINT('',(3.,1.000000000001E-02));
#2386 = ( GEOMETRIC_REPRESENTATION_CONTEXT(2) 
PARAMETRIC_REPRESENTATION_CONTEXT() REPRESENTATION_CONTEXT('2D SPACE',''
  ) );
#2387 = ORIENTED_EDGE('',*,*,#2388,.T.);
#2388 = EDGE_CURVE('',#2361,#2389,#2391,.T.);
#2389 = VERTEX_POINT('',#2390);
#2390 = CARTESIAN_POINT('',(-177.35,90.,78.5));
#2391 = SURFACE_CURVE('',#2392,(#2396,#2402),.PCURVE_S1.);
#2392 = LINE('',#2393,#2394);
#2393 = CARTESIAN_POINT('',(-177.35,90.,36.75));
#2394 = VECTOR('',#2395,1.);
#2395 = DIRECTION('',(-0.,0.,-1.));
#2396 = PCURVE('',#44,#2397);
#2397 = DEFINITIONAL_REPRESENTATION('',(#2398),#2401);
#2398 = B_SPLINE_CURVE_WITH_KNOTS('',1,(#2399,#2400),.UNSPECIFIED.,.F.,
  .F.,(2,2),(-55.75,-41.75),.PIECEWISE_BEZIER_KNOTS.);
#2399 = CARTESIAN_POINT('',(97.5,62.));
#2400 = CARTESIAN_POINT('',(83.5,62.));
#2401 = ( GEOMETRIC_REPRESENTATION_CONTEXT(2) 
PARAMETRIC_REPRESENTATION_CONTEXT() REPRESENTATION_CONTEXT('2D SPACE',''
  ) );
#2402 = PCURVE('',#2403,#2408);
#2403 = PLANE('',#2404);
#2404 = AXIS2_PLACEMENT_3D('',#2405,#2406,#2407);
#2405 = CARTESIAN_POINT('',(-177.35,89.99,78.5));
#2406 = DIRECTION('',(1.,0.,-0.));
#2407 = DIRECTION('',(0.,0.,1.));
#2408 = DEFINITIONAL_REPRESENTATION('',(#2409),#2412);
#2409 = B_SPLINE_CURVE_WITH_KNOTS('',1,(#2410,#2411),.UNSPECIFIED.,.F.,
  .F.,(2,2),(-55.75,-41.75),.PIECEWISE_BEZIER_KNOTS.);
#2410 = CARTESIAN_POINT('',(14.,-1.000000000001E-02));
#2411 = CARTESIAN_POINT('',(0.,-1.000000000001E-02));
#2412 = ( GEOMETRIC_REPRESENTATION_CONTEXT(2) 
PARAMETRIC_REPRESENTATION_CONTEXT() REPRESENTATION_CONTEXT('2D SPACE',''
  ) );
#2413 = ORIENTED_EDGE('',*,*,#2414,.T.);
#2414 = EDGE_CURVE('',#2389,#2415,#2417,.T.);
#2415 = VERTEX_POINT('',#2416);
#2416 = CARTESIAN_POINT('',(-174.35,90.,78.5));
#2417 = SURFACE_CURVE('',#2418,(#2422,#2428),.PCURVE_S1.);
#2418 = LINE('',#2419,#2420);
#2419 = CARTESIAN_POINT('',(-208.35,90.,78.5));
#2420 = VECTOR('',#2421,1.);
#2421 = DIRECTION('',(1.,0.,-0.));
#2422 = PCURVE('',#44,#2423);
#2423 = DEFINITIONAL_REPRESENTATION('',(#2424),#2427);
#2424 = B_SPLINE_CURVE_WITH_KNOTS('',1,(#2425,#2426),.UNSPECIFIED.,.F.,
  .F.,(2,2),(31.,34.),.PIECEWISE_BEZIER_KNOTS.);
#2425 = CARTESIAN_POINT('',(83.5,62.));
#2426 = CARTESIAN_POINT('',(83.5,65.));
#2427 = ( GEOMETRIC_REPRESENTATION_CONTEXT(2) 
PARAMETRIC_REPRESENTATION_CONTEXT() REPRESENTATION_CONTEXT('2D SPACE',''
  ) );
#2428 = PCURVE('',#2429,#2434);
#2429 = PLANE('',#2430);
#2430 = AXIS2_PLACEMENT_3D('',#2431,#2432,#2433);
#2431 = CARTESIAN_POINT('',(-177.35,89.99,78.5));
#2432 = DIRECTION('',(0.,0.,1.));
#2433 = DIRECTION('',(1.,0.,-0.));
#2434 = DEFINITIONAL_REPRESENTATION('',(#2435),#2438);
#2435 = B_SPLINE_CURVE_WITH_KNOTS('',1,(#2436,#2437),.UNSPECIFIED.,.F.,
  .F.,(2,2),(31.,34.),.PIECEWISE_BEZIER_KNOTS.);
#2436 = CARTESIAN_POINT('',(0.,1.000000000001E-02));
#2437 = CARTESIAN_POINT('',(3.,1.000000000001E-02));
#2438 = ( GEOMETRIC_REPRESENTATION_CONTEXT(2) 
PARAMETRIC_REPRESENTATION_CONTEXT() REPRESENTATION_CONTEXT('2D SPACE',''
  ) );
#2439 = ORIENTED_EDGE('',*,*,#2440,.F.);
#2440 = EDGE_CURVE('',#2363,#2415,#2441,.T.);
#2441 = SURFACE_CURVE('',#2442,(#2446,#2452),.PCURVE_S1.);
#2442 = LINE('',#2443,#2444);
#2443 = CARTESIAN_POINT('',(-174.35,90.,36.75));
#2444 = VECTOR('',#2445,1.);
#2445 = DIRECTION('',(-0.,0.,-1.));
#2446 = PCURVE('',#44,#2447);
#2447 = DEFINITIONAL_REPRESENTATION('',(#2448),#2451);
#2448 = B_SPLINE_CURVE_WITH_KNOTS('',1,(#2449,#2450),.UNSPECIFIED.,.F.,
  .F.,(2,2),(-55.75,-41.75),.PIECEWISE_BEZIER_KNOTS.);
#2449 = CARTESIAN_POINT('',(97.5,65.));
#2450 = CARTESIAN_POINT('',(83.5,65.));
#2451 = ( GEOMETRIC_REPRESENTATION_CONTEXT(2) 
PARAMETRIC_REPRESENTATION_CONTEXT() REPRESENTATION_CONTEXT('2D SPACE',''
  ) );
#2452 = PCURVE('',#2453,#2458);
#2453 = PLANE('',#2454);
#2454 = AXIS2_PLACEMENT_3D('',#2455,#2456,#2457);
#2455 = CARTESIAN_POINT('',(-174.35,89.99,78.5));
#2456 = DIRECTION('',(1.,0.,-0.));
#2457 = DIRECTION('',(0.,0.,1.));
#2458 = DEFINITIONAL_REPRESENTATION('',(#2459),#2462);
#2459 = B_SPLINE_CURVE_WITH_KNOTS('',1,(#2460,#2461),.UNSPECIFIED.,.F.,
  .F.,(2,2),(-55.75,-41.75),.PIECEWISE_BEZIER_KNOTS.);
#2460 = CARTESIAN_POINT('',(14.,-1.000000000001E-02));
#2461 = CARTESIAN_POINT('',(0.,-1.000000000001E-02));
#2462 = ( GEOMETRIC_REPRESENTATION_CONTEXT(2) 
PARAMETRIC_REPRESENTATION_CONTEXT() REPRESENTATION_CONTEXT('2D SPACE',''
  ) );
#2463 = FACE_BOUND('',#2464,.F.);
#2464 = EDGE_LOOP('',(#2465,#2493,#2519,#2545));
#2465 = ORIENTED_EDGE('',*,*,#2466,.F.);
#2466 = EDGE_CURVE('',#2467,#2469,#2471,.T.);
#2467 = VERTEX_POINT('',#2468);
#2468 = CARTESIAN_POINT('',(-171.35,90.,92.5));
#2469 = VERTEX_POINT('',#2470);
#2470 = CARTESIAN_POINT('',(-168.35,90.,92.5));
#2471 = SURFACE_CURVE('',#2472,(#2476,#2482),.PCURVE_S1.);
#2472 = LINE('',#2473,#2474);
#2473 = CARTESIAN_POINT('',(-205.35,90.,92.5));
#2474 = VECTOR('',#2475,1.);
#2475 = DIRECTION('',(1.,0.,-0.));
#2476 = PCURVE('',#44,#2477);
#2477 = DEFINITIONAL_REPRESENTATION('',(#2478),#2481);
#2478 = B_SPLINE_CURVE_WITH_KNOTS('',1,(#2479,#2480),.UNSPECIFIED.,.F.,
  .F.,(2,2),(34.,37.),.PIECEWISE_BEZIER_KNOTS.);
#2479 = CARTESIAN_POINT('',(97.5,68.));
#2480 = CARTESIAN_POINT('',(97.5,71.));
#2481 = ( GEOMETRIC_REPRESENTATION_CONTEXT(2) 
PARAMETRIC_REPRESENTATION_CONTEXT() REPRESENTATION_CONTEXT('2D SPACE',''
  ) );
#2482 = PCURVE('',#2483,#2488);
#2483 = PLANE('',#2484);
#2484 = AXIS2_PLACEMENT_3D('',#2485,#2486,#2487);
#2485 = CARTESIAN_POINT('',(-171.35,89.99,92.5));
#2486 = DIRECTION('',(0.,0.,1.));
#2487 = DIRECTION('',(1.,0.,-0.));
#2488 = DEFINITIONAL_REPRESENTATION('',(#2489),#2492);
#2489 = B_SPLINE_CURVE_WITH_KNOTS('',1,(#2490,#2491),.UNSPECIFIED.,.F.,
  .F.,(2,2),(34.,37.),.PIECEWISE_BEZIER_KNOTS.);
#2490 = CARTESIAN_POINT('',(0.,1.000000000001E-02));
#2491 = CARTESIAN_POINT('',(3.,1.000000000001E-02));
#2492 = ( GEOMETRIC_REPRESENTATION_CONTEXT(2) 
PARAMETRIC_REPRESENTATION_CONTEXT() REPRESENTATION_CONTEXT('2D SPACE',''
  ) );
#2493 = ORIENTED_EDGE('',*,*,#2494,.T.);
#2494 = EDGE_CURVE('',#2467,#2495,#2497,.T.);
#2495 = VERTEX_POINT('',#2496);
#2496 = CARTESIAN_POINT('',(-171.35,90.,78.5));
#2497 = SURFACE_CURVE('',#2498,(#2502,#2508),.PCURVE_S1.);
#2498 = LINE('',#2499,#2500);
#2499 = CARTESIAN_POINT('',(-171.35,90.,36.75));
#2500 = VECTOR('',#2501,1.);
#2501 = DIRECTION('',(-0.,0.,-1.));
#2502 = PCURVE('',#44,#2503);
#2503 = DEFINITIONAL_REPRESENTATION('',(#2504),#2507);
#2504 = B_SPLINE_CURVE_WITH_KNOTS('',1,(#2505,#2506),.UNSPECIFIED.,.F.,
  .F.,(2,2),(-55.75,-41.75),.PIECEWISE_BEZIER_KNOTS.);
#2505 = CARTESIAN_POINT('',(97.5,68.));
#2506 = CARTESIAN_POINT('',(83.5,68.));
#2507 = ( GEOMETRIC_REPRESENTATION_CONTEXT(2) 
PARAMETRIC_REPRESENTATION_CONTEXT() REPRESENTATION_CONTEXT('2D SPACE',''
  ) );
#2508 = PCURVE('',#2509,#2514);
#2509 = PLANE('',#2510);
#2510 = AXIS2_PLACEMENT_3D('',#2511,#2512,#2513);
#2511 = CARTESIAN_POINT('',(-171.35,89.99,78.5));
#2512 = DIRECTION('',(1.,0.,-0.));
#2513 = DIRECTION('',(0.,0.,1.));
#2514 = DEFINITIONAL_REPRESENTATION('',(#2515),#2518);
#2515 = B_SPLINE_CURVE_WITH_KNOTS('',1,(#2516,#2517),.UNSPECIFIED.,.F.,
  .F.,(2,2),(-55.75,-41.75),.PIECEWISE_BEZIER_KNOTS.);
#2516 = CARTESIAN_POINT('',(14.,-1.000000000001E-02));
#2517 = CARTESIAN_POINT('',(0.,-1.000000000001E-02));
#2518 = ( GEOMETRIC_REPRESENTATION_CONTEXT(2) 
PARAMETRIC_REPRESENTATION_CONTEXT() REPRESENTATION_CONTEXT('2D SPACE',''
  ) );
#2519 = ORIENTED_EDGE('',*,*,#2520,.T.);
#2520 = EDGE_CURVE('',#2495,#2521,#2523,.T.);
#2521 = VERTEX_POINT('',#2522);
#2522 = CARTESIAN_POINT('',(-168.35,90.,78.5));
#2523 = SURFACE_CURVE('',#2524,(#2528,#2534),.PCURVE_S1.);
#2524 = LINE('',#2525,#2526);
#2525 = CARTESIAN_POINT('',(-205.35,90.,78.5));
#2526 = VECTOR('',#2527,1.);
#2527 = DIRECTION('',(1.,0.,-0.));
#2528 = PCURVE('',#44,#2529);
#2529 = DEFINITIONAL_REPRESENTATION('',(#2530),#2533);
#2530 = B_SPLINE_CURVE_WITH_KNOTS('',1,(#2531,#2532),.UNSPECIFIED.,.F.,
  .F.,(2,2),(34.,37.),.PIECEWISE_BEZIER_KNOTS.);
#2531 = CARTESIAN_POINT('',(83.5,68.));
#2532 = CARTESIAN_POINT('',(83.5,71.));
#2533 = ( GEOMETRIC_REPRESENTATION_CONTEXT(2) 
PARAMETRIC_REPRESENTATION_CONTEXT() REPRESENTATION_CONTEXT('2D SPACE',''
  ) );
#2534 = PCURVE('',#2535,#2540);
#2535 = PLANE('',#2536);
#2536 = AXIS2_PLACEMENT_3D('',#2537,#2538,#2539);
#2537 = CARTESIAN_POINT('',(-171.35,89.99,78.5));
#2538 = DIRECTION('',(0.,0.,1.));
#2539 = DIRECTION('',(1.,0.,-0.));
#2540 = DEFINITIONAL_REPRESENTATION('',(#2541),#2544);
#2541 = B_SPLINE_CURVE_WITH_KNOTS('',1,(#2542,#2543),.UNSPECIFIED.,.F.,
  .F.,(2,2),(34.,37.),.PIECEWISE_BEZIER_KNOTS.);
#2542 = CARTESIAN_POINT('',(0.,1.000000000001E-02));
#2543 = CARTESIAN_POINT('',(3.,1.000000000001E-02));
#2544 = ( GEOMETRIC_REPRESENTATION_CONTEXT(2) 
PARAMETRIC_REPRESENTATION_CONTEXT() REPRESENTATION_CONTEXT('2D SPACE',''
  ) );
#2545 = ORIENTED_EDGE('',*,*,#2546,.F.);
#2546 = EDGE_CURVE('',#2469,#2521,#2547,.T.);
#2547 = SURFACE_CURVE('',#2548,(#2552,#2558),.PCURVE_S1.);
#2548 = LINE('',#2549,#2550);
#2549 = CARTESIAN_POINT('',(-168.35,90.,36.75));
#2550 = VECTOR('',#2551,1.);
#2551 = DIRECTION('',(-0.,0.,-1.));
#2552 = PCURVE('',#44,#2553);
#2553 = DEFINITIONAL_REPRESENTATION('',(#2554),#2557);
#2554 = B_SPLINE_CURVE_WITH_KNOTS('',1,(#2555,#2556),.UNSPECIFIED.,.F.,
  .F.,(2,2),(-55.75,-41.75),.PIECEWISE_BEZIER_KNOTS.);
#2555 = CARTESIAN_POINT('',(97.5,71.));
#2556 = CARTESIAN_POINT('',(83.5,71.));
#2557 = ( GEOMETRIC_REPRESENTATION_CONTEXT(2) 
PARAMETRIC_REPRESENTATION_CONTEXT() REPRESENTATION_CONTEXT('2D SPACE',''
  ) );
#2558 = PCURVE('',#2559,#2564);
#2559 = PLANE('',#2560);
#2560 = AXIS2_PLACEMENT_3D('',#2561,#2562,#2563);
#2561 = CARTESIAN_POINT('',(-168.35,89.99,78.5));
#2562 = DIRECTION('',(1.,0.,-0.));
#2563 = DIRECTION('',(0.,0.,1.));
#2564 = DEFINITIONAL_REPRESENTATION('',(#2565),#2568);
#2565 = B_SPLINE_CURVE_WITH_KNOTS('',1,(#2566,#2567),.UNSPECIFIED.,.F.,
  .F.,(2,2),(-55.75,-41.75),.PIECEWISE_BEZIER_KNOTS.);
#2566 = CARTESIAN_POINT('',(14.,-1.000000000001E-02));
#2567 = CARTESIAN_POINT('',(0.,-1.000000000001E-02));
#2568 = ( GEOMETRIC_REPRESENTATION_CONTEXT(2) 
PARAMETRIC_REPRESENTATION_CONTEXT() REPRESENTATION_CONTEXT('2D SPACE',''
  ) );
#2569 = FACE_BOUND('',#2570,.F.);
#2570 = EDGE_LOOP('',(#2571));
#2571 = ORIENTED_EDGE('',*,*,#2572,.F.);
#2572 = EDGE_CURVE('',#2573,#2573,#2575,.T.);
#2573 = VERTEX_POINT('',#2574);
#2574 = CARTESIAN_POINT('',(-162.575,90.,5.));
#2575 = SURFACE_CURVE('',#2576,(#2581,#2588),.PCURVE_S1.);
#2576 = CIRCLE('',#2577,1.775);
#2577 = AXIS2_PLACEMENT_3D('',#2578,#2579,#2580);
#2578 = CARTESIAN_POINT('',(-164.35,90.,5.));
#2579 = DIRECTION('',(0.,1.,2.22044604925E-16));
#2580 = DIRECTION('',(1.,0.,-0.));
#2581 = PCURVE('',#44,#2582);
#2582 = DEFINITIONAL_REPRESENTATION('',(#2583),#2587);
#2583 = CIRCLE('',#2584,1.775);
#2584 = AXIS2_PLACEMENT_2D('',#2585,#2586);
#2585 = CARTESIAN_POINT('',(10.,75.));
#2586 = DIRECTION('',(0.,1.));
#2587 = ( GEOMETRIC_REPRESENTATION_CONTEXT(2) 
PARAMETRIC_REPRESENTATION_CONTEXT() REPRESENTATION_CONTEXT('2D SPACE',''
  ) );
#2588 = PCURVE('',#2589,#2594);
#2589 = CYLINDRICAL_SURFACE('',#2590,1.775);
#2590 = AXIS2_PLACEMENT_3D('',#2591,#2592,#2593);
#2591 = CARTESIAN_POINT('',(-164.35,89.99,5.));
#2592 = DIRECTION('',(0.,1.,2.22044604925E-16));
#2593 = DIRECTION('',(1.,0.,-0.));
#2594 = DEFINITIONAL_REPRESENTATION('',(#2595),#2599);
#2595 = LINE('',#2596,#2597);
#2596 = CARTESIAN_POINT('',(0.,1.000000000001E-02));
#2597 = VECTOR('',#2598,1.);
#2598 = DIRECTION('',(1.,0.));
#2599 = ( GEOMETRIC_REPRESENTATION_CONTEXT(2) 
PARAMETRIC_REPRESENTATION_CONTEXT() REPRESENTATION_CONTEXT('2D SPACE',''
  ) );
#2600 = FACE_BOUND('',#2601,.F.);
#2601 = EDGE_LOOP('',(#2602,#2630,#2656,#2682));
#2602 = ORIENTED_EDGE('',*,*,#2603,.F.);
#2603 = EDGE_CURVE('',#2604,#2606,#2608,.T.);
#2604 = VERTEX_POINT('',#2605);
#2605 = CARTESIAN_POINT('',(-165.35,90.,23.));
#2606 = VERTEX_POINT('',#2607);
#2607 = CARTESIAN_POINT('',(-162.35,90.,23.));
#2608 = SURFACE_CURVE('',#2609,(#2613,#2619),.PCURVE_S1.);
#2609 = LINE('',#2610,#2611);
#2610 = CARTESIAN_POINT('',(-202.35,90.,23.));
#2611 = VECTOR('',#2612,1.);
#2612 = DIRECTION('',(1.,0.,-0.));
#2613 = PCURVE('',#44,#2614);
#2614 = DEFINITIONAL_REPRESENTATION('',(#2615),#2618);
#2615 = B_SPLINE_CURVE_WITH_KNOTS('',1,(#2616,#2617),.UNSPECIFIED.,.F.,
  .F.,(2,2),(37.,40.),.PIECEWISE_BEZIER_KNOTS.);
#2616 = CARTESIAN_POINT('',(28.,74.));
#2617 = CARTESIAN_POINT('',(28.,77.));
#2618 = ( GEOMETRIC_REPRESENTATION_CONTEXT(2) 
PARAMETRIC_REPRESENTATION_CONTEXT() REPRESENTATION_CONTEXT('2D SPACE',''
  ) );
#2619 = PCURVE('',#2620,#2625);
#2620 = PLANE('',#2621);
#2621 = AXIS2_PLACEMENT_3D('',#2622,#2623,#2624);
#2622 = CARTESIAN_POINT('',(-165.35,89.99,23.));
#2623 = DIRECTION('',(0.,0.,1.));
#2624 = DIRECTION('',(1.,0.,-0.));
#2625 = DEFINITIONAL_REPRESENTATION('',(#2626),#2629);
#2626 = B_SPLINE_CURVE_WITH_KNOTS('',1,(#2627,#2628),.UNSPECIFIED.,.F.,
  .F.,(2,2),(37.,40.),.PIECEWISE_BEZIER_KNOTS.);
#2627 = CARTESIAN_POINT('',(0.,1.000000000001E-02));
#2628 = CARTESIAN_POINT('',(3.,1.000000000001E-02));
#2629 = ( GEOMETRIC_REPRESENTATION_CONTEXT(2) 
PARAMETRIC_REPRESENTATION_CONTEXT() REPRESENTATION_CONTEXT('2D SPACE',''
  ) );
#2630 = ORIENTED_EDGE('',*,*,#2631,.T.);
#2631 = EDGE_CURVE('',#2604,#2632,#2634,.T.);
#2632 = VERTEX_POINT('',#2633);
#2633 = CARTESIAN_POINT('',(-165.35,90.,9.));
#2634 = SURFACE_CURVE('',#2635,(#2639,#2645),.PCURVE_S1.);
#2635 = LINE('',#2636,#2637);
#2636 = CARTESIAN_POINT('',(-165.35,90.,2.));
#2637 = VECTOR('',#2638,1.);
#2638 = DIRECTION('',(-0.,0.,-1.));
#2639 = PCURVE('',#44,#2640);
#2640 = DEFINITIONAL_REPRESENTATION('',(#2641),#2644);
#2641 = B_SPLINE_CURVE_WITH_KNOTS('',1,(#2642,#2643),.UNSPECIFIED.,.F.,
  .F.,(2,2),(-21.,-7.),.PIECEWISE_BEZIER_KNOTS.);
#2642 = CARTESIAN_POINT('',(28.,74.));
#2643 = CARTESIAN_POINT('',(14.,74.));
#2644 = ( GEOMETRIC_REPRESENTATION_CONTEXT(2) 
PARAMETRIC_REPRESENTATION_CONTEXT() REPRESENTATION_CONTEXT('2D SPACE',''
  ) );
#2645 = PCURVE('',#2646,#2651);
#2646 = PLANE('',#2647);
#2647 = AXIS2_PLACEMENT_3D('',#2648,#2649,#2650);
#2648 = CARTESIAN_POINT('',(-165.35,89.99,9.));
#2649 = DIRECTION('',(1.,0.,-0.));
#2650 = DIRECTION('',(0.,0.,1.));
#2651 = DEFINITIONAL_REPRESENTATION('',(#2652),#2655);
#2652 = B_SPLINE_CURVE_WITH_KNOTS('',1,(#2653,#2654),.UNSPECIFIED.,.F.,
  .F.,(2,2),(-21.,-7.),.PIECEWISE_BEZIER_KNOTS.);
#2653 = CARTESIAN_POINT('',(14.,-1.000000000001E-02));
#2654 = CARTESIAN_POINT('',(0.,-1.000000000001E-02));
#2655 = ( GEOMETRIC_REPRESENTATION_CONTEXT(2) 
PARAMETRIC_REPRESENTATION_CONTEXT() REPRESENTATION_CONTEXT('2D SPACE',''
  ) );
#2656 = ORIENTED_EDGE('',*,*,#2657,.T.);
#2657 = EDGE_CURVE('',#2632,#2658,#2660,.T.);
#2658 = VERTEX_POINT('',#2659);
#2659 = CARTESIAN_POINT('',(-162.35,90.,9.));
#2660 = SURFACE_CURVE('',#2661,(#2665,#2671),.PCURVE_S1.);
#2661 = LINE('',#2662,#2663);
#2662 = CARTESIAN_POINT('',(-202.35,90.,9.));
#2663 = VECTOR('',#2664,1.);
#2664 = DIRECTION('',(1.,0.,-0.));
#2665 = PCURVE('',#44,#2666);
#2666 = DEFINITIONAL_REPRESENTATION('',(#2667),#2670);
#2667 = B_SPLINE_CURVE_WITH_KNOTS('',1,(#2668,#2669),.UNSPECIFIED.,.F.,
  .F.,(2,2),(37.,40.),.PIECEWISE_BEZIER_KNOTS.);
#2668 = CARTESIAN_POINT('',(14.,74.));
#2669 = CARTESIAN_POINT('',(14.,77.));
#2670 = ( GEOMETRIC_REPRESENTATION_CONTEXT(2) 
PARAMETRIC_REPRESENTATION_CONTEXT() REPRESENTATION_CONTEXT('2D SPACE',''
  ) );
#2671 = PCURVE('',#2672,#2677);
#2672 = PLANE('',#2673);
#2673 = AXIS2_PLACEMENT_3D('',#2674,#2675,#2676);
#2674 = CARTESIAN_POINT('',(-165.35,89.99,9.));
#2675 = DIRECTION('',(0.,0.,1.));
#2676 = DIRECTION('',(1.,0.,-0.));
#2677 = DEFINITIONAL_REPRESENTATION('',(#2678),#2681);
#2678 = B_SPLINE_CURVE_WITH_KNOTS('',1,(#2679,#2680),.UNSPECIFIED.,.F.,
  .F.,(2,2),(37.,40.),.PIECEWISE_BEZIER_KNOTS.);
#2679 = CARTESIAN_POINT('',(0.,1.000000000001E-02));
#2680 = CARTESIAN_POINT('',(3.,1.000000000001E-02));
#2681 = ( GEOMETRIC_REPRESENTATION_CONTEXT(2) 
PARAMETRIC_REPRESENTATION_CONTEXT() REPRESENTATION_CONTEXT('2D SPACE',''
  ) );
#2682 = ORIENTED_EDGE('',*,*,#2683,.F.);
#2683 = EDGE_CURVE('',#2606,#2658,#2684,.T.);
#2684 = SURFACE_CURVE('',#2685,(#2689,#2695),.PCURVE_S1.);
#2685 = LINE('',#2686,#2687);
#2686 = CARTESIAN_POINT('',(-162.35,90.,2.));
#2687 = VECTOR('',#2688,1.);
#2688 = DIRECTION('',(-0.,0.,-1.));
#2689 = PCURVE('',#44,#2690);
#2690 = DEFINITIONAL_REPRESENTATION('',(#2691),#2694);
#2691 = B_SPLINE_CURVE_WITH_KNOTS('',1,(#2692,#2693),.UNSPECIFIED.,.F.,
  .F.,(2,2),(-21.,-7.),.PIECEWISE_BEZIER_KNOTS.);
#2692 = CARTESIAN_POINT('',(28.,77.));
#2693 = CARTESIAN_POINT('',(14.,77.));
#2694 = ( GEOMETRIC_REPRESENTATION_CONTEXT(2) 
PARAMETRIC_REPRESENTATION_CONTEXT() REPRESENTATION_CONTEXT('2D SPACE',''
  ) );
#2695 = PCURVE('',#2696,#2701);
#2696 = PLANE('',#2697);
#2697 = AXIS2_PLACEMENT_3D('',#2698,#2699,#2700);
#2698 = CARTESIAN_POINT('',(-162.35,89.99,9.));
#2699 = DIRECTION('',(1.,0.,-0.));
#2700 = DIRECTION('',(0.,0.,1.));
#2701 = DEFINITIONAL_REPRESENTATION('',(#2702),#2705);
#2702 = B_SPLINE_CURVE_WITH_KNOTS('',1,(#2703,#2704),.UNSPECIFIED.,.F.,
  .F.,(2,2),(-21.,-7.),.PIECEWISE_BEZIER_KNOTS.);
#2703 = CARTESIAN_POINT('',(14.,-1.000000000001E-02));
#2704 = CARTESIAN_POINT('',(0.,-1.000000000001E-02));
#2705 = ( GEOMETRIC_REPRESENTATION_CONTEXT(2) 
PARAMETRIC_REPRESENTATION_CONTEXT() REPRESENTATION_CONTEXT('2D SPACE',''
  ) );
#2706 = FACE_BOUND('',#2707,.F.);
#2707 = EDGE_LOOP('',(#2708,#2736,#2762,#2788));
#2708 = ORIENTED_EDGE('',*,*,#2709,.F.);
#2709 = EDGE_CURVE('',#2710,#2712,#2714,.T.);
#2710 = VERTEX_POINT('',#2711);
#2711 = CARTESIAN_POINT('',(-159.35,90.,23.));
#2712 = VERTEX_POINT('',#2713);
#2713 = CARTESIAN_POINT('',(-156.35,90.,23.));
#2714 = SURFACE_CURVE('',#2715,(#2719,#2725),.PCURVE_S1.);
#2715 = LINE('',#2716,#2717);
#2716 = CARTESIAN_POINT('',(-199.35,90.,23.));
#2717 = VECTOR('',#2718,1.);
#2718 = DIRECTION('',(1.,0.,-0.));
#2719 = PCURVE('',#44,#2720);
#2720 = DEFINITIONAL_REPRESENTATION('',(#2721),#2724);
#2721 = B_SPLINE_CURVE_WITH_KNOTS('',1,(#2722,#2723),.UNSPECIFIED.,.F.,
  .F.,(2,2),(40.,43.),.PIECEWISE_BEZIER_KNOTS.);
#2722 = CARTESIAN_POINT('',(28.,80.));
#2723 = CARTESIAN_POINT('',(28.,83.));
#2724 = ( GEOMETRIC_REPRESENTATION_CONTEXT(2) 
PARAMETRIC_REPRESENTATION_CONTEXT() REPRESENTATION_CONTEXT('2D SPACE',''
  ) );
#2725 = PCURVE('',#2726,#2731);
#2726 = PLANE('',#2727);
#2727 = AXIS2_PLACEMENT_3D('',#2728,#2729,#2730);
#2728 = CARTESIAN_POINT('',(-159.35,89.99,23.));
#2729 = DIRECTION('',(0.,0.,1.));
#2730 = DIRECTION('',(1.,0.,-0.));
#2731 = DEFINITIONAL_REPRESENTATION('',(#2732),#2735);
#2732 = B_SPLINE_CURVE_WITH_KNOTS('',1,(#2733,#2734),.UNSPECIFIED.,.F.,
  .F.,(2,2),(40.,43.),.PIECEWISE_BEZIER_KNOTS.);
#2733 = CARTESIAN_POINT('',(0.,1.000000000001E-02));
#2734 = CARTESIAN_POINT('',(3.,1.000000000001E-02));
#2735 = ( GEOMETRIC_REPRESENTATION_CONTEXT(2) 
PARAMETRIC_REPRESENTATION_CONTEXT() REPRESENTATION_CONTEXT('2D SPACE',''
  ) );
#2736 = ORIENTED_EDGE('',*,*,#2737,.T.);
#2737 = EDGE_CURVE('',#2710,#2738,#2740,.T.);
#2738 = VERTEX_POINT('',#2739);
#2739 = CARTESIAN_POINT('',(-159.35,90.,9.));
#2740 = SURFACE_CURVE('',#2741,(#2745,#2751),.PCURVE_S1.);
#2741 = LINE('',#2742,#2743);
#2742 = CARTESIAN_POINT('',(-159.35,90.,2.));
#2743 = VECTOR('',#2744,1.);
#2744 = DIRECTION('',(-0.,0.,-1.));
#2745 = PCURVE('',#44,#2746);
#2746 = DEFINITIONAL_REPRESENTATION('',(#2747),#2750);
#2747 = B_SPLINE_CURVE_WITH_KNOTS('',1,(#2748,#2749),.UNSPECIFIED.,.F.,
  .F.,(2,2),(-21.,-7.),.PIECEWISE_BEZIER_KNOTS.);
#2748 = CARTESIAN_POINT('',(28.,80.));
#2749 = CARTESIAN_POINT('',(14.,80.));
#2750 = ( GEOMETRIC_REPRESENTATION_CONTEXT(2) 
PARAMETRIC_REPRESENTATION_CONTEXT() REPRESENTATION_CONTEXT('2D SPACE',''
  ) );
#2751 = PCURVE('',#2752,#2757);
#2752 = PLANE('',#2753);
#2753 = AXIS2_PLACEMENT_3D('',#2754,#2755,#2756);
#2754 = CARTESIAN_POINT('',(-159.35,89.99,9.));
#2755 = DIRECTION('',(1.,0.,-0.));
#2756 = DIRECTION('',(0.,0.,1.));
#2757 = DEFINITIONAL_REPRESENTATION('',(#2758),#2761);
#2758 = B_SPLINE_CURVE_WITH_KNOTS('',1,(#2759,#2760),.UNSPECIFIED.,.F.,
  .F.,(2,2),(-21.,-7.),.PIECEWISE_BEZIER_KNOTS.);
#2759 = CARTESIAN_POINT('',(14.,-1.000000000001E-02));
#2760 = CARTESIAN_POINT('',(0.,-1.000000000001E-02));
#2761 = ( GEOMETRIC_REPRESENTATION_CONTEXT(2) 
PARAMETRIC_REPRESENTATION_CONTEXT() REPRESENTATION_CONTEXT('2D SPACE',''
  ) );
#2762 = ORIENTED_EDGE('',*,*,#2763,.T.);
#2763 = EDGE_CURVE('',#2738,#2764,#2766,.T.);
#2764 = VERTEX_POINT('',#2765);
#2765 = CARTESIAN_POINT('',(-156.35,90.,9.));
#2766 = SURFACE_CURVE('',#2767,(#2771,#2777),.PCURVE_S1.);
#2767 = LINE('',#2768,#2769);
#2768 = CARTESIAN_POINT('',(-199.35,90.,9.));
#2769 = VECTOR('',#2770,1.);
#2770 = DIRECTION('',(1.,0.,-0.));
#2771 = PCURVE('',#44,#2772);
#2772 = DEFINITIONAL_REPRESENTATION('',(#2773),#2776);
#2773 = B_SPLINE_CURVE_WITH_KNOTS('',1,(#2774,#2775),.UNSPECIFIED.,.F.,
  .F.,(2,2),(40.,43.),.PIECEWISE_BEZIER_KNOTS.);
#2774 = CARTESIAN_POINT('',(14.,80.));
#2775 = CARTESIAN_POINT('',(14.,83.));
#2776 = ( GEOMETRIC_REPRESENTATION_CONTEXT(2) 
PARAMETRIC_REPRESENTATION_CONTEXT() REPRESENTATION_CONTEXT('2D SPACE',''
  ) );
#2777 = PCURVE('',#2778,#2783);
#2778 = PLANE('',#2779);
#2779 = AXIS2_PLACEMENT_3D('',#2780,#2781,#2782);
#2780 = CARTESIAN_POINT('',(-159.35,89.99,9.));
#2781 = DIRECTION('',(0.,0.,1.));
#2782 = DIRECTION('',(1.,0.,-0.));
#2783 = DEFINITIONAL_REPRESENTATION('',(#2784),#2787);
#2784 = B_SPLINE_CURVE_WITH_KNOTS('',1,(#2785,#2786),.UNSPECIFIED.,.F.,
  .F.,(2,2),(40.,43.),.PIECEWISE_BEZIER_KNOTS.);
#2785 = CARTESIAN_POINT('',(0.,1.000000000001E-02));
#2786 = CARTESIAN_POINT('',(3.,1.000000000001E-02));
#2787 = ( GEOMETRIC_REPRESENTATION_CONTEXT(2) 
PARAMETRIC_REPRESENTATION_CONTEXT() REPRESENTATION_CONTEXT('2D SPACE',''
  ) );
#2788 = ORIENTED_EDGE('',*,*,#2789,.F.);
#2789 = EDGE_CURVE('',#2712,#2764,#2790,.T.);
#2790 = SURFACE_CURVE('',#2791,(#2795,#2801),.PCURVE_S1.);
#2791 = LINE('',#2792,#2793);
#2792 = CARTESIAN_POINT('',(-156.35,90.,2.));
#2793 = VECTOR('',#2794,1.);
#2794 = DIRECTION('',(-0.,0.,-1.));
#2795 = PCURVE('',#44,#2796);
#2796 = DEFINITIONAL_REPRESENTATION('',(#2797),#2800);
#2797 = B_SPLINE_CURVE_WITH_KNOTS('',1,(#2798,#2799),.UNSPECIFIED.,.F.,
  .F.,(2,2),(-21.,-7.),.PIECEWISE_BEZIER_KNOTS.);
#2798 = CARTESIAN_POINT('',(28.,83.));
#2799 = CARTESIAN_POINT('',(14.,83.));
#2800 = ( GEOMETRIC_REPRESENTATION_CONTEXT(2) 
PARAMETRIC_REPRESENTATION_CONTEXT() REPRESENTATION_CONTEXT('2D SPACE',''
  ) );
#2801 = PCURVE('',#2802,#2807);
#2802 = PLANE('',#2803);
#2803 = AXIS2_PLACEMENT_3D('',#2804,#2805,#2806);
#2804 = CARTESIAN_POINT('',(-156.35,89.99,9.));
#2805 = DIRECTION('',(1.,0.,-0.));
#2806 = DIRECTION('',(0.,0.,1.));
#2807 = DEFINITIONAL_REPRESENTATION('',(#2808),#2811);
#2808 = B_SPLINE_CURVE_WITH_KNOTS('',1,(#2809,#2810),.UNSPECIFIED.,.F.,
  .F.,(2,2),(-21.,-7.),.PIECEWISE_BEZIER_KNOTS.);
#2809 = CARTESIAN_POINT('',(14.,-1.000000000001E-02));
#2810 = CARTESIAN_POINT('',(0.,-1.000000000001E-02));
#2811 = ( GEOMETRIC_REPRESENTATION_CONTEXT(2) 
PARAMETRIC_REPRESENTATION_CONTEXT() REPRESENTATION_CONTEXT('2D SPACE',''
  ) );
#2812 = FACE_BOUND('',#2813,.F.);
#2813 = EDGE_LOOP('',(#2814,#2842,#2868,#2894));
#2814 = ORIENTED_EDGE('',*,*,#2815,.F.);
#2815 = EDGE_CURVE('',#2816,#2818,#2820,.T.);
#2816 = VERTEX_POINT('',#2817);
#2817 = CARTESIAN_POINT('',(-153.35,90.,23.));
#2818 = VERTEX_POINT('',#2819);
#2819 = CARTESIAN_POINT('',(-150.35,90.,23.));
#2820 = SURFACE_CURVE('',#2821,(#2825,#2831),.PCURVE_S1.);
#2821 = LINE('',#2822,#2823);
#2822 = CARTESIAN_POINT('',(-196.35,90.,23.));
#2823 = VECTOR('',#2824,1.);
#2824 = DIRECTION('',(1.,0.,-0.));
#2825 = PCURVE('',#44,#2826);
#2826 = DEFINITIONAL_REPRESENTATION('',(#2827),#2830);
#2827 = B_SPLINE_CURVE_WITH_KNOTS('',1,(#2828,#2829),.UNSPECIFIED.,.F.,
  .F.,(2,2),(43.,46.),.PIECEWISE_BEZIER_KNOTS.);
#2828 = CARTESIAN_POINT('',(28.,86.));
#2829 = CARTESIAN_POINT('',(28.,89.));
#2830 = ( GEOMETRIC_REPRESENTATION_CONTEXT(2) 
PARAMETRIC_REPRESENTATION_CONTEXT() REPRESENTATION_CONTEXT('2D SPACE',''
  ) );
#2831 = PCURVE('',#2832,#2837);
#2832 = PLANE('',#2833);
#2833 = AXIS2_PLACEMENT_3D('',#2834,#2835,#2836);
#2834 = CARTESIAN_POINT('',(-153.35,89.99,23.));
#2835 = DIRECTION('',(0.,0.,1.));
#2836 = DIRECTION('',(1.,0.,-0.));
#2837 = DEFINITIONAL_REPRESENTATION('',(#2838),#2841);
#2838 = B_SPLINE_CURVE_WITH_KNOTS('',1,(#2839,#2840),.UNSPECIFIED.,.F.,
  .F.,(2,2),(43.,46.),.PIECEWISE_BEZIER_KNOTS.);
#2839 = CARTESIAN_POINT('',(0.,1.000000000001E-02));
#2840 = CARTESIAN_POINT('',(3.,1.000000000001E-02));
#2841 = ( GEOMETRIC_REPRESENTATION_CONTEXT(2) 
PARAMETRIC_REPRESENTATION_CONTEXT() REPRESENTATION_CONTEXT('2D SPACE',''
  ) );
#2842 = ORIENTED_EDGE('',*,*,#2843,.T.);
#2843 = EDGE_CURVE('',#2816,#2844,#2846,.T.);
#2844 = VERTEX_POINT('',#2845);
#2845 = CARTESIAN_POINT('',(-153.35,90.,9.));
#2846 = SURFACE_CURVE('',#2847,(#2851,#2857),.PCURVE_S1.);
#2847 = LINE('',#2848,#2849);
#2848 = CARTESIAN_POINT('',(-153.35,90.,2.));
#2849 = VECTOR('',#2850,1.);
#2850 = DIRECTION('',(-0.,0.,-1.));
#2851 = PCURVE('',#44,#2852);
#2852 = DEFINITIONAL_REPRESENTATION('',(#2853),#2856);
#2853 = B_SPLINE_CURVE_WITH_KNOTS('',1,(#2854,#2855),.UNSPECIFIED.,.F.,
  .F.,(2,2),(-21.,-7.),.PIECEWISE_BEZIER_KNOTS.);
#2854 = CARTESIAN_POINT('',(28.,86.));
#2855 = CARTESIAN_POINT('',(14.,86.));
#2856 = ( GEOMETRIC_REPRESENTATION_CONTEXT(2) 
PARAMETRIC_REPRESENTATION_CONTEXT() REPRESENTATION_CONTEXT('2D SPACE',''
  ) );
#2857 = PCURVE('',#2858,#2863);
#2858 = PLANE('',#2859);
#2859 = AXIS2_PLACEMENT_3D('',#2860,#2861,#2862);
#2860 = CARTESIAN_POINT('',(-153.35,89.99,9.));
#2861 = DIRECTION('',(1.,0.,-0.));
#2862 = DIRECTION('',(0.,0.,1.));
#2863 = DEFINITIONAL_REPRESENTATION('',(#2864),#2867);
#2864 = B_SPLINE_CURVE_WITH_KNOTS('',1,(#2865,#2866),.UNSPECIFIED.,.F.,
  .F.,(2,2),(-21.,-7.),.PIECEWISE_BEZIER_KNOTS.);
#2865 = CARTESIAN_POINT('',(14.,-1.000000000001E-02));
#2866 = CARTESIAN_POINT('',(0.,-1.000000000001E-02));
#2867 = ( GEOMETRIC_REPRESENTATION_CONTEXT(2) 
PARAMETRIC_REPRESENTATION_CONTEXT() REPRESENTATION_CONTEXT('2D SPACE',''
  ) );
#2868 = ORIENTED_EDGE('',*,*,#2869,.T.);
#2869 = EDGE_CURVE('',#2844,#2870,#2872,.T.);
#2870 = VERTEX_POINT('',#2871);
#2871 = CARTESIAN_POINT('',(-150.35,90.,9.));
#2872 = SURFACE_CURVE('',#2873,(#2877,#2883),.PCURVE_S1.);
#2873 = LINE('',#2874,#2875);
#2874 = CARTESIAN_POINT('',(-196.35,90.,9.));
#2875 = VECTOR('',#2876,1.);
#2876 = DIRECTION('',(1.,0.,-0.));
#2877 = PCURVE('',#44,#2878);
#2878 = DEFINITIONAL_REPRESENTATION('',(#2879),#2882);
#2879 = B_SPLINE_CURVE_WITH_KNOTS('',1,(#2880,#2881),.UNSPECIFIED.,.F.,
  .F.,(2,2),(43.,46.),.PIECEWISE_BEZIER_KNOTS.);
#2880 = CARTESIAN_POINT('',(14.,86.));
#2881 = CARTESIAN_POINT('',(14.,89.));
#2882 = ( GEOMETRIC_REPRESENTATION_CONTEXT(2) 
PARAMETRIC_REPRESENTATION_CONTEXT() REPRESENTATION_CONTEXT('2D SPACE',''
  ) );
#2883 = PCURVE('',#2884,#2889);
#2884 = PLANE('',#2885);
#2885 = AXIS2_PLACEMENT_3D('',#2886,#2887,#2888);
#2886 = CARTESIAN_POINT('',(-153.35,89.99,9.));
#2887 = DIRECTION('',(0.,0.,1.));
#2888 = DIRECTION('',(1.,0.,-0.));
#2889 = DEFINITIONAL_REPRESENTATION('',(#2890),#2893);
#2890 = B_SPLINE_CURVE_WITH_KNOTS('',1,(#2891,#2892),.UNSPECIFIED.,.F.,
  .F.,(2,2),(43.,46.),.PIECEWISE_BEZIER_KNOTS.);
#2891 = CARTESIAN_POINT('',(0.,1.000000000001E-02));
#2892 = CARTESIAN_POINT('',(3.,1.000000000001E-02));
#2893 = ( GEOMETRIC_REPRESENTATION_CONTEXT(2) 
PARAMETRIC_REPRESENTATION_CONTEXT() REPRESENTATION_CONTEXT('2D SPACE',''
  ) );
#2894 = ORIENTED_EDGE('',*,*,#2895,.F.);
#2895 = EDGE_CURVE('',#2818,#2870,#2896,.T.);
#2896 = SURFACE_CURVE('',#2897,(#2901,#2907),.PCURVE_S1.);
#2897 = LINE('',#2898,#2899);
#2898 = CARTESIAN_POINT('',(-150.35,90.,2.));
#2899 = VECTOR('',#2900,1.);
#2900 = DIRECTION('',(-0.,0.,-1.));
#2901 = PCURVE('',#44,#2902);
#2902 = DEFINITIONAL_REPRESENTATION('',(#2903),#2906);
#2903 = B_SPLINE_CURVE_WITH_KNOTS('',1,(#2904,#2905),.UNSPECIFIED.,.F.,
  .F.,(2,2),(-21.,-7.),.PIECEWISE_BEZIER_KNOTS.);
#2904 = CARTESIAN_POINT('',(28.,89.));
#2905 = CARTESIAN_POINT('',(14.,89.));
#2906 = ( GEOMETRIC_REPRESENTATION_CONTEXT(2) 
PARAMETRIC_REPRESENTATION_CONTEXT() REPRESENTATION_CONTEXT('2D SPACE',''
  ) );
#2907 = PCURVE('',#2908,#2913);
#2908 = PLANE('',#2909);
#2909 = AXIS2_PLACEMENT_3D('',#2910,#2911,#2912);
#2910 = CARTESIAN_POINT('',(-150.35,89.99,9.));
#2911 = DIRECTION('',(1.,0.,-0.));
#2912 = DIRECTION('',(0.,0.,1.));
#2913 = DEFINITIONAL_REPRESENTATION('',(#2914),#2917);
#2914 = B_SPLINE_CURVE_WITH_KNOTS('',1,(#2915,#2916),.UNSPECIFIED.,.F.,
  .F.,(2,2),(-21.,-7.),.PIECEWISE_BEZIER_KNOTS.);
#2915 = CARTESIAN_POINT('',(14.,-1.000000000001E-02));
#2916 = CARTESIAN_POINT('',(0.,-1.000000000001E-02));
#2917 = ( GEOMETRIC_REPRESENTATION_CONTEXT(2) 
PARAMETRIC_REPRESENTATION_CONTEXT() REPRESENTATION_CONTEXT('2D SPACE',''
  ) );
#2918 = FACE_BOUND('',#2919,.F.);
#2919 = EDGE_LOOP('',(#2920,#2948,#2974,#3000));
#2920 = ORIENTED_EDGE('',*,*,#2921,.F.);
#2921 = EDGE_CURVE('',#2922,#2924,#2926,.T.);
#2922 = VERTEX_POINT('',#2923);
#2923 = CARTESIAN_POINT('',(-147.35,90.,23.));
#2924 = VERTEX_POINT('',#2925);
#2925 = CARTESIAN_POINT('',(-144.35,90.,23.));
#2926 = SURFACE_CURVE('',#2927,(#2931,#2937),.PCURVE_S1.);
#2927 = LINE('',#2928,#2929);
#2928 = CARTESIAN_POINT('',(-193.35,90.,23.));
#2929 = VECTOR('',#2930,1.);
#2930 = DIRECTION('',(1.,0.,-0.));
#2931 = PCURVE('',#44,#2932);
#2932 = DEFINITIONAL_REPRESENTATION('',(#2933),#2936);
#2933 = B_SPLINE_CURVE_WITH_KNOTS('',1,(#2934,#2935),.UNSPECIFIED.,.F.,
  .F.,(2,2),(46.,49.),.PIECEWISE_BEZIER_KNOTS.);
#2934 = CARTESIAN_POINT('',(28.,92.));
#2935 = CARTESIAN_POINT('',(28.,95.));
#2936 = ( GEOMETRIC_REPRESENTATION_CONTEXT(2) 
PARAMETRIC_REPRESENTATION_CONTEXT() REPRESENTATION_CONTEXT('2D SPACE',''
  ) );
#2937 = PCURVE('',#2938,#2943);
#2938 = PLANE('',#2939);
#2939 = AXIS2_PLACEMENT_3D('',#2940,#2941,#2942);
#2940 = CARTESIAN_POINT('',(-147.35,89.99,23.));
#2941 = DIRECTION('',(0.,0.,1.));
#2942 = DIRECTION('',(1.,0.,-0.));
#2943 = DEFINITIONAL_REPRESENTATION('',(#2944),#2947);
#2944 = B_SPLINE_CURVE_WITH_KNOTS('',1,(#2945,#2946),.UNSPECIFIED.,.F.,
  .F.,(2,2),(46.,49.),.PIECEWISE_BEZIER_KNOTS.);
#2945 = CARTESIAN_POINT('',(0.,1.000000000001E-02));
#2946 = CARTESIAN_POINT('',(3.,1.000000000001E-02));
#2947 = ( GEOMETRIC_REPRESENTATION_CONTEXT(2) 
PARAMETRIC_REPRESENTATION_CONTEXT() REPRESENTATION_CONTEXT('2D SPACE',''
  ) );
#2948 = ORIENTED_EDGE('',*,*,#2949,.T.);
#2949 = EDGE_CURVE('',#2922,#2950,#2952,.T.);
#2950 = VERTEX_POINT('',#2951);
#2951 = CARTESIAN_POINT('',(-147.35,90.,9.));
#2952 = SURFACE_CURVE('',#2953,(#2957,#2963),.PCURVE_S1.);
#2953 = LINE('',#2954,#2955);
#2954 = CARTESIAN_POINT('',(-147.35,90.,2.));
#2955 = VECTOR('',#2956,1.);
#2956 = DIRECTION('',(-0.,0.,-1.));
#2957 = PCURVE('',#44,#2958);
#2958 = DEFINITIONAL_REPRESENTATION('',(#2959),#2962);
#2959 = B_SPLINE_CURVE_WITH_KNOTS('',1,(#2960,#2961),.UNSPECIFIED.,.F.,
  .F.,(2,2),(-21.,-7.),.PIECEWISE_BEZIER_KNOTS.);
#2960 = CARTESIAN_POINT('',(28.,92.));
#2961 = CARTESIAN_POINT('',(14.,92.));
#2962 = ( GEOMETRIC_REPRESENTATION_CONTEXT(2) 
PARAMETRIC_REPRESENTATION_CONTEXT() REPRESENTATION_CONTEXT('2D SPACE',''
  ) );
#2963 = PCURVE('',#2964,#2969);
#2964 = PLANE('',#2965);
#2965 = AXIS2_PLACEMENT_3D('',#2966,#2967,#2968);
#2966 = CARTESIAN_POINT('',(-147.35,89.99,9.));
#2967 = DIRECTION('',(1.,0.,-0.));
#2968 = DIRECTION('',(0.,0.,1.));
#2969 = DEFINITIONAL_REPRESENTATION('',(#2970),#2973);
#2970 = B_SPLINE_CURVE_WITH_KNOTS('',1,(#2971,#2972),.UNSPECIFIED.,.F.,
  .F.,(2,2),(-21.,-7.),.PIECEWISE_BEZIER_KNOTS.);
#2971 = CARTESIAN_POINT('',(14.,-1.000000000001E-02));
#2972 = CARTESIAN_POINT('',(0.,-1.000000000001E-02));
#2973 = ( GEOMETRIC_REPRESENTATION_CONTEXT(2) 
PARAMETRIC_REPRESENTATION_CONTEXT() REPRESENTATION_CONTEXT('2D SPACE',''
  ) );
#2974 = ORIENTED_EDGE('',*,*,#2975,.T.);
#2975 = EDGE_CURVE('',#2950,#2976,#2978,.T.);
#2976 = VERTEX_POINT('',#2977);
#2977 = CARTESIAN_POINT('',(-144.35,90.,9.));
#2978 = SURFACE_CURVE('',#2979,(#2983,#2989),.PCURVE_S1.);
#2979 = LINE('',#2980,#2981);
#2980 = CARTESIAN_POINT('',(-193.35,90.,9.));
#2981 = VECTOR('',#2982,1.);
#2982 = DIRECTION('',(1.,0.,-0.));
#2983 = PCURVE('',#44,#2984);
#2984 = DEFINITIONAL_REPRESENTATION('',(#2985),#2988);
#2985 = B_SPLINE_CURVE_WITH_KNOTS('',1,(#2986,#2987),.UNSPECIFIED.,.F.,
  .F.,(2,2),(46.,49.),.PIECEWISE_BEZIER_KNOTS.);
#2986 = CARTESIAN_POINT('',(14.,92.));
#2987 = CARTESIAN_POINT('',(14.,95.));
#2988 = ( GEOMETRIC_REPRESENTATION_CONTEXT(2) 
PARAMETRIC_REPRESENTATION_CONTEXT() REPRESENTATION_CONTEXT('2D SPACE',''
  ) );
#2989 = PCURVE('',#2990,#2995);
#2990 = PLANE('',#2991);
#2991 = AXIS2_PLACEMENT_3D('',#2992,#2993,#2994);
#2992 = CARTESIAN_POINT('',(-147.35,89.99,9.));
#2993 = DIRECTION('',(0.,0.,1.));
#2994 = DIRECTION('',(1.,0.,-0.));
#2995 = DEFINITIONAL_REPRESENTATION('',(#2996),#2999);
#2996 = B_SPLINE_CURVE_WITH_KNOTS('',1,(#2997,#2998),.UNSPECIFIED.,.F.,
  .F.,(2,2),(46.,49.),.PIECEWISE_BEZIER_KNOTS.);
#2997 = CARTESIAN_POINT('',(0.,1.000000000001E-02));
#2998 = CARTESIAN_POINT('',(3.,1.000000000001E-02));
#2999 = ( GEOMETRIC_REPRESENTATION_CONTEXT(2) 
PARAMETRIC_REPRESENTATION_CONTEXT() REPRESENTATION_CONTEXT('2D SPACE',''
  ) );
#3000 = ORIENTED_EDGE('',*,*,#3001,.F.);
#3001 = EDGE_CURVE('',#2924,#2976,#3002,.T.);
#3002 = SURFACE_CURVE('',#3003,(#3007,#3013),.PCURVE_S1.);
#3003 = LINE('',#3004,#3005);
#3004 = CARTESIAN_POINT('',(-144.35,90.,2.));
#3005 = VECTOR('',#3006,1.);
#3006 = DIRECTION('',(-0.,0.,-1.));
#3007 = PCURVE('',#44,#3008);
#3008 = DEFINITIONAL_REPRESENTATION('',(#3009),#3012);
#3009 = B_SPLINE_CURVE_WITH_KNOTS('',1,(#3010,#3011),.UNSPECIFIED.,.F.,
  .F.,(2,2),(-21.,-7.),.PIECEWISE_BEZIER_KNOTS.);
#3010 = CARTESIAN_POINT('',(28.,95.));
#3011 = CARTESIAN_POINT('',(14.,95.));
#3012 = ( GEOMETRIC_REPRESENTATION_CONTEXT(2) 
PARAMETRIC_REPRESENTATION_CONTEXT() REPRESENTATION_CONTEXT('2D SPACE',''
  ) );
#3013 = PCURVE('',#3014,#3019);
#3014 = PLANE('',#3015);
#3015 = AXIS2_PLACEMENT_3D('',#3016,#3017,#3018);
#3016 = CARTESIAN_POINT('',(-144.35,89.99,9.));
#3017 = DIRECTION('',(1.,0.,-0.));
#3018 = DIRECTION('',(0.,0.,1.));
#3019 = DEFINITIONAL_REPRESENTATION('',(#3020),#3023);
#3020 = B_SPLINE_CURVE_WITH_KNOTS('',1,(#3021,#3022),.UNSPECIFIED.,.F.,
  .F.,(2,2),(-21.,-7.),.PIECEWISE_BEZIER_KNOTS.);
#3021 = CARTESIAN_POINT('',(14.,-1.000000000001E-02));
#3022 = CARTESIAN_POINT('',(0.,-1.000000000001E-02));
#3023 = ( GEOMETRIC_REPRESENTATION_CONTEXT(2) 
PARAMETRIC_REPRESENTATION_CONTEXT() REPRESENTATION_CONTEXT('2D SPACE',''
  ) );
#3024 = FACE_BOUND('',#3025,.F.);
#3025 = EDGE_LOOP('',(#3026,#3054,#3080,#3106));
#3026 = ORIENTED_EDGE('',*,*,#3027,.F.);
#3027 = EDGE_CURVE('',#3028,#3030,#3032,.T.);
#3028 = VERTEX_POINT('',#3029);
#3029 = CARTESIAN_POINT('',(-141.35,90.,23.));
#3030 = VERTEX_POINT('',#3031);
#3031 = CARTESIAN_POINT('',(-138.35,90.,23.));
#3032 = SURFACE_CURVE('',#3033,(#3037,#3043),.PCURVE_S1.);
#3033 = LINE('',#3034,#3035);
#3034 = CARTESIAN_POINT('',(-190.35,90.,23.));
#3035 = VECTOR('',#3036,1.);
#3036 = DIRECTION('',(1.,0.,-0.));
#3037 = PCURVE('',#44,#3038);
#3038 = DEFINITIONAL_REPRESENTATION('',(#3039),#3042);
#3039 = B_SPLINE_CURVE_WITH_KNOTS('',1,(#3040,#3041),.UNSPECIFIED.,.F.,
  .F.,(2,2),(49.,52.),.PIECEWISE_BEZIER_KNOTS.);
#3040 = CARTESIAN_POINT('',(28.,98.));
#3041 = CARTESIAN_POINT('',(28.,101.));
#3042 = ( GEOMETRIC_REPRESENTATION_CONTEXT(2) 
PARAMETRIC_REPRESENTATION_CONTEXT() REPRESENTATION_CONTEXT('2D SPACE',''
  ) );
#3043 = PCURVE('',#3044,#3049);
#3044 = PLANE('',#3045);
#3045 = AXIS2_PLACEMENT_3D('',#3046,#3047,#3048);
#3046 = CARTESIAN_POINT('',(-141.35,89.99,23.));
#3047 = DIRECTION('',(0.,0.,1.));
#3048 = DIRECTION('',(1.,0.,-0.));
#3049 = DEFINITIONAL_REPRESENTATION('',(#3050),#3053);
#3050 = B_SPLINE_CURVE_WITH_KNOTS('',1,(#3051,#3052),.UNSPECIFIED.,.F.,
  .F.,(2,2),(49.,52.),.PIECEWISE_BEZIER_KNOTS.);
#3051 = CARTESIAN_POINT('',(0.,1.000000000001E-02));
#3052 = CARTESIAN_POINT('',(3.,1.000000000001E-02));
#3053 = ( GEOMETRIC_REPRESENTATION_CONTEXT(2) 
PARAMETRIC_REPRESENTATION_CONTEXT() REPRESENTATION_CONTEXT('2D SPACE',''
  ) );
#3054 = ORIENTED_EDGE('',*,*,#3055,.T.);
#3055 = EDGE_CURVE('',#3028,#3056,#3058,.T.);
#3056 = VERTEX_POINT('',#3057);
#3057 = CARTESIAN_POINT('',(-141.35,90.,9.));
#3058 = SURFACE_CURVE('',#3059,(#3063,#3069),.PCURVE_S1.);
#3059 = LINE('',#3060,#3061);
#3060 = CARTESIAN_POINT('',(-141.35,90.,2.));
#3061 = VECTOR('',#3062,1.);
#3062 = DIRECTION('',(-0.,0.,-1.));
#3063 = PCURVE('',#44,#3064);
#3064 = DEFINITIONAL_REPRESENTATION('',(#3065),#3068);
#3065 = B_SPLINE_CURVE_WITH_KNOTS('',1,(#3066,#3067),.UNSPECIFIED.,.F.,
  .F.,(2,2),(-21.,-7.),.PIECEWISE_BEZIER_KNOTS.);
#3066 = CARTESIAN_POINT('',(28.,98.));
#3067 = CARTESIAN_POINT('',(14.,98.));
#3068 = ( GEOMETRIC_REPRESENTATION_CONTEXT(2) 
PARAMETRIC_REPRESENTATION_CONTEXT() REPRESENTATION_CONTEXT('2D SPACE',''
  ) );
#3069 = PCURVE('',#3070,#3075);
#3070 = PLANE('',#3071);
#3071 = AXIS2_PLACEMENT_3D('',#3072,#3073,#3074);
#3072 = CARTESIAN_POINT('',(-141.35,89.99,9.));
#3073 = DIRECTION('',(1.,0.,-0.));
#3074 = DIRECTION('',(0.,0.,1.));
#3075 = DEFINITIONAL_REPRESENTATION('',(#3076),#3079);
#3076 = B_SPLINE_CURVE_WITH_KNOTS('',1,(#3077,#3078),.UNSPECIFIED.,.F.,
  .F.,(2,2),(-21.,-7.),.PIECEWISE_BEZIER_KNOTS.);
#3077 = CARTESIAN_POINT('',(14.,-1.000000000001E-02));
#3078 = CARTESIAN_POINT('',(0.,-1.000000000001E-02));
#3079 = ( GEOMETRIC_REPRESENTATION_CONTEXT(2) 
PARAMETRIC_REPRESENTATION_CONTEXT() REPRESENTATION_CONTEXT('2D SPACE',''
  ) );
#3080 = ORIENTED_EDGE('',*,*,#3081,.T.);
#3081 = EDGE_CURVE('',#3056,#3082,#3084,.T.);
#3082 = VERTEX_POINT('',#3083);
#3083 = CARTESIAN_POINT('',(-138.35,90.,9.));
#3084 = SURFACE_CURVE('',#3085,(#3089,#3095),.PCURVE_S1.);
#3085 = LINE('',#3086,#3087);
#3086 = CARTESIAN_POINT('',(-190.35,90.,9.));
#3087 = VECTOR('',#3088,1.);
#3088 = DIRECTION('',(1.,0.,-0.));
#3089 = PCURVE('',#44,#3090);
#3090 = DEFINITIONAL_REPRESENTATION('',(#3091),#3094);
#3091 = B_SPLINE_CURVE_WITH_KNOTS('',1,(#3092,#3093),.UNSPECIFIED.,.F.,
  .F.,(2,2),(49.,52.),.PIECEWISE_BEZIER_KNOTS.);
#3092 = CARTESIAN_POINT('',(14.,98.));
#3093 = CARTESIAN_POINT('',(14.,101.));
#3094 = ( GEOMETRIC_REPRESENTATION_CONTEXT(2) 
PARAMETRIC_REPRESENTATION_CONTEXT() REPRESENTATION_CONTEXT('2D SPACE',''
  ) );
#3095 = PCURVE('',#3096,#3101);
#3096 = PLANE('',#3097);
#3097 = AXIS2_PLACEMENT_3D('',#3098,#3099,#3100);
#3098 = CARTESIAN_POINT('',(-141.35,89.99,9.));
#3099 = DIRECTION('',(0.,0.,1.));
#3100 = DIRECTION('',(1.,0.,-0.));
#3101 = DEFINITIONAL_REPRESENTATION('',(#3102),#3105);
#3102 = B_SPLINE_CURVE_WITH_KNOTS('',1,(#3103,#3104),.UNSPECIFIED.,.F.,
  .F.,(2,2),(49.,52.),.PIECEWISE_BEZIER_KNOTS.);
#3103 = CARTESIAN_POINT('',(0.,1.000000000001E-02));
#3104 = CARTESIAN_POINT('',(3.,1.000000000001E-02));
#3105 = ( GEOMETRIC_REPRESENTATION_CONTEXT(2) 
PARAMETRIC_REPRESENTATION_CONTEXT() REPRESENTATION_CONTEXT('2D SPACE',''
  ) );
#3106 = ORIENTED_EDGE('',*,*,#3107,.F.);
#3107 = EDGE_CURVE('',#3030,#3082,#3108,.T.);
#3108 = SURFACE_CURVE('',#3109,(#3113,#3119),.PCURVE_S1.);
#3109 = LINE('',#3110,#3111);
#3110 = CARTESIAN_POINT('',(-138.35,90.,2.));
#3111 = VECTOR('',#3112,1.);
#3112 = DIRECTION('',(-0.,0.,-1.));
#3113 = PCURVE('',#44,#3114);
#3114 = DEFINITIONAL_REPRESENTATION('',(#3115),#3118);
#3115 = B_SPLINE_CURVE_WITH_KNOTS('',1,(#3116,#3117),.UNSPECIFIED.,.F.,
  .F.,(2,2),(-21.,-7.),.PIECEWISE_BEZIER_KNOTS.);
#3116 = CARTESIAN_POINT('',(28.,101.));
#3117 = CARTESIAN_POINT('',(14.,101.));
#3118 = ( GEOMETRIC_REPRESENTATION_CONTEXT(2) 
PARAMETRIC_REPRESENTATION_CONTEXT() REPRESENTATION_CONTEXT('2D SPACE',''
  ) );
#3119 = PCURVE('',#3120,#3125);
#3120 = PLANE('',#3121);
#3121 = AXIS2_PLACEMENT_3D('',#3122,#3123,#3124);
#3122 = CARTESIAN_POINT('',(-138.35,89.99,9.));
#3123 = DIRECTION('',(1.,0.,-0.));
#3124 = DIRECTION('',(0.,0.,1.));
#3125 = DEFINITIONAL_REPRESENTATION('',(#3126),#3129);
#3126 = B_SPLINE_CURVE_WITH_KNOTS('',1,(#3127,#3128),.UNSPECIFIED.,.F.,
  .F.,(2,2),(-21.,-7.),.PIECEWISE_BEZIER_KNOTS.);
#3127 = CARTESIAN_POINT('',(14.,-1.000000000001E-02));
#3128 = CARTESIAN_POINT('',(0.,-1.000000000001E-02));
#3129 = ( GEOMETRIC_REPRESENTATION_CONTEXT(2) 
PARAMETRIC_REPRESENTATION_CONTEXT() REPRESENTATION_CONTEXT('2D SPACE',''
  ) );
#3130 = FACE_BOUND('',#3131,.F.);
#3131 = EDGE_LOOP('',(#3132,#3160,#3186,#3212));
#3132 = ORIENTED_EDGE('',*,*,#3133,.F.);
#3133 = EDGE_CURVE('',#3134,#3136,#3138,.T.);
#3134 = VERTEX_POINT('',#3135);
#3135 = CARTESIAN_POINT('',(-135.35,90.,23.));
#3136 = VERTEX_POINT('',#3137);
#3137 = CARTESIAN_POINT('',(-132.35,90.,23.));
#3138 = SURFACE_CURVE('',#3139,(#3143,#3149),.PCURVE_S1.);
#3139 = LINE('',#3140,#3141);
#3140 = CARTESIAN_POINT('',(-187.35,90.,23.));
#3141 = VECTOR('',#3142,1.);
#3142 = DIRECTION('',(1.,0.,-0.));
#3143 = PCURVE('',#44,#3144);
#3144 = DEFINITIONAL_REPRESENTATION('',(#3145),#3148);
#3145 = B_SPLINE_CURVE_WITH_KNOTS('',1,(#3146,#3147),.UNSPECIFIED.,.F.,
  .F.,(2,2),(52.,55.),.PIECEWISE_BEZIER_KNOTS.);
#3146 = CARTESIAN_POINT('',(28.,104.));
#3147 = CARTESIAN_POINT('',(28.,107.));
#3148 = ( GEOMETRIC_REPRESENTATION_CONTEXT(2) 
PARAMETRIC_REPRESENTATION_CONTEXT() REPRESENTATION_CONTEXT('2D SPACE',''
  ) );
#3149 = PCURVE('',#3150,#3155);
#3150 = PLANE('',#3151);
#3151 = AXIS2_PLACEMENT_3D('',#3152,#3153,#3154);
#3152 = CARTESIAN_POINT('',(-135.35,89.99,23.));
#3153 = DIRECTION('',(0.,0.,1.));
#3154 = DIRECTION('',(1.,0.,-0.));
#3155 = DEFINITIONAL_REPRESENTATION('',(#3156),#3159);
#3156 = B_SPLINE_CURVE_WITH_KNOTS('',1,(#3157,#3158),.UNSPECIFIED.,.F.,
  .F.,(2,2),(52.,55.),.PIECEWISE_BEZIER_KNOTS.);
#3157 = CARTESIAN_POINT('',(0.,1.000000000001E-02));
#3158 = CARTESIAN_POINT('',(3.,1.000000000001E-02));
#3159 = ( GEOMETRIC_REPRESENTATION_CONTEXT(2) 
PARAMETRIC_REPRESENTATION_CONTEXT() REPRESENTATION_CONTEXT('2D SPACE',''
  ) );
#3160 = ORIENTED_EDGE('',*,*,#3161,.T.);
#3161 = EDGE_CURVE('',#3134,#3162,#3164,.T.);
#3162 = VERTEX_POINT('',#3163);
#3163 = CARTESIAN_POINT('',(-135.35,90.,9.));
#3164 = SURFACE_CURVE('',#3165,(#3169,#3175),.PCURVE_S1.);
#3165 = LINE('',#3166,#3167);
#3166 = CARTESIAN_POINT('',(-135.35,90.,2.));
#3167 = VECTOR('',#3168,1.);
#3168 = DIRECTION('',(-0.,0.,-1.));
#3169 = PCURVE('',#44,#3170);
#3170 = DEFINITIONAL_REPRESENTATION('',(#3171),#3174);
#3171 = B_SPLINE_CURVE_WITH_KNOTS('',1,(#3172,#3173),.UNSPECIFIED.,.F.,
  .F.,(2,2),(-21.,-7.),.PIECEWISE_BEZIER_KNOTS.);
#3172 = CARTESIAN_POINT('',(28.,104.));
#3173 = CARTESIAN_POINT('',(14.,104.));
#3174 = ( GEOMETRIC_REPRESENTATION_CONTEXT(2) 
PARAMETRIC_REPRESENTATION_CONTEXT() REPRESENTATION_CONTEXT('2D SPACE',''
  ) );
#3175 = PCURVE('',#3176,#3181);
#3176 = PLANE('',#3177);
#3177 = AXIS2_PLACEMENT_3D('',#3178,#3179,#3180);
#3178 = CARTESIAN_POINT('',(-135.35,89.99,9.));
#3179 = DIRECTION('',(1.,0.,-0.));
#3180 = DIRECTION('',(0.,0.,1.));
#3181 = DEFINITIONAL_REPRESENTATION('',(#3182),#3185);
#3182 = B_SPLINE_CURVE_WITH_KNOTS('',1,(#3183,#3184),.UNSPECIFIED.,.F.,
  .F.,(2,2),(-21.,-7.),.PIECEWISE_BEZIER_KNOTS.);
#3183 = CARTESIAN_POINT('',(14.,-1.000000000001E-02));
#3184 = CARTESIAN_POINT('',(0.,-1.000000000001E-02));
#3185 = ( GEOMETRIC_REPRESENTATION_CONTEXT(2) 
PARAMETRIC_REPRESENTATION_CONTEXT() REPRESENTATION_CONTEXT('2D SPACE',''
  ) );
#3186 = ORIENTED_EDGE('',*,*,#3187,.T.);
#3187 = EDGE_CURVE('',#3162,#3188,#3190,.T.);
#3188 = VERTEX_POINT('',#3189);
#3189 = CARTESIAN_POINT('',(-132.35,90.,9.));
#3190 = SURFACE_CURVE('',#3191,(#3195,#3201),.PCURVE_S1.);
#3191 = LINE('',#3192,#3193);
#3192 = CARTESIAN_POINT('',(-187.35,90.,9.));
#3193 = VECTOR('',#3194,1.);
#3194 = DIRECTION('',(1.,0.,-0.));
#3195 = PCURVE('',#44,#3196);
#3196 = DEFINITIONAL_REPRESENTATION('',(#3197),#3200);
#3197 = B_SPLINE_CURVE_WITH_KNOTS('',1,(#3198,#3199),.UNSPECIFIED.,.F.,
  .F.,(2,2),(52.,55.),.PIECEWISE_BEZIER_KNOTS.);
#3198 = CARTESIAN_POINT('',(14.,104.));
#3199 = CARTESIAN_POINT('',(14.,107.));
#3200 = ( GEOMETRIC_REPRESENTATION_CONTEXT(2) 
PARAMETRIC_REPRESENTATION_CONTEXT() REPRESENTATION_CONTEXT('2D SPACE',''
  ) );
#3201 = PCURVE('',#3202,#3207);
#3202 = PLANE('',#3203);
#3203 = AXIS2_PLACEMENT_3D('',#3204,#3205,#3206);
#3204 = CARTESIAN_POINT('',(-135.35,89.99,9.));
#3205 = DIRECTION('',(0.,0.,1.));
#3206 = DIRECTION('',(1.,0.,-0.));
#3207 = DEFINITIONAL_REPRESENTATION('',(#3208),#3211);
#3208 = B_SPLINE_CURVE_WITH_KNOTS('',1,(#3209,#3210),.UNSPECIFIED.,.F.,
  .F.,(2,2),(52.,55.),.PIECEWISE_BEZIER_KNOTS.);
#3209 = CARTESIAN_POINT('',(0.,1.000000000001E-02));
#3210 = CARTESIAN_POINT('',(3.,1.000000000001E-02));
#3211 = ( GEOMETRIC_REPRESENTATION_CONTEXT(2) 
PARAMETRIC_REPRESENTATION_CONTEXT() REPRESENTATION_CONTEXT('2D SPACE',''
  ) );
#3212 = ORIENTED_EDGE('',*,*,#3213,.F.);
#3213 = EDGE_CURVE('',#3136,#3188,#3214,.T.);
#3214 = SURFACE_CURVE('',#3215,(#3219,#3225),.PCURVE_S1.);
#3215 = LINE('',#3216,#3217);
#3216 = CARTESIAN_POINT('',(-132.35,90.,2.));
#3217 = VECTOR('',#3218,1.);
#3218 = DIRECTION('',(-0.,0.,-1.));
#3219 = PCURVE('',#44,#3220);
#3220 = DEFINITIONAL_REPRESENTATION('',(#3221),#3224);
#3221 = B_SPLINE_CURVE_WITH_KNOTS('',1,(#3222,#3223),.UNSPECIFIED.,.F.,
  .F.,(2,2),(-21.,-7.),.PIECEWISE_BEZIER_KNOTS.);
#3222 = CARTESIAN_POINT('',(28.,107.));
#3223 = CARTESIAN_POINT('',(14.,107.));
#3224 = ( GEOMETRIC_REPRESENTATION_CONTEXT(2) 
PARAMETRIC_REPRESENTATION_CONTEXT() REPRESENTATION_CONTEXT('2D SPACE',''
  ) );
#3225 = PCURVE('',#3226,#3231);
#3226 = PLANE('',#3227);
#3227 = AXIS2_PLACEMENT_3D('',#3228,#3229,#3230);
#3228 = CARTESIAN_POINT('',(-132.35,89.99,9.));
#3229 = DIRECTION('',(1.,0.,-0.));
#3230 = DIRECTION('',(0.,0.,1.));
#3231 = DEFINITIONAL_REPRESENTATION('',(#3232),#3235);
#3232 = B_SPLINE_CURVE_WITH_KNOTS('',1,(#3233,#3234),.UNSPECIFIED.,.F.,
  .F.,(2,2),(-21.,-7.),.PIECEWISE_BEZIER_KNOTS.);
#3233 = CARTESIAN_POINT('',(14.,-1.000000000001E-02));
#3234 = CARTESIAN_POINT('',(0.,-1.000000000001E-02));
#3235 = ( GEOMETRIC_REPRESENTATION_CONTEXT(2) 
PARAMETRIC_REPRESENTATION_CONTEXT() REPRESENTATION_CONTEXT('2D SPACE',''
  ) );
#3236 = FACE_BOUND('',#3237,.F.);
#3237 = EDGE_LOOP('',(#3238));
#3238 = ORIENTED_EDGE('',*,*,#3239,.F.);
#3239 = EDGE_CURVE('',#3240,#3240,#3242,.T.);
#3240 = VERTEX_POINT('',#3241);
#3241 = CARTESIAN_POINT('',(-140.125,90.,35.));
#3242 = SURFACE_CURVE('',#3243,(#3248,#3255),.PCURVE_S1.);
#3243 = CIRCLE('',#3244,4.225);
#3244 = AXIS2_PLACEMENT_3D('',#3245,#3246,#3247);
#3245 = CARTESIAN_POINT('',(-144.35,90.,35.));
#3246 = DIRECTION('',(0.,1.,2.22044604925E-16));
#3247 = DIRECTION('',(1.,0.,-0.));
#3248 = PCURVE('',#44,#3249);
#3249 = DEFINITIONAL_REPRESENTATION('',(#3250),#3254);
#3250 = CIRCLE('',#3251,4.225);
#3251 = AXIS2_PLACEMENT_2D('',#3252,#3253);
#3252 = CARTESIAN_POINT('',(40.,95.));
#3253 = DIRECTION('',(0.,1.));
#3254 = ( GEOMETRIC_REPRESENTATION_CONTEXT(2) 
PARAMETRIC_REPRESENTATION_CONTEXT() REPRESENTATION_CONTEXT('2D SPACE',''
  ) );
#3255 = PCURVE('',#3256,#3261);
#3256 = CYLINDRICAL_SURFACE('',#3257,4.225);
#3257 = AXIS2_PLACEMENT_3D('',#3258,#3259,#3260);
#3258 = CARTESIAN_POINT('',(-144.35,89.99,35.));
#3259 = DIRECTION('',(0.,1.,2.22044604925E-16));
#3260 = DIRECTION('',(1.,0.,-0.));
#3261 = DEFINITIONAL_REPRESENTATION('',(#3262),#3266);
#3262 = LINE('',#3263,#3264);
#3263 = CARTESIAN_POINT('',(0.,1.000000000001E-02));
#3264 = VECTOR('',#3265,1.);
#3265 = DIRECTION('',(1.,0.));
#3266 = ( GEOMETRIC_REPRESENTATION_CONTEXT(2) 
PARAMETRIC_REPRESENTATION_CONTEXT() REPRESENTATION_CONTEXT('2D SPACE',''
  ) );
#3267 = FACE_BOUND('',#3268,.F.);
#3268 = EDGE_LOOP('',(#3269));
#3269 = ORIENTED_EDGE('',*,*,#3270,.F.);
#3270 = EDGE_CURVE('',#3271,#3271,#3273,.T.);
#3271 = VERTEX_POINT('',#3272);
#3272 = CARTESIAN_POINT('',(-112.575,90.,5.));
#3273 = SURFACE_CURVE('',#3274,(#3279,#3286),.PCURVE_S1.);
#3274 = CIRCLE('',#3275,1.775);
#3275 = AXIS2_PLACEMENT_3D('',#3276,#3277,#3278);
#3276 = CARTESIAN_POINT('',(-114.35,90.,5.));
#3277 = DIRECTION('',(0.,1.,2.22044604925E-16));
#3278 = DIRECTION('',(1.,0.,-0.));
#3279 = PCURVE('',#44,#3280);
#3280 = DEFINITIONAL_REPRESENTATION('',(#3281),#3285);
#3281 = CIRCLE('',#3282,1.775);
#3282 = AXIS2_PLACEMENT_2D('',#3283,#3284);
#3283 = CARTESIAN_POINT('',(10.,125.));
#3284 = DIRECTION('',(0.,1.));
#3285 = ( GEOMETRIC_REPRESENTATION_CONTEXT(2) 
PARAMETRIC_REPRESENTATION_CONTEXT() REPRESENTATION_CONTEXT('2D SPACE',''
  ) );
#3286 = PCURVE('',#3287,#3292);
#3287 = CYLINDRICAL_SURFACE('',#3288,1.775);
#3288 = AXIS2_PLACEMENT_3D('',#3289,#3290,#3291);
#3289 = CARTESIAN_POINT('',(-114.35,89.99,5.));
#3290 = DIRECTION('',(0.,1.,2.22044604925E-16));
#3291 = DIRECTION('',(1.,0.,-0.));
#3292 = DEFINITIONAL_REPRESENTATION('',(#3293),#3297);
#3293 = LINE('',#3294,#3295);
#3294 = CARTESIAN_POINT('',(0.,1.000000000001E-02));
#3295 = VECTOR('',#3296,1.);
#3296 = DIRECTION('',(1.,0.));
#3297 = ( GEOMETRIC_REPRESENTATION_CONTEXT(2) 
PARAMETRIC_REPRESENTATION_CONTEXT() REPRESENTATION_CONTEXT('2D SPACE',''
  ) );
#3298 = FACE_BOUND('',#3299,.F.);
#3299 = EDGE_LOOP('',(#3300,#3328,#3354,#3380));
#3300 = ORIENTED_EDGE('',*,*,#3301,.F.);
#3301 = EDGE_CURVE('',#3302,#3304,#3306,.T.);
#3302 = VERTEX_POINT('',#3303);
#3303 = CARTESIAN_POINT('',(-129.35,90.,23.));
#3304 = VERTEX_POINT('',#3305);
#3305 = CARTESIAN_POINT('',(-126.35,90.,23.));
#3306 = SURFACE_CURVE('',#3307,(#3311,#3317),.PCURVE_S1.);
#3307 = LINE('',#3308,#3309);
#3308 = CARTESIAN_POINT('',(-184.35,90.,23.));
#3309 = VECTOR('',#3310,1.);
#3310 = DIRECTION('',(1.,0.,-0.));
#3311 = PCURVE('',#44,#3312);
#3312 = DEFINITIONAL_REPRESENTATION('',(#3313),#3316);
#3313 = B_SPLINE_CURVE_WITH_KNOTS('',1,(#3314,#3315),.UNSPECIFIED.,.F.,
  .F.,(2,2),(55.,58.),.PIECEWISE_BEZIER_KNOTS.);
#3314 = CARTESIAN_POINT('',(28.,110.));
#3315 = CARTESIAN_POINT('',(28.,113.));
#3316 = ( GEOMETRIC_REPRESENTATION_CONTEXT(2) 
PARAMETRIC_REPRESENTATION_CONTEXT() REPRESENTATION_CONTEXT('2D SPACE',''
  ) );
#3317 = PCURVE('',#3318,#3323);
#3318 = PLANE('',#3319);
#3319 = AXIS2_PLACEMENT_3D('',#3320,#3321,#3322);
#3320 = CARTESIAN_POINT('',(-129.35,89.99,23.));
#3321 = DIRECTION('',(0.,0.,1.));
#3322 = DIRECTION('',(1.,0.,-0.));
#3323 = DEFINITIONAL_REPRESENTATION('',(#3324),#3327);
#3324 = B_SPLINE_CURVE_WITH_KNOTS('',1,(#3325,#3326),.UNSPECIFIED.,.F.,
  .F.,(2,2),(55.,58.),.PIECEWISE_BEZIER_KNOTS.);
#3325 = CARTESIAN_POINT('',(0.,1.000000000001E-02));
#3326 = CARTESIAN_POINT('',(3.,1.000000000001E-02));
#3327 = ( GEOMETRIC_REPRESENTATION_CONTEXT(2) 
PARAMETRIC_REPRESENTATION_CONTEXT() REPRESENTATION_CONTEXT('2D SPACE',''
  ) );
#3328 = ORIENTED_EDGE('',*,*,#3329,.T.);
#3329 = EDGE_CURVE('',#3302,#3330,#3332,.T.);
#3330 = VERTEX_POINT('',#3331);
#3331 = CARTESIAN_POINT('',(-129.35,90.,9.));
#3332 = SURFACE_CURVE('',#3333,(#3337,#3343),.PCURVE_S1.);
#3333 = LINE('',#3334,#3335);
#3334 = CARTESIAN_POINT('',(-129.35,90.,2.));
#3335 = VECTOR('',#3336,1.);
#3336 = DIRECTION('',(-0.,0.,-1.));
#3337 = PCURVE('',#44,#3338);
#3338 = DEFINITIONAL_REPRESENTATION('',(#3339),#3342);
#3339 = B_SPLINE_CURVE_WITH_KNOTS('',1,(#3340,#3341),.UNSPECIFIED.,.F.,
  .F.,(2,2),(-21.,-7.),.PIECEWISE_BEZIER_KNOTS.);
#3340 = CARTESIAN_POINT('',(28.,110.));
#3341 = CARTESIAN_POINT('',(14.,110.));
#3342 = ( GEOMETRIC_REPRESENTATION_CONTEXT(2) 
PARAMETRIC_REPRESENTATION_CONTEXT() REPRESENTATION_CONTEXT('2D SPACE',''
  ) );
#3343 = PCURVE('',#3344,#3349);
#3344 = PLANE('',#3345);
#3345 = AXIS2_PLACEMENT_3D('',#3346,#3347,#3348);
#3346 = CARTESIAN_POINT('',(-129.35,89.99,9.));
#3347 = DIRECTION('',(1.,0.,-0.));
#3348 = DIRECTION('',(0.,0.,1.));
#3349 = DEFINITIONAL_REPRESENTATION('',(#3350),#3353);
#3350 = B_SPLINE_CURVE_WITH_KNOTS('',1,(#3351,#3352),.UNSPECIFIED.,.F.,
  .F.,(2,2),(-21.,-7.),.PIECEWISE_BEZIER_KNOTS.);
#3351 = CARTESIAN_POINT('',(14.,-1.000000000001E-02));
#3352 = CARTESIAN_POINT('',(0.,-1.000000000001E-02));
#3353 = ( GEOMETRIC_REPRESENTATION_CONTEXT(2) 
PARAMETRIC_REPRESENTATION_CONTEXT() REPRESENTATION_CONTEXT('2D SPACE',''
  ) );
#3354 = ORIENTED_EDGE('',*,*,#3355,.T.);
#3355 = EDGE_CURVE('',#3330,#3356,#3358,.T.);
#3356 = VERTEX_POINT('',#3357);
#3357 = CARTESIAN_POINT('',(-126.35,90.,9.));
#3358 = SURFACE_CURVE('',#3359,(#3363,#3369),.PCURVE_S1.);
#3359 = LINE('',#3360,#3361);
#3360 = CARTESIAN_POINT('',(-184.35,90.,9.));
#3361 = VECTOR('',#3362,1.);
#3362 = DIRECTION('',(1.,0.,-0.));
#3363 = PCURVE('',#44,#3364);
#3364 = DEFINITIONAL_REPRESENTATION('',(#3365),#3368);
#3365 = B_SPLINE_CURVE_WITH_KNOTS('',1,(#3366,#3367),.UNSPECIFIED.,.F.,
  .F.,(2,2),(55.,58.),.PIECEWISE_BEZIER_KNOTS.);
#3366 = CARTESIAN_POINT('',(14.,110.));
#3367 = CARTESIAN_POINT('',(14.,113.));
#3368 = ( GEOMETRIC_REPRESENTATION_CONTEXT(2) 
PARAMETRIC_REPRESENTATION_CONTEXT() REPRESENTATION_CONTEXT('2D SPACE',''
  ) );
#3369 = PCURVE('',#3370,#3375);
#3370 = PLANE('',#3371);
#3371 = AXIS2_PLACEMENT_3D('',#3372,#3373,#3374);
#3372 = CARTESIAN_POINT('',(-129.35,89.99,9.));
#3373 = DIRECTION('',(0.,0.,1.));
#3374 = DIRECTION('',(1.,0.,-0.));
#3375 = DEFINITIONAL_REPRESENTATION('',(#3376),#3379);
#3376 = B_SPLINE_CURVE_WITH_KNOTS('',1,(#3377,#3378),.UNSPECIFIED.,.F.,
  .F.,(2,2),(55.,58.),.PIECEWISE_BEZIER_KNOTS.);
#3377 = CARTESIAN_POINT('',(0.,1.000000000001E-02));
#3378 = CARTESIAN_POINT('',(3.,1.000000000001E-02));
#3379 = ( GEOMETRIC_REPRESENTATION_CONTEXT(2) 
PARAMETRIC_REPRESENTATION_CONTEXT() REPRESENTATION_CONTEXT('2D SPACE',''
  ) );
#3380 = ORIENTED_EDGE('',*,*,#3381,.F.);
#3381 = EDGE_CURVE('',#3304,#3356,#3382,.T.);
#3382 = SURFACE_CURVE('',#3383,(#3387,#3393),.PCURVE_S1.);
#3383 = LINE('',#3384,#3385);
#3384 = CARTESIAN_POINT('',(-126.35,90.,2.));
#3385 = VECTOR('',#3386,1.);
#3386 = DIRECTION('',(-0.,0.,-1.));
#3387 = PCURVE('',#44,#3388);
#3388 = DEFINITIONAL_REPRESENTATION('',(#3389),#3392);
#3389 = B_SPLINE_CURVE_WITH_KNOTS('',1,(#3390,#3391),.UNSPECIFIED.,.F.,
  .F.,(2,2),(-21.,-7.),.PIECEWISE_BEZIER_KNOTS.);
#3390 = CARTESIAN_POINT('',(28.,113.));
#3391 = CARTESIAN_POINT('',(14.,113.));
#3392 = ( GEOMETRIC_REPRESENTATION_CONTEXT(2) 
PARAMETRIC_REPRESENTATION_CONTEXT() REPRESENTATION_CONTEXT('2D SPACE',''
  ) );
#3393 = PCURVE('',#3394,#3399);
#3394 = PLANE('',#3395);
#3395 = AXIS2_PLACEMENT_3D('',#3396,#3397,#3398);
#3396 = CARTESIAN_POINT('',(-126.35,89.99,9.));
#3397 = DIRECTION('',(1.,0.,-0.));
#3398 = DIRECTION('',(0.,0.,1.));
#3399 = DEFINITIONAL_REPRESENTATION('',(#3400),#3403);
#3400 = B_SPLINE_CURVE_WITH_KNOTS('',1,(#3401,#3402),.UNSPECIFIED.,.F.,
  .F.,(2,2),(-21.,-7.),.PIECEWISE_BEZIER_KNOTS.);
#3401 = CARTESIAN_POINT('',(14.,-1.000000000001E-02));
#3402 = CARTESIAN_POINT('',(0.,-1.000000000001E-02));
#3403 = ( GEOMETRIC_REPRESENTATION_CONTEXT(2) 
PARAMETRIC_REPRESENTATION_CONTEXT() REPRESENTATION_CONTEXT('2D SPACE',''
  ) );
#3404 = FACE_BOUND('',#3405,.F.);
#3405 = EDGE_LOOP('',(#3406,#3434,#3460,#3486));
#3406 = ORIENTED_EDGE('',*,*,#3407,.F.);
#3407 = EDGE_CURVE('',#3408,#3410,#3412,.T.);
#3408 = VERTEX_POINT('',#3409);
#3409 = CARTESIAN_POINT('',(-123.35,90.,23.));
#3410 = VERTEX_POINT('',#3411);
#3411 = CARTESIAN_POINT('',(-120.35,90.,23.));
#3412 = SURFACE_CURVE('',#3413,(#3417,#3423),.PCURVE_S1.);
#3413 = LINE('',#3414,#3415);
#3414 = CARTESIAN_POINT('',(-181.35,90.,23.));
#3415 = VECTOR('',#3416,1.);
#3416 = DIRECTION('',(1.,0.,-0.));
#3417 = PCURVE('',#44,#3418);
#3418 = DEFINITIONAL_REPRESENTATION('',(#3419),#3422);
#3419 = B_SPLINE_CURVE_WITH_KNOTS('',1,(#3420,#3421),.UNSPECIFIED.,.F.,
  .F.,(2,2),(58.,61.),.PIECEWISE_BEZIER_KNOTS.);
#3420 = CARTESIAN_POINT('',(28.,116.));
#3421 = CARTESIAN_POINT('',(28.,119.));
#3422 = ( GEOMETRIC_REPRESENTATION_CONTEXT(2) 
PARAMETRIC_REPRESENTATION_CONTEXT() REPRESENTATION_CONTEXT('2D SPACE',''
  ) );
#3423 = PCURVE('',#3424,#3429);
#3424 = PLANE('',#3425);
#3425 = AXIS2_PLACEMENT_3D('',#3426,#3427,#3428);
#3426 = CARTESIAN_POINT('',(-123.35,89.99,23.));
#3427 = DIRECTION('',(0.,0.,1.));
#3428 = DIRECTION('',(1.,0.,-0.));
#3429 = DEFINITIONAL_REPRESENTATION('',(#3430),#3433);
#3430 = B_SPLINE_CURVE_WITH_KNOTS('',1,(#3431,#3432),.UNSPECIFIED.,.F.,
  .F.,(2,2),(58.,61.),.PIECEWISE_BEZIER_KNOTS.);
#3431 = CARTESIAN_POINT('',(0.,1.000000000001E-02));
#3432 = CARTESIAN_POINT('',(3.,1.000000000001E-02));
#3433 = ( GEOMETRIC_REPRESENTATION_CONTEXT(2) 
PARAMETRIC_REPRESENTATION_CONTEXT() REPRESENTATION_CONTEXT('2D SPACE',''
  ) );
#3434 = ORIENTED_EDGE('',*,*,#3435,.T.);
#3435 = EDGE_CURVE('',#3408,#3436,#3438,.T.);
#3436 = VERTEX_POINT('',#3437);
#3437 = CARTESIAN_POINT('',(-123.35,90.,9.));
#3438 = SURFACE_CURVE('',#3439,(#3443,#3449),.PCURVE_S1.);
#3439 = LINE('',#3440,#3441);
#3440 = CARTESIAN_POINT('',(-123.35,90.,2.));
#3441 = VECTOR('',#3442,1.);
#3442 = DIRECTION('',(-0.,0.,-1.));
#3443 = PCURVE('',#44,#3444);
#3444 = DEFINITIONAL_REPRESENTATION('',(#3445),#3448);
#3445 = B_SPLINE_CURVE_WITH_KNOTS('',1,(#3446,#3447),.UNSPECIFIED.,.F.,
  .F.,(2,2),(-21.,-7.),.PIECEWISE_BEZIER_KNOTS.);
#3446 = CARTESIAN_POINT('',(28.,116.));
#3447 = CARTESIAN_POINT('',(14.,116.));
#3448 = ( GEOMETRIC_REPRESENTATION_CONTEXT(2) 
PARAMETRIC_REPRESENTATION_CONTEXT() REPRESENTATION_CONTEXT('2D SPACE',''
  ) );
#3449 = PCURVE('',#3450,#3455);
#3450 = PLANE('',#3451);
#3451 = AXIS2_PLACEMENT_3D('',#3452,#3453,#3454);
#3452 = CARTESIAN_POINT('',(-123.35,89.99,9.));
#3453 = DIRECTION('',(1.,0.,-0.));
#3454 = DIRECTION('',(0.,0.,1.));
#3455 = DEFINITIONAL_REPRESENTATION('',(#3456),#3459);
#3456 = B_SPLINE_CURVE_WITH_KNOTS('',1,(#3457,#3458),.UNSPECIFIED.,.F.,
  .F.,(2,2),(-21.,-7.),.PIECEWISE_BEZIER_KNOTS.);
#3457 = CARTESIAN_POINT('',(14.,-1.000000000001E-02));
#3458 = CARTESIAN_POINT('',(0.,-1.000000000001E-02));
#3459 = ( GEOMETRIC_REPRESENTATION_CONTEXT(2) 
PARAMETRIC_REPRESENTATION_CONTEXT() REPRESENTATION_CONTEXT('2D SPACE',''
  ) );
#3460 = ORIENTED_EDGE('',*,*,#3461,.T.);
#3461 = EDGE_CURVE('',#3436,#3462,#3464,.T.);
#3462 = VERTEX_POINT('',#3463);
#3463 = CARTESIAN_POINT('',(-120.35,90.,9.));
#3464 = SURFACE_CURVE('',#3465,(#3469,#3475),.PCURVE_S1.);
#3465 = LINE('',#3466,#3467);
#3466 = CARTESIAN_POINT('',(-181.35,90.,9.));
#3467 = VECTOR('',#3468,1.);
#3468 = DIRECTION('',(1.,0.,-0.));
#3469 = PCURVE('',#44,#3470);
#3470 = DEFINITIONAL_REPRESENTATION('',(#3471),#3474);
#3471 = B_SPLINE_CURVE_WITH_KNOTS('',1,(#3472,#3473),.UNSPECIFIED.,.F.,
  .F.,(2,2),(58.,61.),.PIECEWISE_BEZIER_KNOTS.);
#3472 = CARTESIAN_POINT('',(14.,116.));
#3473 = CARTESIAN_POINT('',(14.,119.));
#3474 = ( GEOMETRIC_REPRESENTATION_CONTEXT(2) 
PARAMETRIC_REPRESENTATION_CONTEXT() REPRESENTATION_CONTEXT('2D SPACE',''
  ) );
#3475 = PCURVE('',#3476,#3481);
#3476 = PLANE('',#3477);
#3477 = AXIS2_PLACEMENT_3D('',#3478,#3479,#3480);
#3478 = CARTESIAN_POINT('',(-123.35,89.99,9.));
#3479 = DIRECTION('',(0.,0.,1.));
#3480 = DIRECTION('',(1.,0.,-0.));
#3481 = DEFINITIONAL_REPRESENTATION('',(#3482),#3485);
#3482 = B_SPLINE_CURVE_WITH_KNOTS('',1,(#3483,#3484),.UNSPECIFIED.,.F.,
  .F.,(2,2),(58.,61.),.PIECEWISE_BEZIER_KNOTS.);
#3483 = CARTESIAN_POINT('',(0.,1.000000000001E-02));
#3484 = CARTESIAN_POINT('',(3.,1.000000000001E-02));
#3485 = ( GEOMETRIC_REPRESENTATION_CONTEXT(2) 
PARAMETRIC_REPRESENTATION_CONTEXT() REPRESENTATION_CONTEXT('2D SPACE',''
  ) );
#3486 = ORIENTED_EDGE('',*,*,#3487,.F.);
#3487 = EDGE_CURVE('',#3410,#3462,#3488,.T.);
#3488 = SURFACE_CURVE('',#3489,(#3493,#3499),.PCURVE_S1.);
#3489 = LINE('',#3490,#3491);
#3490 = CARTESIAN_POINT('',(-120.35,90.,2.));
#3491 = VECTOR('',#3492,1.);
#3492 = DIRECTION('',(-0.,0.,-1.));
#3493 = PCURVE('',#44,#3494);
#3494 = DEFINITIONAL_REPRESENTATION('',(#3495),#3498);
#3495 = B_SPLINE_CURVE_WITH_KNOTS('',1,(#3496,#3497),.UNSPECIFIED.,.F.,
  .F.,(2,2),(-21.,-7.),.PIECEWISE_BEZIER_KNOTS.);
#3496 = CARTESIAN_POINT('',(28.,119.));
#3497 = CARTESIAN_POINT('',(14.,119.));
#3498 = ( GEOMETRIC_REPRESENTATION_CONTEXT(2) 
PARAMETRIC_REPRESENTATION_CONTEXT() REPRESENTATION_CONTEXT('2D SPACE',''
  ) );
#3499 = PCURVE('',#3500,#3505);
#3500 = PLANE('',#3501);
#3501 = AXIS2_PLACEMENT_3D('',#3502,#3503,#3504);
#3502 = CARTESIAN_POINT('',(-120.35,89.99,9.));
#3503 = DIRECTION('',(1.,0.,-0.));
#3504 = DIRECTION('',(0.,0.,1.));
#3505 = DEFINITIONAL_REPRESENTATION('',(#3506),#3509);
#3506 = B_SPLINE_CURVE_WITH_KNOTS('',1,(#3507,#3508),.UNSPECIFIED.,.F.,
  .F.,(2,2),(-21.,-7.),.PIECEWISE_BEZIER_KNOTS.);
#3507 = CARTESIAN_POINT('',(14.,-1.000000000001E-02));
#3508 = CARTESIAN_POINT('',(0.,-1.000000000001E-02));
#3509 = ( GEOMETRIC_REPRESENTATION_CONTEXT(2) 
PARAMETRIC_REPRESENTATION_CONTEXT() REPRESENTATION_CONTEXT('2D SPACE',''
  ) );
#3510 = FACE_BOUND('',#3511,.F.);
#3511 = EDGE_LOOP('',(#3512,#3540,#3566,#3592));
#3512 = ORIENTED_EDGE('',*,*,#3513,.F.);
#3513 = EDGE_CURVE('',#3514,#3516,#3518,.T.);
#3514 = VERTEX_POINT('',#3515);
#3515 = CARTESIAN_POINT('',(-117.35,90.,23.));
#3516 = VERTEX_POINT('',#3517);
#3517 = CARTESIAN_POINT('',(-114.35,90.,23.));
#3518 = SURFACE_CURVE('',#3519,(#3523,#3529),.PCURVE_S1.);
#3519 = LINE('',#3520,#3521);
#3520 = CARTESIAN_POINT('',(-178.35,90.,23.));
#3521 = VECTOR('',#3522,1.);
#3522 = DIRECTION('',(1.,0.,-0.));
#3523 = PCURVE('',#44,#3524);
#3524 = DEFINITIONAL_REPRESENTATION('',(#3525),#3528);
#3525 = B_SPLINE_CURVE_WITH_KNOTS('',1,(#3526,#3527),.UNSPECIFIED.,.F.,
  .F.,(2,2),(61.,64.),.PIECEWISE_BEZIER_KNOTS.);
#3526 = CARTESIAN_POINT('',(28.,122.));
#3527 = CARTESIAN_POINT('',(28.,125.));
#3528 = ( GEOMETRIC_REPRESENTATION_CONTEXT(2) 
PARAMETRIC_REPRESENTATION_CONTEXT() REPRESENTATION_CONTEXT('2D SPACE',''
  ) );
#3529 = PCURVE('',#3530,#3535);
#3530 = PLANE('',#3531);
#3531 = AXIS2_PLACEMENT_3D('',#3532,#3533,#3534);
#3532 = CARTESIAN_POINT('',(-117.35,89.99,23.));
#3533 = DIRECTION('',(0.,0.,1.));
#3534 = DIRECTION('',(1.,0.,-0.));
#3535 = DEFINITIONAL_REPRESENTATION('',(#3536),#3539);
#3536 = B_SPLINE_CURVE_WITH_KNOTS('',1,(#3537,#3538),.UNSPECIFIED.,.F.,
  .F.,(2,2),(61.,64.),.PIECEWISE_BEZIER_KNOTS.);
#3537 = CARTESIAN_POINT('',(0.,1.000000000001E-02));
#3538 = CARTESIAN_POINT('',(3.,1.000000000001E-02));
#3539 = ( GEOMETRIC_REPRESENTATION_CONTEXT(2) 
PARAMETRIC_REPRESENTATION_CONTEXT() REPRESENTATION_CONTEXT('2D SPACE',''
  ) );
#3540 = ORIENTED_EDGE('',*,*,#3541,.T.);
#3541 = EDGE_CURVE('',#3514,#3542,#3544,.T.);
#3542 = VERTEX_POINT('',#3543);
#3543 = CARTESIAN_POINT('',(-117.35,90.,9.));
#3544 = SURFACE_CURVE('',#3545,(#3549,#3555),.PCURVE_S1.);
#3545 = LINE('',#3546,#3547);
#3546 = CARTESIAN_POINT('',(-117.35,90.,2.));
#3547 = VECTOR('',#3548,1.);
#3548 = DIRECTION('',(-0.,0.,-1.));
#3549 = PCURVE('',#44,#3550);
#3550 = DEFINITIONAL_REPRESENTATION('',(#3551),#3554);
#3551 = B_SPLINE_CURVE_WITH_KNOTS('',1,(#3552,#3553),.UNSPECIFIED.,.F.,
  .F.,(2,2),(-21.,-7.),.PIECEWISE_BEZIER_KNOTS.);
#3552 = CARTESIAN_POINT('',(28.,122.));
#3553 = CARTESIAN_POINT('',(14.,122.));
#3554 = ( GEOMETRIC_REPRESENTATION_CONTEXT(2) 
PARAMETRIC_REPRESENTATION_CONTEXT() REPRESENTATION_CONTEXT('2D SPACE',''
  ) );
#3555 = PCURVE('',#3556,#3561);
#3556 = PLANE('',#3557);
#3557 = AXIS2_PLACEMENT_3D('',#3558,#3559,#3560);
#3558 = CARTESIAN_POINT('',(-117.35,89.99,9.));
#3559 = DIRECTION('',(1.,0.,-0.));
#3560 = DIRECTION('',(0.,0.,1.));
#3561 = DEFINITIONAL_REPRESENTATION('',(#3562),#3565);
#3562 = B_SPLINE_CURVE_WITH_KNOTS('',1,(#3563,#3564),.UNSPECIFIED.,.F.,
  .F.,(2,2),(-21.,-7.),.PIECEWISE_BEZIER_KNOTS.);
#3563 = CARTESIAN_POINT('',(14.,-1.000000000001E-02));
#3564 = CARTESIAN_POINT('',(0.,-1.000000000001E-02));
#3565 = ( GEOMETRIC_REPRESENTATION_CONTEXT(2) 
PARAMETRIC_REPRESENTATION_CONTEXT() REPRESENTATION_CONTEXT('2D SPACE',''
  ) );
#3566 = ORIENTED_EDGE('',*,*,#3567,.T.);
#3567 = EDGE_CURVE('',#3542,#3568,#3570,.T.);
#3568 = VERTEX_POINT('',#3569);
#3569 = CARTESIAN_POINT('',(-114.35,90.,9.));
#3570 = SURFACE_CURVE('',#3571,(#3575,#3581),.PCURVE_S1.);
#3571 = LINE('',#3572,#3573);
#3572 = CARTESIAN_POINT('',(-178.35,90.,9.));
#3573 = VECTOR('',#3574,1.);
#3574 = DIRECTION('',(1.,0.,-0.));
#3575 = PCURVE('',#44,#3576);
#3576 = DEFINITIONAL_REPRESENTATION('',(#3577),#3580);
#3577 = B_SPLINE_CURVE_WITH_KNOTS('',1,(#3578,#3579),.UNSPECIFIED.,.F.,
  .F.,(2,2),(61.,64.),.PIECEWISE_BEZIER_KNOTS.);
#3578 = CARTESIAN_POINT('',(14.,122.));
#3579 = CARTESIAN_POINT('',(14.,125.));
#3580 = ( GEOMETRIC_REPRESENTATION_CONTEXT(2) 
PARAMETRIC_REPRESENTATION_CONTEXT() REPRESENTATION_CONTEXT('2D SPACE',''
  ) );
#3581 = PCURVE('',#3582,#3587);
#3582 = PLANE('',#3583);
#3583 = AXIS2_PLACEMENT_3D('',#3584,#3585,#3586);
#3584 = CARTESIAN_POINT('',(-117.35,89.99,9.));
#3585 = DIRECTION('',(0.,0.,1.));
#3586 = DIRECTION('',(1.,0.,-0.));
#3587 = DEFINITIONAL_REPRESENTATION('',(#3588),#3591);
#3588 = B_SPLINE_CURVE_WITH_KNOTS('',1,(#3589,#3590),.UNSPECIFIED.,.F.,
  .F.,(2,2),(61.,64.),.PIECEWISE_BEZIER_KNOTS.);
#3589 = CARTESIAN_POINT('',(0.,1.000000000001E-02));
#3590 = CARTESIAN_POINT('',(3.,1.000000000001E-02));
#3591 = ( GEOMETRIC_REPRESENTATION_CONTEXT(2) 
PARAMETRIC_REPRESENTATION_CONTEXT() REPRESENTATION_CONTEXT('2D SPACE',''
  ) );
#3592 = ORIENTED_EDGE('',*,*,#3593,.F.);
#3593 = EDGE_CURVE('',#3516,#3568,#3594,.T.);
#3594 = SURFACE_CURVE('',#3595,(#3599,#3605),.PCURVE_S1.);
#3595 = LINE('',#3596,#3597);
#3596 = CARTESIAN_POINT('',(-114.35,90.,2.));
#3597 = VECTOR('',#3598,1.);
#3598 = DIRECTION('',(-0.,0.,-1.));
#3599 = PCURVE('',#44,#3600);
#3600 = DEFINITIONAL_REPRESENTATION('',(#3601),#3604);
#3601 = B_SPLINE_CURVE_WITH_KNOTS('',1,(#3602,#3603),.UNSPECIFIED.,.F.,
  .F.,(2,2),(-21.,-7.),.PIECEWISE_BEZIER_KNOTS.);
#3602 = CARTESIAN_POINT('',(28.,125.));
#3603 = CARTESIAN_POINT('',(14.,125.));
#3604 = ( GEOMETRIC_REPRESENTATION_CONTEXT(2) 
PARAMETRIC_REPRESENTATION_CONTEXT() REPRESENTATION_CONTEXT('2D SPACE',''
  ) );
#3605 = PCURVE('',#3606,#3611);
#3606 = PLANE('',#3607);
#3607 = AXIS2_PLACEMENT_3D('',#3608,#3609,#3610);
#3608 = CARTESIAN_POINT('',(-114.35,89.99,9.));
#3609 = DIRECTION('',(1.,0.,-0.));
#3610 = DIRECTION('',(0.,0.,1.));
#3611 = DEFINITIONAL_REPRESENTATION('',(#3612),#3615);
#3612 = B_SPLINE_CURVE_WITH_KNOTS('',1,(#3613,#3614),.UNSPECIFIED.,.F.,
  .F.,(2,2),(-21.,-7.),.PIECEWISE_BEZIER_KNOTS.);
#3613 = CARTESIAN_POINT('',(14.,-1.000000000001E-02));
#3614 = CARTESIAN_POINT('',(0.,-1.000000000001E-02));
#3615 = ( GEOMETRIC_REPRESENTATION_CONTEXT(2) 
PARAMETRIC_REPRESENTATION_CONTEXT() REPRESENTATION_CONTEXT('2D SPACE',''
  ) );
#3616 = FACE_BOUND('',#3617,.F.);
#3617 = EDGE_LOOP('',(#3618,#3646,#3672,#3698));
#3618 = ORIENTED_EDGE('',*,*,#3619,.F.);
#3619 = EDGE_CURVE('',#3620,#3622,#3624,.T.);
#3620 = VERTEX_POINT('',#3621);
#3621 = CARTESIAN_POINT('',(-111.35,90.,23.));
#3622 = VERTEX_POINT('',#3623);
#3623 = CARTESIAN_POINT('',(-108.35,90.,23.));
#3624 = SURFACE_CURVE('',#3625,(#3629,#3635),.PCURVE_S1.);
#3625 = LINE('',#3626,#3627);
#3626 = CARTESIAN_POINT('',(-175.35,90.,23.));
#3627 = VECTOR('',#3628,1.);
#3628 = DIRECTION('',(1.,0.,-0.));
#3629 = PCURVE('',#44,#3630);
#3630 = DEFINITIONAL_REPRESENTATION('',(#3631),#3634);
#3631 = B_SPLINE_CURVE_WITH_KNOTS('',1,(#3632,#3633),.UNSPECIFIED.,.F.,
  .F.,(2,2),(64.,67.),.PIECEWISE_BEZIER_KNOTS.);
#3632 = CARTESIAN_POINT('',(28.,128.));
#3633 = CARTESIAN_POINT('',(28.,131.));
#3634 = ( GEOMETRIC_REPRESENTATION_CONTEXT(2) 
PARAMETRIC_REPRESENTATION_CONTEXT() REPRESENTATION_CONTEXT('2D SPACE',''
  ) );
#3635 = PCURVE('',#3636,#3641);
#3636 = PLANE('',#3637);
#3637 = AXIS2_PLACEMENT_3D('',#3638,#3639,#3640);
#3638 = CARTESIAN_POINT('',(-111.35,89.99,23.));
#3639 = DIRECTION('',(0.,0.,1.));
#3640 = DIRECTION('',(1.,0.,-0.));
#3641 = DEFINITIONAL_REPRESENTATION('',(#3642),#3645);
#3642 = B_SPLINE_CURVE_WITH_KNOTS('',1,(#3643,#3644),.UNSPECIFIED.,.F.,
  .F.,(2,2),(64.,67.),.PIECEWISE_BEZIER_KNOTS.);
#3643 = CARTESIAN_POINT('',(0.,1.000000000001E-02));
#3644 = CARTESIAN_POINT('',(3.,1.000000000001E-02));
#3645 = ( GEOMETRIC_REPRESENTATION_CONTEXT(2) 
PARAMETRIC_REPRESENTATION_CONTEXT() REPRESENTATION_CONTEXT('2D SPACE',''
  ) );
#3646 = ORIENTED_EDGE('',*,*,#3647,.T.);
#3647 = EDGE_CURVE('',#3620,#3648,#3650,.T.);
#3648 = VERTEX_POINT('',#3649);
#3649 = CARTESIAN_POINT('',(-111.35,90.,9.));
#3650 = SURFACE_CURVE('',#3651,(#3655,#3661),.PCURVE_S1.);
#3651 = LINE('',#3652,#3653);
#3652 = CARTESIAN_POINT('',(-111.35,90.,2.));
#3653 = VECTOR('',#3654,1.);
#3654 = DIRECTION('',(-0.,0.,-1.));
#3655 = PCURVE('',#44,#3656);
#3656 = DEFINITIONAL_REPRESENTATION('',(#3657),#3660);
#3657 = B_SPLINE_CURVE_WITH_KNOTS('',1,(#3658,#3659),.UNSPECIFIED.,.F.,
  .F.,(2,2),(-21.,-7.),.PIECEWISE_BEZIER_KNOTS.);
#3658 = CARTESIAN_POINT('',(28.,128.));
#3659 = CARTESIAN_POINT('',(14.,128.));
#3660 = ( GEOMETRIC_REPRESENTATION_CONTEXT(2) 
PARAMETRIC_REPRESENTATION_CONTEXT() REPRESENTATION_CONTEXT('2D SPACE',''
  ) );
#3661 = PCURVE('',#3662,#3667);
#3662 = PLANE('',#3663);
#3663 = AXIS2_PLACEMENT_3D('',#3664,#3665,#3666);
#3664 = CARTESIAN_POINT('',(-111.35,89.99,9.));
#3665 = DIRECTION('',(1.,0.,-0.));
#3666 = DIRECTION('',(0.,0.,1.));
#3667 = DEFINITIONAL_REPRESENTATION('',(#3668),#3671);
#3668 = B_SPLINE_CURVE_WITH_KNOTS('',1,(#3669,#3670),.UNSPECIFIED.,.F.,
  .F.,(2,2),(-21.,-7.),.PIECEWISE_BEZIER_KNOTS.);
#3669 = CARTESIAN_POINT('',(14.,-1.000000000001E-02));
#3670 = CARTESIAN_POINT('',(0.,-1.000000000001E-02));
#3671 = ( GEOMETRIC_REPRESENTATION_CONTEXT(2) 
PARAMETRIC_REPRESENTATION_CONTEXT() REPRESENTATION_CONTEXT('2D SPACE',''
  ) );
#3672 = ORIENTED_EDGE('',*,*,#3673,.T.);
#3673 = EDGE_CURVE('',#3648,#3674,#3676,.T.);
#3674 = VERTEX_POINT('',#3675);
#3675 = CARTESIAN_POINT('',(-108.35,90.,9.));
#3676 = SURFACE_CURVE('',#3677,(#3681,#3687),.PCURVE_S1.);
#3677 = LINE('',#3678,#3679);
#3678 = CARTESIAN_POINT('',(-175.35,90.,9.));
#3679 = VECTOR('',#3680,1.);
#3680 = DIRECTION('',(1.,0.,-0.));
#3681 = PCURVE('',#44,#3682);
#3682 = DEFINITIONAL_REPRESENTATION('',(#3683),#3686);
#3683 = B_SPLINE_CURVE_WITH_KNOTS('',1,(#3684,#3685),.UNSPECIFIED.,.F.,
  .F.,(2,2),(64.,67.),.PIECEWISE_BEZIER_KNOTS.);
#3684 = CARTESIAN_POINT('',(14.,128.));
#3685 = CARTESIAN_POINT('',(14.,131.));
#3686 = ( GEOMETRIC_REPRESENTATION_CONTEXT(2) 
PARAMETRIC_REPRESENTATION_CONTEXT() REPRESENTATION_CONTEXT('2D SPACE',''
  ) );
#3687 = PCURVE('',#3688,#3693);
#3688 = PLANE('',#3689);
#3689 = AXIS2_PLACEMENT_3D('',#3690,#3691,#3692);
#3690 = CARTESIAN_POINT('',(-111.35,89.99,9.));
#3691 = DIRECTION('',(0.,0.,1.));
#3692 = DIRECTION('',(1.,0.,-0.));
#3693 = DEFINITIONAL_REPRESENTATION('',(#3694),#3697);
#3694 = B_SPLINE_CURVE_WITH_KNOTS('',1,(#3695,#3696),.UNSPECIFIED.,.F.,
  .F.,(2,2),(64.,67.),.PIECEWISE_BEZIER_KNOTS.);
#3695 = CARTESIAN_POINT('',(0.,1.000000000001E-02));
#3696 = CARTESIAN_POINT('',(3.,1.000000000001E-02));
#3697 = ( GEOMETRIC_REPRESENTATION_CONTEXT(2) 
PARAMETRIC_REPRESENTATION_CONTEXT() REPRESENTATION_CONTEXT('2D SPACE',''
  ) );
#3698 = ORIENTED_EDGE('',*,*,#3699,.F.);
#3699 = EDGE_CURVE('',#3622,#3674,#3700,.T.);
#3700 = SURFACE_CURVE('',#3701,(#3705,#3711),.PCURVE_S1.);
#3701 = LINE('',#3702,#3703);
#3702 = CARTESIAN_POINT('',(-108.35,90.,2.));
#3703 = VECTOR('',#3704,1.);
#3704 = DIRECTION('',(-0.,0.,-1.));
#3705 = PCURVE('',#44,#3706);
#3706 = DEFINITIONAL_REPRESENTATION('',(#3707),#3710);
#3707 = B_SPLINE_CURVE_WITH_KNOTS('',1,(#3708,#3709),.UNSPECIFIED.,.F.,
  .F.,(2,2),(-21.,-7.),.PIECEWISE_BEZIER_KNOTS.);
#3708 = CARTESIAN_POINT('',(28.,131.));
#3709 = CARTESIAN_POINT('',(14.,131.));
#3710 = ( GEOMETRIC_REPRESENTATION_CONTEXT(2) 
PARAMETRIC_REPRESENTATION_CONTEXT() REPRESENTATION_CONTEXT('2D SPACE',''
  ) );
#3711 = PCURVE('',#3712,#3717);
#3712 = PLANE('',#3713);
#3713 = AXIS2_PLACEMENT_3D('',#3714,#3715,#3716);
#3714 = CARTESIAN_POINT('',(-108.35,89.99,9.));
#3715 = DIRECTION('',(1.,0.,-0.));
#3716 = DIRECTION('',(0.,0.,1.));
#3717 = DEFINITIONAL_REPRESENTATION('',(#3718),#3721);
#3718 = B_SPLINE_CURVE_WITH_KNOTS('',1,(#3719,#3720),.UNSPECIFIED.,.F.,
  .F.,(2,2),(-21.,-7.),.PIECEWISE_BEZIER_KNOTS.);
#3719 = CARTESIAN_POINT('',(14.,-1.000000000001E-02));
#3720 = CARTESIAN_POINT('',(0.,-1.000000000001E-02));
#3721 = ( GEOMETRIC_REPRESENTATION_CONTEXT(2) 
PARAMETRIC_REPRESENTATION_CONTEXT() REPRESENTATION_CONTEXT('2D SPACE',''
  ) );
#3722 = FACE_BOUND('',#3723,.F.);
#3723 = EDGE_LOOP('',(#3724));
#3724 = ORIENTED_EDGE('',*,*,#3725,.F.);
#3725 = EDGE_CURVE('',#3726,#3726,#3728,.T.);
#3726 = VERTEX_POINT('',#3727);
#3727 = CARTESIAN_POINT('',(-92.575,90.,30.45));
#3728 = SURFACE_CURVE('',#3729,(#3734,#3741),.PCURVE_S1.);
#3729 = CIRCLE('',#3730,1.775);
#3730 = AXIS2_PLACEMENT_3D('',#3731,#3732,#3733);
#3731 = CARTESIAN_POINT('',(-94.35,90.,30.45));
#3732 = DIRECTION('',(0.,1.,2.22044604925E-16));
#3733 = DIRECTION('',(1.,0.,-0.));
#3734 = PCURVE('',#44,#3735);
#3735 = DEFINITIONAL_REPRESENTATION('',(#3736),#3740);
#3736 = CIRCLE('',#3737,1.775);
#3737 = AXIS2_PLACEMENT_2D('',#3738,#3739);
#3738 = CARTESIAN_POINT('',(35.45,145.));
#3739 = DIRECTION('',(0.,1.));
#3740 = ( GEOMETRIC_REPRESENTATION_CONTEXT(2) 
PARAMETRIC_REPRESENTATION_CONTEXT() REPRESENTATION_CONTEXT('2D SPACE',''
  ) );
#3741 = PCURVE('',#3742,#3747);
#3742 = CYLINDRICAL_SURFACE('',#3743,1.775);
#3743 = AXIS2_PLACEMENT_3D('',#3744,#3745,#3746);
#3744 = CARTESIAN_POINT('',(-94.35,89.99,30.45));
#3745 = DIRECTION('',(0.,1.,2.22044604925E-16));
#3746 = DIRECTION('',(1.,0.,-0.));
#3747 = DEFINITIONAL_REPRESENTATION('',(#3748),#3752);
#3748 = LINE('',#3749,#3750);
#3749 = CARTESIAN_POINT('',(0.,1.000000000001E-02));
#3750 = VECTOR('',#3751,1.);
#3751 = DIRECTION('',(1.,0.));
#3752 = ( GEOMETRIC_REPRESENTATION_CONTEXT(2) 
PARAMETRIC_REPRESENTATION_CONTEXT() REPRESENTATION_CONTEXT('2D SPACE',''
  ) );
#3753 = FACE_BOUND('',#3754,.F.);
#3754 = EDGE_LOOP('',(#3755,#3783,#3809,#3835));
#3755 = ORIENTED_EDGE('',*,*,#3756,.F.);
#3756 = EDGE_CURVE('',#3757,#3759,#3761,.T.);
#3757 = VERTEX_POINT('',#3758);
#3758 = CARTESIAN_POINT('',(-165.35,90.,92.5));
#3759 = VERTEX_POINT('',#3760);
#3760 = CARTESIAN_POINT('',(-162.35,90.,92.5));
#3761 = SURFACE_CURVE('',#3762,(#3766,#3772),.PCURVE_S1.);
#3762 = LINE('',#3763,#3764);
#3763 = CARTESIAN_POINT('',(-202.35,90.,92.5));
#3764 = VECTOR('',#3765,1.);
#3765 = DIRECTION('',(1.,0.,-0.));
#3766 = PCURVE('',#44,#3767);
#3767 = DEFINITIONAL_REPRESENTATION('',(#3768),#3771);
#3768 = B_SPLINE_CURVE_WITH_KNOTS('',1,(#3769,#3770),.UNSPECIFIED.,.F.,
  .F.,(2,2),(37.,40.),.PIECEWISE_BEZIER_KNOTS.);
#3769 = CARTESIAN_POINT('',(97.5,74.));
#3770 = CARTESIAN_POINT('',(97.5,77.));
#3771 = ( GEOMETRIC_REPRESENTATION_CONTEXT(2) 
PARAMETRIC_REPRESENTATION_CONTEXT() REPRESENTATION_CONTEXT('2D SPACE',''
  ) );
#3772 = PCURVE('',#3773,#3778);
#3773 = PLANE('',#3774);
#3774 = AXIS2_PLACEMENT_3D('',#3775,#3776,#3777);
#3775 = CARTESIAN_POINT('',(-165.35,89.99,92.5));
#3776 = DIRECTION('',(0.,0.,1.));
#3777 = DIRECTION('',(1.,0.,-0.));
#3778 = DEFINITIONAL_REPRESENTATION('',(#3779),#3782);
#3779 = B_SPLINE_CURVE_WITH_KNOTS('',1,(#3780,#3781),.UNSPECIFIED.,.F.,
  .F.,(2,2),(37.,40.),.PIECEWISE_BEZIER_KNOTS.);
#3780 = CARTESIAN_POINT('',(0.,1.000000000001E-02));
#3781 = CARTESIAN_POINT('',(3.,1.000000000001E-02));
#3782 = ( GEOMETRIC_REPRESENTATION_CONTEXT(2) 
PARAMETRIC_REPRESENTATION_CONTEXT() REPRESENTATION_CONTEXT('2D SPACE',''
  ) );
#3783 = ORIENTED_EDGE('',*,*,#3784,.T.);
#3784 = EDGE_CURVE('',#3757,#3785,#3787,.T.);
#3785 = VERTEX_POINT('',#3786);
#3786 = CARTESIAN_POINT('',(-165.35,90.,78.5));
#3787 = SURFACE_CURVE('',#3788,(#3792,#3798),.PCURVE_S1.);
#3788 = LINE('',#3789,#3790);
#3789 = CARTESIAN_POINT('',(-165.35,90.,36.75));
#3790 = VECTOR('',#3791,1.);
#3791 = DIRECTION('',(-0.,0.,-1.));
#3792 = PCURVE('',#44,#3793);
#3793 = DEFINITIONAL_REPRESENTATION('',(#3794),#3797);
#3794 = B_SPLINE_CURVE_WITH_KNOTS('',1,(#3795,#3796),.UNSPECIFIED.,.F.,
  .F.,(2,2),(-55.75,-41.75),.PIECEWISE_BEZIER_KNOTS.);
#3795 = CARTESIAN_POINT('',(97.5,74.));
#3796 = CARTESIAN_POINT('',(83.5,74.));
#3797 = ( GEOMETRIC_REPRESENTATION_CONTEXT(2) 
PARAMETRIC_REPRESENTATION_CONTEXT() REPRESENTATION_CONTEXT('2D SPACE',''
  ) );
#3798 = PCURVE('',#3799,#3804);
#3799 = PLANE('',#3800);
#3800 = AXIS2_PLACEMENT_3D('',#3801,#3802,#3803);
#3801 = CARTESIAN_POINT('',(-165.35,89.99,78.5));
#3802 = DIRECTION('',(1.,0.,-0.));
#3803 = DIRECTION('',(0.,0.,1.));
#3804 = DEFINITIONAL_REPRESENTATION('',(#3805),#3808);
#3805 = B_SPLINE_CURVE_WITH_KNOTS('',1,(#3806,#3807),.UNSPECIFIED.,.F.,
  .F.,(2,2),(-55.75,-41.75),.PIECEWISE_BEZIER_KNOTS.);
#3806 = CARTESIAN_POINT('',(14.,-1.000000000001E-02));
#3807 = CARTESIAN_POINT('',(0.,-1.000000000001E-02));
#3808 = ( GEOMETRIC_REPRESENTATION_CONTEXT(2) 
PARAMETRIC_REPRESENTATION_CONTEXT() REPRESENTATION_CONTEXT('2D SPACE',''
  ) );
#3809 = ORIENTED_EDGE('',*,*,#3810,.T.);
#3810 = EDGE_CURVE('',#3785,#3811,#3813,.T.);
#3811 = VERTEX_POINT('',#3812);
#3812 = CARTESIAN_POINT('',(-162.35,90.,78.5));
#3813 = SURFACE_CURVE('',#3814,(#3818,#3824),.PCURVE_S1.);
#3814 = LINE('',#3815,#3816);
#3815 = CARTESIAN_POINT('',(-202.35,90.,78.5));
#3816 = VECTOR('',#3817,1.);
#3817 = DIRECTION('',(1.,0.,-0.));
#3818 = PCURVE('',#44,#3819);
#3819 = DEFINITIONAL_REPRESENTATION('',(#3820),#3823);
#3820 = B_SPLINE_CURVE_WITH_KNOTS('',1,(#3821,#3822),.UNSPECIFIED.,.F.,
  .F.,(2,2),(37.,40.),.PIECEWISE_BEZIER_KNOTS.);
#3821 = CARTESIAN_POINT('',(83.5,74.));
#3822 = CARTESIAN_POINT('',(83.5,77.));
#3823 = ( GEOMETRIC_REPRESENTATION_CONTEXT(2) 
PARAMETRIC_REPRESENTATION_CONTEXT() REPRESENTATION_CONTEXT('2D SPACE',''
  ) );
#3824 = PCURVE('',#3825,#3830);
#3825 = PLANE('',#3826);
#3826 = AXIS2_PLACEMENT_3D('',#3827,#3828,#3829);
#3827 = CARTESIAN_POINT('',(-165.35,89.99,78.5));
#3828 = DIRECTION('',(0.,0.,1.));
#3829 = DIRECTION('',(1.,0.,-0.));
#3830 = DEFINITIONAL_REPRESENTATION('',(#3831),#3834);
#3831 = B_SPLINE_CURVE_WITH_KNOTS('',1,(#3832,#3833),.UNSPECIFIED.,.F.,
  .F.,(2,2),(37.,40.),.PIECEWISE_BEZIER_KNOTS.);
#3832 = CARTESIAN_POINT('',(0.,1.000000000001E-02));
#3833 = CARTESIAN_POINT('',(3.,1.000000000001E-02));
#3834 = ( GEOMETRIC_REPRESENTATION_CONTEXT(2) 
PARAMETRIC_REPRESENTATION_CONTEXT() REPRESENTATION_CONTEXT('2D SPACE',''
  ) );
#3835 = ORIENTED_EDGE('',*,*,#3836,.F.);
#3836 = EDGE_CURVE('',#3759,#3811,#3837,.T.);
#3837 = SURFACE_CURVE('',#3838,(#3842,#3848),.PCURVE_S1.);
#3838 = LINE('',#3839,#3840);
#3839 = CARTESIAN_POINT('',(-162.35,90.,36.75));
#3840 = VECTOR('',#3841,1.);
#3841 = DIRECTION('',(-0.,0.,-1.));
#3842 = PCURVE('',#44,#3843);
#3843 = DEFINITIONAL_REPRESENTATION('',(#3844),#3847);
#3844 = B_SPLINE_CURVE_WITH_KNOTS('',1,(#3845,#3846),.UNSPECIFIED.,.F.,
  .F.,(2,2),(-55.75,-41.75),.PIECEWISE_BEZIER_KNOTS.);
#3845 = CARTESIAN_POINT('',(97.5,77.));
#3846 = CARTESIAN_POINT('',(83.5,77.));
#3847 = ( GEOMETRIC_REPRESENTATION_CONTEXT(2) 
PARAMETRIC_REPRESENTATION_CONTEXT() REPRESENTATION_CONTEXT('2D SPACE',''
  ) );
#3848 = PCURVE('',#3849,#3854);
#3849 = PLANE('',#3850);
#3850 = AXIS2_PLACEMENT_3D('',#3851,#3852,#3853);
#3851 = CARTESIAN_POINT('',(-162.35,89.99,78.5));
#3852 = DIRECTION('',(1.,0.,-0.));
#3853 = DIRECTION('',(0.,0.,1.));
#3854 = DEFINITIONAL_REPRESENTATION('',(#3855),#3858);
#3855 = B_SPLINE_CURVE_WITH_KNOTS('',1,(#3856,#3857),.UNSPECIFIED.,.F.,
  .F.,(2,2),(-55.75,-41.75),.PIECEWISE_BEZIER_KNOTS.);
#3856 = CARTESIAN_POINT('',(14.,-1.000000000001E-02));
#3857 = CARTESIAN_POINT('',(0.,-1.000000000001E-02));
#3858 = ( GEOMETRIC_REPRESENTATION_CONTEXT(2) 
PARAMETRIC_REPRESENTATION_CONTEXT() REPRESENTATION_CONTEXT('2D SPACE',''
  ) );
#3859 = FACE_BOUND('',#3860,.F.);
#3860 = EDGE_LOOP('',(#3861,#3889,#3915,#3941));
#3861 = ORIENTED_EDGE('',*,*,#3862,.F.);
#3862 = EDGE_CURVE('',#3863,#3865,#3867,.T.);
#3863 = VERTEX_POINT('',#3864);
#3864 = CARTESIAN_POINT('',(-159.35,90.,92.5));
#3865 = VERTEX_POINT('',#3866);
#3866 = CARTESIAN_POINT('',(-156.35,90.,92.5));
#3867 = SURFACE_CURVE('',#3868,(#3872,#3878),.PCURVE_S1.);
#3868 = LINE('',#3869,#3870);
#3869 = CARTESIAN_POINT('',(-199.35,90.,92.5));
#3870 = VECTOR('',#3871,1.);
#3871 = DIRECTION('',(1.,0.,-0.));
#3872 = PCURVE('',#44,#3873);
#3873 = DEFINITIONAL_REPRESENTATION('',(#3874),#3877);
#3874 = B_SPLINE_CURVE_WITH_KNOTS('',1,(#3875,#3876),.UNSPECIFIED.,.F.,
  .F.,(2,2),(40.,43.),.PIECEWISE_BEZIER_KNOTS.);
#3875 = CARTESIAN_POINT('',(97.5,80.));
#3876 = CARTESIAN_POINT('',(97.5,83.));
#3877 = ( GEOMETRIC_REPRESENTATION_CONTEXT(2) 
PARAMETRIC_REPRESENTATION_CONTEXT() REPRESENTATION_CONTEXT('2D SPACE',''
  ) );
#3878 = PCURVE('',#3879,#3884);
#3879 = PLANE('',#3880);
#3880 = AXIS2_PLACEMENT_3D('',#3881,#3882,#3883);
#3881 = CARTESIAN_POINT('',(-159.35,89.99,92.5));
#3882 = DIRECTION('',(0.,0.,1.));
#3883 = DIRECTION('',(1.,0.,-0.));
#3884 = DEFINITIONAL_REPRESENTATION('',(#3885),#3888);
#3885 = B_SPLINE_CURVE_WITH_KNOTS('',1,(#3886,#3887),.UNSPECIFIED.,.F.,
  .F.,(2,2),(40.,43.),.PIECEWISE_BEZIER_KNOTS.);
#3886 = CARTESIAN_POINT('',(0.,1.000000000001E-02));
#3887 = CARTESIAN_POINT('',(3.,1.000000000001E-02));
#3888 = ( GEOMETRIC_REPRESENTATION_CONTEXT(2) 
PARAMETRIC_REPRESENTATION_CONTEXT() REPRESENTATION_CONTEXT('2D SPACE',''
  ) );
#3889 = ORIENTED_EDGE('',*,*,#3890,.T.);
#3890 = EDGE_CURVE('',#3863,#3891,#3893,.T.);
#3891 = VERTEX_POINT('',#3892);
#3892 = CARTESIAN_POINT('',(-159.35,90.,78.5));
#3893 = SURFACE_CURVE('',#3894,(#3898,#3904),.PCURVE_S1.);
#3894 = LINE('',#3895,#3896);
#3895 = CARTESIAN_POINT('',(-159.35,90.,36.75));
#3896 = VECTOR('',#3897,1.);
#3897 = DIRECTION('',(-0.,0.,-1.));
#3898 = PCURVE('',#44,#3899);
#3899 = DEFINITIONAL_REPRESENTATION('',(#3900),#3903);
#3900 = B_SPLINE_CURVE_WITH_KNOTS('',1,(#3901,#3902),.UNSPECIFIED.,.F.,
  .F.,(2,2),(-55.75,-41.75),.PIECEWISE_BEZIER_KNOTS.);
#3901 = CARTESIAN_POINT('',(97.5,80.));
#3902 = CARTESIAN_POINT('',(83.5,80.));
#3903 = ( GEOMETRIC_REPRESENTATION_CONTEXT(2) 
PARAMETRIC_REPRESENTATION_CONTEXT() REPRESENTATION_CONTEXT('2D SPACE',''
  ) );
#3904 = PCURVE('',#3905,#3910);
#3905 = PLANE('',#3906);
#3906 = AXIS2_PLACEMENT_3D('',#3907,#3908,#3909);
#3907 = CARTESIAN_POINT('',(-159.35,89.99,78.5));
#3908 = DIRECTION('',(1.,0.,-0.));
#3909 = DIRECTION('',(0.,0.,1.));
#3910 = DEFINITIONAL_REPRESENTATION('',(#3911),#3914);
#3911 = B_SPLINE_CURVE_WITH_KNOTS('',1,(#3912,#3913),.UNSPECIFIED.,.F.,
  .F.,(2,2),(-55.75,-41.75),.PIECEWISE_BEZIER_KNOTS.);
#3912 = CARTESIAN_POINT('',(14.,-1.000000000001E-02));
#3913 = CARTESIAN_POINT('',(0.,-1.000000000001E-02));
#3914 = ( GEOMETRIC_REPRESENTATION_CONTEXT(2) 
PARAMETRIC_REPRESENTATION_CONTEXT() REPRESENTATION_CONTEXT('2D SPACE',''
  ) );
#3915 = ORIENTED_EDGE('',*,*,#3916,.T.);
#3916 = EDGE_CURVE('',#3891,#3917,#3919,.T.);
#3917 = VERTEX_POINT('',#3918);
#3918 = CARTESIAN_POINT('',(-156.35,90.,78.5));
#3919 = SURFACE_CURVE('',#3920,(#3924,#3930),.PCURVE_S1.);
#3920 = LINE('',#3921,#3922);
#3921 = CARTESIAN_POINT('',(-199.35,90.,78.5));
#3922 = VECTOR('',#3923,1.);
#3923 = DIRECTION('',(1.,0.,-0.));
#3924 = PCURVE('',#44,#3925);
#3925 = DEFINITIONAL_REPRESENTATION('',(#3926),#3929);
#3926 = B_SPLINE_CURVE_WITH_KNOTS('',1,(#3927,#3928),.UNSPECIFIED.,.F.,
  .F.,(2,2),(40.,43.),.PIECEWISE_BEZIER_KNOTS.);
#3927 = CARTESIAN_POINT('',(83.5,80.));
#3928 = CARTESIAN_POINT('',(83.5,83.));
#3929 = ( GEOMETRIC_REPRESENTATION_CONTEXT(2) 
PARAMETRIC_REPRESENTATION_CONTEXT() REPRESENTATION_CONTEXT('2D SPACE',''
  ) );
#3930 = PCURVE('',#3931,#3936);
#3931 = PLANE('',#3932);
#3932 = AXIS2_PLACEMENT_3D('',#3933,#3934,#3935);
#3933 = CARTESIAN_POINT('',(-159.35,89.99,78.5));
#3934 = DIRECTION('',(0.,0.,1.));
#3935 = DIRECTION('',(1.,0.,-0.));
#3936 = DEFINITIONAL_REPRESENTATION('',(#3937),#3940);
#3937 = B_SPLINE_CURVE_WITH_KNOTS('',1,(#3938,#3939),.UNSPECIFIED.,.F.,
  .F.,(2,2),(40.,43.),.PIECEWISE_BEZIER_KNOTS.);
#3938 = CARTESIAN_POINT('',(0.,1.000000000001E-02));
#3939 = CARTESIAN_POINT('',(3.,1.000000000001E-02));
#3940 = ( GEOMETRIC_REPRESENTATION_CONTEXT(2) 
PARAMETRIC_REPRESENTATION_CONTEXT() REPRESENTATION_CONTEXT('2D SPACE',''
  ) );
#3941 = ORIENTED_EDGE('',*,*,#3942,.F.);
#3942 = EDGE_CURVE('',#3865,#3917,#3943,.T.);
#3943 = SURFACE_CURVE('',#3944,(#3948,#3954),.PCURVE_S1.);
#3944 = LINE('',#3945,#3946);
#3945 = CARTESIAN_POINT('',(-156.35,90.,36.75));
#3946 = VECTOR('',#3947,1.);
#3947 = DIRECTION('',(-0.,0.,-1.));
#3948 = PCURVE('',#44,#3949);
#3949 = DEFINITIONAL_REPRESENTATION('',(#3950),#3953);
#3950 = B_SPLINE_CURVE_WITH_KNOTS('',1,(#3951,#3952),.UNSPECIFIED.,.F.,
  .F.,(2,2),(-55.75,-41.75),.PIECEWISE_BEZIER_KNOTS.);
#3951 = CARTESIAN_POINT('',(97.5,83.));
#3952 = CARTESIAN_POINT('',(83.5,83.));
#3953 = ( GEOMETRIC_REPRESENTATION_CONTEXT(2) 
PARAMETRIC_REPRESENTATION_CONTEXT() REPRESENTATION_CONTEXT('2D SPACE',''
  ) );
#3954 = PCURVE('',#3955,#3960);
#3955 = PLANE('',#3956);
#3956 = AXIS2_PLACEMENT_3D('',#3957,#3958,#3959);
#3957 = CARTESIAN_POINT('',(-156.35,89.99,78.5));
#3958 = DIRECTION('',(1.,0.,-0.));
#3959 = DIRECTION('',(0.,0.,1.));
#3960 = DEFINITIONAL_REPRESENTATION('',(#3961),#3964);
#3961 = B_SPLINE_CURVE_WITH_KNOTS('',1,(#3962,#3963),.UNSPECIFIED.,.F.,
  .F.,(2,2),(-55.75,-41.75),.PIECEWISE_BEZIER_KNOTS.);
#3962 = CARTESIAN_POINT('',(14.,-1.000000000001E-02));
#3963 = CARTESIAN_POINT('',(0.,-1.000000000001E-02));
#3964 = ( GEOMETRIC_REPRESENTATION_CONTEXT(2) 
PARAMETRIC_REPRESENTATION_CONTEXT() REPRESENTATION_CONTEXT('2D SPACE',''
  ) );
#3965 = FACE_BOUND('',#3966,.F.);
#3966 = EDGE_LOOP('',(#3967,#3995,#4021,#4047));
#3967 = ORIENTED_EDGE('',*,*,#3968,.F.);
#3968 = EDGE_CURVE('',#3969,#3971,#3973,.T.);
#3969 = VERTEX_POINT('',#3970);
#3970 = CARTESIAN_POINT('',(-153.35,90.,92.5));
#3971 = VERTEX_POINT('',#3972);
#3972 = CARTESIAN_POINT('',(-150.35,90.,92.5));
#3973 = SURFACE_CURVE('',#3974,(#3978,#3984),.PCURVE_S1.);
#3974 = LINE('',#3975,#3976);
#3975 = CARTESIAN_POINT('',(-196.35,90.,92.5));
#3976 = VECTOR('',#3977,1.);
#3977 = DIRECTION('',(1.,0.,-0.));
#3978 = PCURVE('',#44,#3979);
#3979 = DEFINITIONAL_REPRESENTATION('',(#3980),#3983);
#3980 = B_SPLINE_CURVE_WITH_KNOTS('',1,(#3981,#3982),.UNSPECIFIED.,.F.,
  .F.,(2,2),(43.,46.),.PIECEWISE_BEZIER_KNOTS.);
#3981 = CARTESIAN_POINT('',(97.5,86.));
#3982 = CARTESIAN_POINT('',(97.5,89.));
#3983 = ( GEOMETRIC_REPRESENTATION_CONTEXT(2) 
PARAMETRIC_REPRESENTATION_CONTEXT() REPRESENTATION_CONTEXT('2D SPACE',''
  ) );
#3984 = PCURVE('',#3985,#3990);
#3985 = PLANE('',#3986);
#3986 = AXIS2_PLACEMENT_3D('',#3987,#3988,#3989);
#3987 = CARTESIAN_POINT('',(-153.35,89.99,92.5));
#3988 = DIRECTION('',(0.,0.,1.));
#3989 = DIRECTION('',(1.,0.,-0.));
#3990 = DEFINITIONAL_REPRESENTATION('',(#3991),#3994);
#3991 = B_SPLINE_CURVE_WITH_KNOTS('',1,(#3992,#3993),.UNSPECIFIED.,.F.,
  .F.,(2,2),(43.,46.),.PIECEWISE_BEZIER_KNOTS.);
#3992 = CARTESIAN_POINT('',(0.,1.000000000001E-02));
#3993 = CARTESIAN_POINT('',(3.,1.000000000001E-02));
#3994 = ( GEOMETRIC_REPRESENTATION_CONTEXT(2) 
PARAMETRIC_REPRESENTATION_CONTEXT() REPRESENTATION_CONTEXT('2D SPACE',''
  ) );
#3995 = ORIENTED_EDGE('',*,*,#3996,.T.);
#3996 = EDGE_CURVE('',#3969,#3997,#3999,.T.);
#3997 = VERTEX_POINT('',#3998);
#3998 = CARTESIAN_POINT('',(-153.35,90.,78.5));
#3999 = SURFACE_CURVE('',#4000,(#4004,#4010),.PCURVE_S1.);
#4000 = LINE('',#4001,#4002);
#4001 = CARTESIAN_POINT('',(-153.35,90.,36.75));
#4002 = VECTOR('',#4003,1.);
#4003 = DIRECTION('',(-0.,0.,-1.));
#4004 = PCURVE('',#44,#4005);
#4005 = DEFINITIONAL_REPRESENTATION('',(#4006),#4009);
#4006 = B_SPLINE_CURVE_WITH_KNOTS('',1,(#4007,#4008),.UNSPECIFIED.,.F.,
  .F.,(2,2),(-55.75,-41.75),.PIECEWISE_BEZIER_KNOTS.);
#4007 = CARTESIAN_POINT('',(97.5,86.));
#4008 = CARTESIAN_POINT('',(83.5,86.));
#4009 = ( GEOMETRIC_REPRESENTATION_CONTEXT(2) 
PARAMETRIC_REPRESENTATION_CONTEXT() REPRESENTATION_CONTEXT('2D SPACE',''
  ) );
#4010 = PCURVE('',#4011,#4016);
#4011 = PLANE('',#4012);
#4012 = AXIS2_PLACEMENT_3D('',#4013,#4014,#4015);
#4013 = CARTESIAN_POINT('',(-153.35,89.99,78.5));
#4014 = DIRECTION('',(1.,0.,-0.));
#4015 = DIRECTION('',(0.,0.,1.));
#4016 = DEFINITIONAL_REPRESENTATION('',(#4017),#4020);
#4017 = B_SPLINE_CURVE_WITH_KNOTS('',1,(#4018,#4019),.UNSPECIFIED.,.F.,
  .F.,(2,2),(-55.75,-41.75),.PIECEWISE_BEZIER_KNOTS.);
#4018 = CARTESIAN_POINT('',(14.,-1.000000000001E-02));
#4019 = CARTESIAN_POINT('',(0.,-1.000000000001E-02));
#4020 = ( GEOMETRIC_REPRESENTATION_CONTEXT(2) 
PARAMETRIC_REPRESENTATION_CONTEXT() REPRESENTATION_CONTEXT('2D SPACE',''
  ) );
#4021 = ORIENTED_EDGE('',*,*,#4022,.T.);
#4022 = EDGE_CURVE('',#3997,#4023,#4025,.T.);
#4023 = VERTEX_POINT('',#4024);
#4024 = CARTESIAN_POINT('',(-150.35,90.,78.5));
#4025 = SURFACE_CURVE('',#4026,(#4030,#4036),.PCURVE_S1.);
#4026 = LINE('',#4027,#4028);
#4027 = CARTESIAN_POINT('',(-196.35,90.,78.5));
#4028 = VECTOR('',#4029,1.);
#4029 = DIRECTION('',(1.,0.,-0.));
#4030 = PCURVE('',#44,#4031);
#4031 = DEFINITIONAL_REPRESENTATION('',(#4032),#4035);
#4032 = B_SPLINE_CURVE_WITH_KNOTS('',1,(#4033,#4034),.UNSPECIFIED.,.F.,
  .F.,(2,2),(43.,46.),.PIECEWISE_BEZIER_KNOTS.);
#4033 = CARTESIAN_POINT('',(83.5,86.));
#4034 = CARTESIAN_POINT('',(83.5,89.));
#4035 = ( GEOMETRIC_REPRESENTATION_CONTEXT(2) 
PARAMETRIC_REPRESENTATION_CONTEXT() REPRESENTATION_CONTEXT('2D SPACE',''
  ) );
#4036 = PCURVE('',#4037,#4042);
#4037 = PLANE('',#4038);
#4038 = AXIS2_PLACEMENT_3D('',#4039,#4040,#4041);
#4039 = CARTESIAN_POINT('',(-153.35,89.99,78.5));
#4040 = DIRECTION('',(0.,0.,1.));
#4041 = DIRECTION('',(1.,0.,-0.));
#4042 = DEFINITIONAL_REPRESENTATION('',(#4043),#4046);
#4043 = B_SPLINE_CURVE_WITH_KNOTS('',1,(#4044,#4045),.UNSPECIFIED.,.F.,
  .F.,(2,2),(43.,46.),.PIECEWISE_BEZIER_KNOTS.);
#4044 = CARTESIAN_POINT('',(0.,1.000000000001E-02));
#4045 = CARTESIAN_POINT('',(3.,1.000000000001E-02));
#4046 = ( GEOMETRIC_REPRESENTATION_CONTEXT(2) 
PARAMETRIC_REPRESENTATION_CONTEXT() REPRESENTATION_CONTEXT('2D SPACE',''
  ) );
#4047 = ORIENTED_EDGE('',*,*,#4048,.F.);
#4048 = EDGE_CURVE('',#3971,#4023,#4049,.T.);
#4049 = SURFACE_CURVE('',#4050,(#4054,#4060),.PCURVE_S1.);
#4050 = LINE('',#4051,#4052);
#4051 = CARTESIAN_POINT('',(-150.35,90.,36.75));
#4052 = VECTOR('',#4053,1.);
#4053 = DIRECTION('',(-0.,0.,-1.));
#4054 = PCURVE('',#44,#4055);
#4055 = DEFINITIONAL_REPRESENTATION('',(#4056),#4059);
#4056 = B_SPLINE_CURVE_WITH_KNOTS('',1,(#4057,#4058),.UNSPECIFIED.,.F.,
  .F.,(2,2),(-55.75,-41.75),.PIECEWISE_BEZIER_KNOTS.);
#4057 = CARTESIAN_POINT('',(97.5,89.));
#4058 = CARTESIAN_POINT('',(83.5,89.));
#4059 = ( GEOMETRIC_REPRESENTATION_CONTEXT(2) 
PARAMETRIC_REPRESENTATION_CONTEXT() REPRESENTATION_CONTEXT('2D SPACE',''
  ) );
#4060 = PCURVE('',#4061,#4066);
#4061 = PLANE('',#4062);
#4062 = AXIS2_PLACEMENT_3D('',#4063,#4064,#4065);
#4063 = CARTESIAN_POINT('',(-150.35,89.99,78.5));
#4064 = DIRECTION('',(1.,0.,-0.));
#4065 = DIRECTION('',(0.,0.,1.));
#4066 = DEFINITIONAL_REPRESENTATION('',(#4067),#4070);
#4067 = B_SPLINE_CURVE_WITH_KNOTS('',1,(#4068,#4069),.UNSPECIFIED.,.F.,
  .F.,(2,2),(-55.75,-41.75),.PIECEWISE_BEZIER_KNOTS.);
#4068 = CARTESIAN_POINT('',(14.,-1.000000000001E-02));
#4069 = CARTESIAN_POINT('',(0.,-1.000000000001E-02));
#4070 = ( GEOMETRIC_REPRESENTATION_CONTEXT(2) 
PARAMETRIC_REPRESENTATION_CONTEXT() REPRESENTATION_CONTEXT('2D SPACE',''
  ) );
#4071 = FACE_BOUND('',#4072,.F.);
#4072 = EDGE_LOOP('',(#4073,#4101,#4127,#4153));
#4073 = ORIENTED_EDGE('',*,*,#4074,.F.);
#4074 = EDGE_CURVE('',#4075,#4077,#4079,.T.);
#4075 = VERTEX_POINT('',#4076);
#4076 = CARTESIAN_POINT('',(-147.35,90.,92.5));
#4077 = VERTEX_POINT('',#4078);
#4078 = CARTESIAN_POINT('',(-144.35,90.,92.5));
#4079 = SURFACE_CURVE('',#4080,(#4084,#4090),.PCURVE_S1.);
#4080 = LINE('',#4081,#4082);
#4081 = CARTESIAN_POINT('',(-193.35,90.,92.5));
#4082 = VECTOR('',#4083,1.);
#4083 = DIRECTION('',(1.,0.,-0.));
#4084 = PCURVE('',#44,#4085);
#4085 = DEFINITIONAL_REPRESENTATION('',(#4086),#4089);
#4086 = B_SPLINE_CURVE_WITH_KNOTS('',1,(#4087,#4088),.UNSPECIFIED.,.F.,
  .F.,(2,2),(46.,49.),.PIECEWISE_BEZIER_KNOTS.);
#4087 = CARTESIAN_POINT('',(97.5,92.));
#4088 = CARTESIAN_POINT('',(97.5,95.));
#4089 = ( GEOMETRIC_REPRESENTATION_CONTEXT(2) 
PARAMETRIC_REPRESENTATION_CONTEXT() REPRESENTATION_CONTEXT('2D SPACE',''
  ) );
#4090 = PCURVE('',#4091,#4096);
#4091 = PLANE('',#4092);
#4092 = AXIS2_PLACEMENT_3D('',#4093,#4094,#4095);
#4093 = CARTESIAN_POINT('',(-147.35,89.99,92.5));
#4094 = DIRECTION('',(0.,0.,1.));
#4095 = DIRECTION('',(1.,0.,-0.));
#4096 = DEFINITIONAL_REPRESENTATION('',(#4097),#4100);
#4097 = B_SPLINE_CURVE_WITH_KNOTS('',1,(#4098,#4099),.UNSPECIFIED.,.F.,
  .F.,(2,2),(46.,49.),.PIECEWISE_BEZIER_KNOTS.);
#4098 = CARTESIAN_POINT('',(0.,1.000000000001E-02));
#4099 = CARTESIAN_POINT('',(3.,1.000000000001E-02));
#4100 = ( GEOMETRIC_REPRESENTATION_CONTEXT(2) 
PARAMETRIC_REPRESENTATION_CONTEXT() REPRESENTATION_CONTEXT('2D SPACE',''
  ) );
#4101 = ORIENTED_EDGE('',*,*,#4102,.T.);
#4102 = EDGE_CURVE('',#4075,#4103,#4105,.T.);
#4103 = VERTEX_POINT('',#4104);
#4104 = CARTESIAN_POINT('',(-147.35,90.,78.5));
#4105 = SURFACE_CURVE('',#4106,(#4110,#4116),.PCURVE_S1.);
#4106 = LINE('',#4107,#4108);
#4107 = CARTESIAN_POINT('',(-147.35,90.,36.75));
#4108 = VECTOR('',#4109,1.);
#4109 = DIRECTION('',(-0.,0.,-1.));
#4110 = PCURVE('',#44,#4111);
#4111 = DEFINITIONAL_REPRESENTATION('',(#4112),#4115);
#4112 = B_SPLINE_CURVE_WITH_KNOTS('',1,(#4113,#4114),.UNSPECIFIED.,.F.,
  .F.,(2,2),(-55.75,-41.75),.PIECEWISE_BEZIER_KNOTS.);
#4113 = CARTESIAN_POINT('',(97.5,92.));
#4114 = CARTESIAN_POINT('',(83.5,92.));
#4115 = ( GEOMETRIC_REPRESENTATION_CONTEXT(2) 
PARAMETRIC_REPRESENTATION_CONTEXT() REPRESENTATION_CONTEXT('2D SPACE',''
  ) );
#4116 = PCURVE('',#4117,#4122);
#4117 = PLANE('',#4118);
#4118 = AXIS2_PLACEMENT_3D('',#4119,#4120,#4121);
#4119 = CARTESIAN_POINT('',(-147.35,89.99,78.5));
#4120 = DIRECTION('',(1.,0.,-0.));
#4121 = DIRECTION('',(0.,0.,1.));
#4122 = DEFINITIONAL_REPRESENTATION('',(#4123),#4126);
#4123 = B_SPLINE_CURVE_WITH_KNOTS('',1,(#4124,#4125),.UNSPECIFIED.,.F.,
  .F.,(2,2),(-55.75,-41.75),.PIECEWISE_BEZIER_KNOTS.);
#4124 = CARTESIAN_POINT('',(14.,-1.000000000001E-02));
#4125 = CARTESIAN_POINT('',(0.,-1.000000000001E-02));
#4126 = ( GEOMETRIC_REPRESENTATION_CONTEXT(2) 
PARAMETRIC_REPRESENTATION_CONTEXT() REPRESENTATION_CONTEXT('2D SPACE',''
  ) );
#4127 = ORIENTED_EDGE('',*,*,#4128,.T.);
#4128 = EDGE_CURVE('',#4103,#4129,#4131,.T.);
#4129 = VERTEX_POINT('',#4130);
#4130 = CARTESIAN_POINT('',(-144.35,90.,78.5));
#4131 = SURFACE_CURVE('',#4132,(#4136,#4142),.PCURVE_S1.);
#4132 = LINE('',#4133,#4134);
#4133 = CARTESIAN_POINT('',(-193.35,90.,78.5));
#4134 = VECTOR('',#4135,1.);
#4135 = DIRECTION('',(1.,0.,-0.));
#4136 = PCURVE('',#44,#4137);
#4137 = DEFINITIONAL_REPRESENTATION('',(#4138),#4141);
#4138 = B_SPLINE_CURVE_WITH_KNOTS('',1,(#4139,#4140),.UNSPECIFIED.,.F.,
  .F.,(2,2),(46.,49.),.PIECEWISE_BEZIER_KNOTS.);
#4139 = CARTESIAN_POINT('',(83.5,92.));
#4140 = CARTESIAN_POINT('',(83.5,95.));
#4141 = ( GEOMETRIC_REPRESENTATION_CONTEXT(2) 
PARAMETRIC_REPRESENTATION_CONTEXT() REPRESENTATION_CONTEXT('2D SPACE',''
  ) );
#4142 = PCURVE('',#4143,#4148);
#4143 = PLANE('',#4144);
#4144 = AXIS2_PLACEMENT_3D('',#4145,#4146,#4147);
#4145 = CARTESIAN_POINT('',(-147.35,89.99,78.5));
#4146 = DIRECTION('',(0.,0.,1.));
#4147 = DIRECTION('',(1.,0.,-0.));
#4148 = DEFINITIONAL_REPRESENTATION('',(#4149),#4152);
#4149 = B_SPLINE_CURVE_WITH_KNOTS('',1,(#4150,#4151),.UNSPECIFIED.,.F.,
  .F.,(2,2),(46.,49.),.PIECEWISE_BEZIER_KNOTS.);
#4150 = CARTESIAN_POINT('',(0.,1.000000000001E-02));
#4151 = CARTESIAN_POINT('',(3.,1.000000000001E-02));
#4152 = ( GEOMETRIC_REPRESENTATION_CONTEXT(2) 
PARAMETRIC_REPRESENTATION_CONTEXT() REPRESENTATION_CONTEXT('2D SPACE',''
  ) );
#4153 = ORIENTED_EDGE('',*,*,#4154,.F.);
#4154 = EDGE_CURVE('',#4077,#4129,#4155,.T.);
#4155 = SURFACE_CURVE('',#4156,(#4160,#4166),.PCURVE_S1.);
#4156 = LINE('',#4157,#4158);
#4157 = CARTESIAN_POINT('',(-144.35,90.,36.75));
#4158 = VECTOR('',#4159,1.);
#4159 = DIRECTION('',(-0.,0.,-1.));
#4160 = PCURVE('',#44,#4161);
#4161 = DEFINITIONAL_REPRESENTATION('',(#4162),#4165);
#4162 = B_SPLINE_CURVE_WITH_KNOTS('',1,(#4163,#4164),.UNSPECIFIED.,.F.,
  .F.,(2,2),(-55.75,-41.75),.PIECEWISE_BEZIER_KNOTS.);
#4163 = CARTESIAN_POINT('',(97.5,95.));
#4164 = CARTESIAN_POINT('',(83.5,95.));
#4165 = ( GEOMETRIC_REPRESENTATION_CONTEXT(2) 
PARAMETRIC_REPRESENTATION_CONTEXT() REPRESENTATION_CONTEXT('2D SPACE',''
  ) );
#4166 = PCURVE('',#4167,#4172);
#4167 = PLANE('',#4168);
#4168 = AXIS2_PLACEMENT_3D('',#4169,#4170,#4171);
#4169 = CARTESIAN_POINT('',(-144.35,89.99,78.5));
#4170 = DIRECTION('',(1.,0.,-0.));
#4171 = DIRECTION('',(0.,0.,1.));
#4172 = DEFINITIONAL_REPRESENTATION('',(#4173),#4176);
#4173 = B_SPLINE_CURVE_WITH_KNOTS('',1,(#4174,#4175),.UNSPECIFIED.,.F.,
  .F.,(2,2),(-55.75,-41.75),.PIECEWISE_BEZIER_KNOTS.);
#4174 = CARTESIAN_POINT('',(14.,-1.000000000001E-02));
#4175 = CARTESIAN_POINT('',(0.,-1.000000000001E-02));
#4176 = ( GEOMETRIC_REPRESENTATION_CONTEXT(2) 
PARAMETRIC_REPRESENTATION_CONTEXT() REPRESENTATION_CONTEXT('2D SPACE',''
  ) );
#4177 = FACE_BOUND('',#4178,.F.);
#4178 = EDGE_LOOP('',(#4179,#4207,#4233,#4259));
#4179 = ORIENTED_EDGE('',*,*,#4180,.F.);
#4180 = EDGE_CURVE('',#4181,#4183,#4185,.T.);
#4181 = VERTEX_POINT('',#4182);
#4182 = CARTESIAN_POINT('',(-141.35,90.,92.5));
#4183 = VERTEX_POINT('',#4184);
#4184 = CARTESIAN_POINT('',(-138.35,90.,92.5));
#4185 = SURFACE_CURVE('',#4186,(#4190,#4196),.PCURVE_S1.);
#4186 = LINE('',#4187,#4188);
#4187 = CARTESIAN_POINT('',(-190.35,90.,92.5));
#4188 = VECTOR('',#4189,1.);
#4189 = DIRECTION('',(1.,0.,-0.));
#4190 = PCURVE('',#44,#4191);
#4191 = DEFINITIONAL_REPRESENTATION('',(#4192),#4195);
#4192 = B_SPLINE_CURVE_WITH_KNOTS('',1,(#4193,#4194),.UNSPECIFIED.,.F.,
  .F.,(2,2),(49.,52.),.PIECEWISE_BEZIER_KNOTS.);
#4193 = CARTESIAN_POINT('',(97.5,98.));
#4194 = CARTESIAN_POINT('',(97.5,101.));
#4195 = ( GEOMETRIC_REPRESENTATION_CONTEXT(2) 
PARAMETRIC_REPRESENTATION_CONTEXT() REPRESENTATION_CONTEXT('2D SPACE',''
  ) );
#4196 = PCURVE('',#4197,#4202);
#4197 = PLANE('',#4198);
#4198 = AXIS2_PLACEMENT_3D('',#4199,#4200,#4201);
#4199 = CARTESIAN_POINT('',(-141.35,89.99,92.5));
#4200 = DIRECTION('',(0.,0.,1.));
#4201 = DIRECTION('',(1.,0.,-0.));
#4202 = DEFINITIONAL_REPRESENTATION('',(#4203),#4206);
#4203 = B_SPLINE_CURVE_WITH_KNOTS('',1,(#4204,#4205),.UNSPECIFIED.,.F.,
  .F.,(2,2),(49.,52.),.PIECEWISE_BEZIER_KNOTS.);
#4204 = CARTESIAN_POINT('',(0.,1.000000000001E-02));
#4205 = CARTESIAN_POINT('',(3.,1.000000000001E-02));
#4206 = ( GEOMETRIC_REPRESENTATION_CONTEXT(2) 
PARAMETRIC_REPRESENTATION_CONTEXT() REPRESENTATION_CONTEXT('2D SPACE',''
  ) );
#4207 = ORIENTED_EDGE('',*,*,#4208,.T.);
#4208 = EDGE_CURVE('',#4181,#4209,#4211,.T.);
#4209 = VERTEX_POINT('',#4210);
#4210 = CARTESIAN_POINT('',(-141.35,90.,78.5));
#4211 = SURFACE_CURVE('',#4212,(#4216,#4222),.PCURVE_S1.);
#4212 = LINE('',#4213,#4214);
#4213 = CARTESIAN_POINT('',(-141.35,90.,36.75));
#4214 = VECTOR('',#4215,1.);
#4215 = DIRECTION('',(-0.,0.,-1.));
#4216 = PCURVE('',#44,#4217);
#4217 = DEFINITIONAL_REPRESENTATION('',(#4218),#4221);
#4218 = B_SPLINE_CURVE_WITH_KNOTS('',1,(#4219,#4220),.UNSPECIFIED.,.F.,
  .F.,(2,2),(-55.75,-41.75),.PIECEWISE_BEZIER_KNOTS.);
#4219 = CARTESIAN_POINT('',(97.5,98.));
#4220 = CARTESIAN_POINT('',(83.5,98.));
#4221 = ( GEOMETRIC_REPRESENTATION_CONTEXT(2) 
PARAMETRIC_REPRESENTATION_CONTEXT() REPRESENTATION_CONTEXT('2D SPACE',''
  ) );
#4222 = PCURVE('',#4223,#4228);
#4223 = PLANE('',#4224);
#4224 = AXIS2_PLACEMENT_3D('',#4225,#4226,#4227);
#4225 = CARTESIAN_POINT('',(-141.35,89.99,78.5));
#4226 = DIRECTION('',(1.,0.,-0.));
#4227 = DIRECTION('',(0.,0.,1.));
#4228 = DEFINITIONAL_REPRESENTATION('',(#4229),#4232);
#4229 = B_SPLINE_CURVE_WITH_KNOTS('',1,(#4230,#4231),.UNSPECIFIED.,.F.,
  .F.,(2,2),(-55.75,-41.75),.PIECEWISE_BEZIER_KNOTS.);
#4230 = CARTESIAN_POINT('',(14.,-1.000000000001E-02));
#4231 = CARTESIAN_POINT('',(0.,-1.000000000001E-02));
#4232 = ( GEOMETRIC_REPRESENTATION_CONTEXT(2) 
PARAMETRIC_REPRESENTATION_CONTEXT() REPRESENTATION_CONTEXT('2D SPACE',''
  ) );
#4233 = ORIENTED_EDGE('',*,*,#4234,.T.);
#4234 = EDGE_CURVE('',#4209,#4235,#4237,.T.);
#4235 = VERTEX_POINT('',#4236);
#4236 = CARTESIAN_POINT('',(-138.35,90.,78.5));
#4237 = SURFACE_CURVE('',#4238,(#4242,#4248),.PCURVE_S1.);
#4238 = LINE('',#4239,#4240);
#4239 = CARTESIAN_POINT('',(-190.35,90.,78.5));
#4240 = VECTOR('',#4241,1.);
#4241 = DIRECTION('',(1.,0.,-0.));
#4242 = PCURVE('',#44,#4243);
#4243 = DEFINITIONAL_REPRESENTATION('',(#4244),#4247);
#4244 = B_SPLINE_CURVE_WITH_KNOTS('',1,(#4245,#4246),.UNSPECIFIED.,.F.,
  .F.,(2,2),(49.,52.),.PIECEWISE_BEZIER_KNOTS.);
#4245 = CARTESIAN_POINT('',(83.5,98.));
#4246 = CARTESIAN_POINT('',(83.5,101.));
#4247 = ( GEOMETRIC_REPRESENTATION_CONTEXT(2) 
PARAMETRIC_REPRESENTATION_CONTEXT() REPRESENTATION_CONTEXT('2D SPACE',''
  ) );
#4248 = PCURVE('',#4249,#4254);
#4249 = PLANE('',#4250);
#4250 = AXIS2_PLACEMENT_3D('',#4251,#4252,#4253);
#4251 = CARTESIAN_POINT('',(-141.35,89.99,78.5));
#4252 = DIRECTION('',(0.,0.,1.));
#4253 = DIRECTION('',(1.,0.,-0.));
#4254 = DEFINITIONAL_REPRESENTATION('',(#4255),#4258);
#4255 = B_SPLINE_CURVE_WITH_KNOTS('',1,(#4256,#4257),.UNSPECIFIED.,.F.,
  .F.,(2,2),(49.,52.),.PIECEWISE_BEZIER_KNOTS.);
#4256 = CARTESIAN_POINT('',(0.,1.000000000001E-02));
#4257 = CARTESIAN_POINT('',(3.,1.000000000001E-02));
#4258 = ( GEOMETRIC_REPRESENTATION_CONTEXT(2) 
PARAMETRIC_REPRESENTATION_CONTEXT() REPRESENTATION_CONTEXT('2D SPACE',''
  ) );
#4259 = ORIENTED_EDGE('',*,*,#4260,.F.);
#4260 = EDGE_CURVE('',#4183,#4235,#4261,.T.);
#4261 = SURFACE_CURVE('',#4262,(#4266,#4272),.PCURVE_S1.);
#4262 = LINE('',#4263,#4264);
#4263 = CARTESIAN_POINT('',(-138.35,90.,36.75));
#4264 = VECTOR('',#4265,1.);
#4265 = DIRECTION('',(-0.,0.,-1.));
#4266 = PCURVE('',#44,#4267);
#4267 = DEFINITIONAL_REPRESENTATION('',(#4268),#4271);
#4268 = B_SPLINE_CURVE_WITH_KNOTS('',1,(#4269,#4270),.UNSPECIFIED.,.F.,
  .F.,(2,2),(-55.75,-41.75),.PIECEWISE_BEZIER_KNOTS.);
#4269 = CARTESIAN_POINT('',(97.5,101.));
#4270 = CARTESIAN_POINT('',(83.5,101.));
#4271 = ( GEOMETRIC_REPRESENTATION_CONTEXT(2) 
PARAMETRIC_REPRESENTATION_CONTEXT() REPRESENTATION_CONTEXT('2D SPACE',''
  ) );
#4272 = PCURVE('',#4273,#4278);
#4273 = PLANE('',#4274);
#4274 = AXIS2_PLACEMENT_3D('',#4275,#4276,#4277);
#4275 = CARTESIAN_POINT('',(-138.35,89.99,78.5));
#4276 = DIRECTION('',(1.,0.,-0.));
#4277 = DIRECTION('',(0.,0.,1.));
#4278 = DEFINITIONAL_REPRESENTATION('',(#4279),#4282);
#4279 = B_SPLINE_CURVE_WITH_KNOTS('',1,(#4280,#4281),.UNSPECIFIED.,.F.,
  .F.,(2,2),(-55.75,-41.75),.PIECEWISE_BEZIER_KNOTS.);
#4280 = CARTESIAN_POINT('',(14.,-1.000000000001E-02));
#4281 = CARTESIAN_POINT('',(0.,-1.000000000001E-02));
#4282 = ( GEOMETRIC_REPRESENTATION_CONTEXT(2) 
PARAMETRIC_REPRESENTATION_CONTEXT() REPRESENTATION_CONTEXT('2D SPACE',''
  ) );
#4283 = FACE_BOUND('',#4284,.F.);
#4284 = EDGE_LOOP('',(#4285,#4313,#4339,#4365));
#4285 = ORIENTED_EDGE('',*,*,#4286,.F.);
#4286 = EDGE_CURVE('',#4287,#4289,#4291,.T.);
#4287 = VERTEX_POINT('',#4288);
#4288 = CARTESIAN_POINT('',(-135.35,90.,92.5));
#4289 = VERTEX_POINT('',#4290);
#4290 = CARTESIAN_POINT('',(-132.35,90.,92.5));
#4291 = SURFACE_CURVE('',#4292,(#4296,#4302),.PCURVE_S1.);
#4292 = LINE('',#4293,#4294);
#4293 = CARTESIAN_POINT('',(-187.35,90.,92.5));
#4294 = VECTOR('',#4295,1.);
#4295 = DIRECTION('',(1.,0.,-0.));
#4296 = PCURVE('',#44,#4297);
#4297 = DEFINITIONAL_REPRESENTATION('',(#4298),#4301);
#4298 = B_SPLINE_CURVE_WITH_KNOTS('',1,(#4299,#4300),.UNSPECIFIED.,.F.,
  .F.,(2,2),(52.,55.),.PIECEWISE_BEZIER_KNOTS.);
#4299 = CARTESIAN_POINT('',(97.5,104.));
#4300 = CARTESIAN_POINT('',(97.5,107.));
#4301 = ( GEOMETRIC_REPRESENTATION_CONTEXT(2) 
PARAMETRIC_REPRESENTATION_CONTEXT() REPRESENTATION_CONTEXT('2D SPACE',''
  ) );
#4302 = PCURVE('',#4303,#4308);
#4303 = PLANE('',#4304);
#4304 = AXIS2_PLACEMENT_3D('',#4305,#4306,#4307);
#4305 = CARTESIAN_POINT('',(-135.35,89.99,92.5));
#4306 = DIRECTION('',(0.,0.,1.));
#4307 = DIRECTION('',(1.,0.,-0.));
#4308 = DEFINITIONAL_REPRESENTATION('',(#4309),#4312);
#4309 = B_SPLINE_CURVE_WITH_KNOTS('',1,(#4310,#4311),.UNSPECIFIED.,.F.,
  .F.,(2,2),(52.,55.),.PIECEWISE_BEZIER_KNOTS.);
#4310 = CARTESIAN_POINT('',(0.,1.000000000001E-02));
#4311 = CARTESIAN_POINT('',(3.,1.000000000001E-02));
#4312 = ( GEOMETRIC_REPRESENTATION_CONTEXT(2) 
PARAMETRIC_REPRESENTATION_CONTEXT() REPRESENTATION_CONTEXT('2D SPACE',''
  ) );
#4313 = ORIENTED_EDGE('',*,*,#4314,.T.);
#4314 = EDGE_CURVE('',#4287,#4315,#4317,.T.);
#4315 = VERTEX_POINT('',#4316);
#4316 = CARTESIAN_POINT('',(-135.35,90.,78.5));
#4317 = SURFACE_CURVE('',#4318,(#4322,#4328),.PCURVE_S1.);
#4318 = LINE('',#4319,#4320);
#4319 = CARTESIAN_POINT('',(-135.35,90.,36.75));
#4320 = VECTOR('',#4321,1.);
#4321 = DIRECTION('',(-0.,0.,-1.));
#4322 = PCURVE('',#44,#4323);
#4323 = DEFINITIONAL_REPRESENTATION('',(#4324),#4327);
#4324 = B_SPLINE_CURVE_WITH_KNOTS('',1,(#4325,#4326),.UNSPECIFIED.,.F.,
  .F.,(2,2),(-55.75,-41.75),.PIECEWISE_BEZIER_KNOTS.);
#4325 = CARTESIAN_POINT('',(97.5,104.));
#4326 = CARTESIAN_POINT('',(83.5,104.));
#4327 = ( GEOMETRIC_REPRESENTATION_CONTEXT(2) 
PARAMETRIC_REPRESENTATION_CONTEXT() REPRESENTATION_CONTEXT('2D SPACE',''
  ) );
#4328 = PCURVE('',#4329,#4334);
#4329 = PLANE('',#4330);
#4330 = AXIS2_PLACEMENT_3D('',#4331,#4332,#4333);
#4331 = CARTESIAN_POINT('',(-135.35,89.99,78.5));
#4332 = DIRECTION('',(1.,0.,-0.));
#4333 = DIRECTION('',(0.,0.,1.));
#4334 = DEFINITIONAL_REPRESENTATION('',(#4335),#4338);
#4335 = B_SPLINE_CURVE_WITH_KNOTS('',1,(#4336,#4337),.UNSPECIFIED.,.F.,
  .F.,(2,2),(-55.75,-41.75),.PIECEWISE_BEZIER_KNOTS.);
#4336 = CARTESIAN_POINT('',(14.,-1.000000000001E-02));
#4337 = CARTESIAN_POINT('',(0.,-1.000000000001E-02));
#4338 = ( GEOMETRIC_REPRESENTATION_CONTEXT(2) 
PARAMETRIC_REPRESENTATION_CONTEXT() REPRESENTATION_CONTEXT('2D SPACE',''
  ) );
#4339 = ORIENTED_EDGE('',*,*,#4340,.T.);
#4340 = EDGE_CURVE('',#4315,#4341,#4343,.T.);
#4341 = VERTEX_POINT('',#4342);
#4342 = CARTESIAN_POINT('',(-132.35,90.,78.5));
#4343 = SURFACE_CURVE('',#4344,(#4348,#4354),.PCURVE_S1.);
#4344 = LINE('',#4345,#4346);
#4345 = CARTESIAN_POINT('',(-187.35,90.,78.5));
#4346 = VECTOR('',#4347,1.);
#4347 = DIRECTION('',(1.,0.,-0.));
#4348 = PCURVE('',#44,#4349);
#4349 = DEFINITIONAL_REPRESENTATION('',(#4350),#4353);
#4350 = B_SPLINE_CURVE_WITH_KNOTS('',1,(#4351,#4352),.UNSPECIFIED.,.F.,
  .F.,(2,2),(52.,55.),.PIECEWISE_BEZIER_KNOTS.);
#4351 = CARTESIAN_POINT('',(83.5,104.));
#4352 = CARTESIAN_POINT('',(83.5,107.));
#4353 = ( GEOMETRIC_REPRESENTATION_CONTEXT(2) 
PARAMETRIC_REPRESENTATION_CONTEXT() REPRESENTATION_CONTEXT('2D SPACE',''
  ) );
#4354 = PCURVE('',#4355,#4360);
#4355 = PLANE('',#4356);
#4356 = AXIS2_PLACEMENT_3D('',#4357,#4358,#4359);
#4357 = CARTESIAN_POINT('',(-135.35,89.99,78.5));
#4358 = DIRECTION('',(0.,0.,1.));
#4359 = DIRECTION('',(1.,0.,-0.));
#4360 = DEFINITIONAL_REPRESENTATION('',(#4361),#4364);
#4361 = B_SPLINE_CURVE_WITH_KNOTS('',1,(#4362,#4363),.UNSPECIFIED.,.F.,
  .F.,(2,2),(52.,55.),.PIECEWISE_BEZIER_KNOTS.);
#4362 = CARTESIAN_POINT('',(0.,1.000000000001E-02));
#4363 = CARTESIAN_POINT('',(3.,1.000000000001E-02));
#4364 = ( GEOMETRIC_REPRESENTATION_CONTEXT(2) 
PARAMETRIC_REPRESENTATION_CONTEXT() REPRESENTATION_CONTEXT('2D SPACE',''
  ) );
#4365 = ORIENTED_EDGE('',*,*,#4366,.F.);
#4366 = EDGE_CURVE('',#4289,#4341,#4367,.T.);
#4367 = SURFACE_CURVE('',#4368,(#4372,#4378),.PCURVE_S1.);
#4368 = LINE('',#4369,#4370);
#4369 = CARTESIAN_POINT('',(-132.35,90.,36.75));
#4370 = VECTOR('',#4371,1.);
#4371 = DIRECTION('',(-0.,0.,-1.));
#4372 = PCURVE('',#44,#4373);
#4373 = DEFINITIONAL_REPRESENTATION('',(#4374),#4377);
#4374 = B_SPLINE_CURVE_WITH_KNOTS('',1,(#4375,#4376),.UNSPECIFIED.,.F.,
  .F.,(2,2),(-55.75,-41.75),.PIECEWISE_BEZIER_KNOTS.);
#4375 = CARTESIAN_POINT('',(97.5,107.));
#4376 = CARTESIAN_POINT('',(83.5,107.));
#4377 = ( GEOMETRIC_REPRESENTATION_CONTEXT(2) 
PARAMETRIC_REPRESENTATION_CONTEXT() REPRESENTATION_CONTEXT('2D SPACE',''
  ) );
#4378 = PCURVE('',#4379,#4384);
#4379 = PLANE('',#4380);
#4380 = AXIS2_PLACEMENT_3D('',#4381,#4382,#4383);
#4381 = CARTESIAN_POINT('',(-132.35,89.99,78.5));
#4382 = DIRECTION('',(1.,0.,-0.));
#4383 = DIRECTION('',(0.,0.,1.));
#4384 = DEFINITIONAL_REPRESENTATION('',(#4385),#4388);
#4385 = B_SPLINE_CURVE_WITH_KNOTS('',1,(#4386,#4387),.UNSPECIFIED.,.F.,
  .F.,(2,2),(-55.75,-41.75),.PIECEWISE_BEZIER_KNOTS.);
#4386 = CARTESIAN_POINT('',(14.,-1.000000000001E-02));
#4387 = CARTESIAN_POINT('',(0.,-1.000000000001E-02));
#4388 = ( GEOMETRIC_REPRESENTATION_CONTEXT(2) 
PARAMETRIC_REPRESENTATION_CONTEXT() REPRESENTATION_CONTEXT('2D SPACE',''
  ) );
#4389 = FACE_BOUND('',#4390,.F.);
#4390 = EDGE_LOOP('',(#4391));
#4391 = ORIENTED_EDGE('',*,*,#4392,.F.);
#4392 = EDGE_CURVE('',#4393,#4393,#4395,.T.);
#4393 = VERTEX_POINT('',#4394);
#4394 = CARTESIAN_POINT('',(-92.575,90.,71.05));
#4395 = SURFACE_CURVE('',#4396,(#4401,#4408),.PCURVE_S1.);
#4396 = CIRCLE('',#4397,1.775);
#4397 = AXIS2_PLACEMENT_3D('',#4398,#4399,#4400);
#4398 = CARTESIAN_POINT('',(-94.35,90.,71.05));
#4399 = DIRECTION('',(0.,1.,2.22044604925E-16));
#4400 = DIRECTION('',(1.,0.,-0.));
#4401 = PCURVE('',#44,#4402);
#4402 = DEFINITIONAL_REPRESENTATION('',(#4403),#4407);
#4403 = CIRCLE('',#4404,1.775);
#4404 = AXIS2_PLACEMENT_2D('',#4405,#4406);
#4405 = CARTESIAN_POINT('',(76.05,145.));
#4406 = DIRECTION('',(0.,1.));
#4407 = ( GEOMETRIC_REPRESENTATION_CONTEXT(2) 
PARAMETRIC_REPRESENTATION_CONTEXT() REPRESENTATION_CONTEXT('2D SPACE',''
  ) );
#4408 = PCURVE('',#4409,#4414);
#4409 = CYLINDRICAL_SURFACE('',#4410,1.775);
#4410 = AXIS2_PLACEMENT_3D('',#4411,#4412,#4413);
#4411 = CARTESIAN_POINT('',(-94.35,89.99,71.05));
#4412 = DIRECTION('',(0.,1.,2.22044604925E-16));
#4413 = DIRECTION('',(1.,0.,-0.));
#4414 = DEFINITIONAL_REPRESENTATION('',(#4415),#4419);
#4415 = LINE('',#4416,#4417);
#4416 = CARTESIAN_POINT('',(0.,1.000000000001E-02));
#4417 = VECTOR('',#4418,1.);
#4418 = DIRECTION('',(1.,0.));
#4419 = ( GEOMETRIC_REPRESENTATION_CONTEXT(2) 
PARAMETRIC_REPRESENTATION_CONTEXT() REPRESENTATION_CONTEXT('2D SPACE',''
  ) );
#4420 = FACE_BOUND('',#4421,.F.);
#4421 = EDGE_LOOP('',(#4422,#4450,#4476,#4502));
#4422 = ORIENTED_EDGE('',*,*,#4423,.F.);
#4423 = EDGE_CURVE('',#4424,#4426,#4428,.T.);
#4424 = VERTEX_POINT('',#4425);
#4425 = CARTESIAN_POINT('',(-129.35,90.,92.5));
#4426 = VERTEX_POINT('',#4427);
#4427 = CARTESIAN_POINT('',(-126.35,90.,92.5));
#4428 = SURFACE_CURVE('',#4429,(#4433,#4439),.PCURVE_S1.);
#4429 = LINE('',#4430,#4431);
#4430 = CARTESIAN_POINT('',(-184.35,90.,92.5));
#4431 = VECTOR('',#4432,1.);
#4432 = DIRECTION('',(1.,0.,-0.));
#4433 = PCURVE('',#44,#4434);
#4434 = DEFINITIONAL_REPRESENTATION('',(#4435),#4438);
#4435 = B_SPLINE_CURVE_WITH_KNOTS('',1,(#4436,#4437),.UNSPECIFIED.,.F.,
  .F.,(2,2),(55.,58.),.PIECEWISE_BEZIER_KNOTS.);
#4436 = CARTESIAN_POINT('',(97.5,110.));
#4437 = CARTESIAN_POINT('',(97.5,113.));
#4438 = ( GEOMETRIC_REPRESENTATION_CONTEXT(2) 
PARAMETRIC_REPRESENTATION_CONTEXT() REPRESENTATION_CONTEXT('2D SPACE',''
  ) );
#4439 = PCURVE('',#4440,#4445);
#4440 = PLANE('',#4441);
#4441 = AXIS2_PLACEMENT_3D('',#4442,#4443,#4444);
#4442 = CARTESIAN_POINT('',(-129.35,89.99,92.5));
#4443 = DIRECTION('',(0.,0.,1.));
#4444 = DIRECTION('',(1.,0.,-0.));
#4445 = DEFINITIONAL_REPRESENTATION('',(#4446),#4449);
#4446 = B_SPLINE_CURVE_WITH_KNOTS('',1,(#4447,#4448),.UNSPECIFIED.,.F.,
  .F.,(2,2),(55.,58.),.PIECEWISE_BEZIER_KNOTS.);
#4447 = CARTESIAN_POINT('',(0.,1.000000000001E-02));
#4448 = CARTESIAN_POINT('',(3.,1.000000000001E-02));
#4449 = ( GEOMETRIC_REPRESENTATION_CONTEXT(2) 
PARAMETRIC_REPRESENTATION_CONTEXT() REPRESENTATION_CONTEXT('2D SPACE',''
  ) );
#4450 = ORIENTED_EDGE('',*,*,#4451,.T.);
#4451 = EDGE_CURVE('',#4424,#4452,#4454,.T.);
#4452 = VERTEX_POINT('',#4453);
#4453 = CARTESIAN_POINT('',(-129.35,90.,78.5));
#4454 = SURFACE_CURVE('',#4455,(#4459,#4465),.PCURVE_S1.);
#4455 = LINE('',#4456,#4457);
#4456 = CARTESIAN_POINT('',(-129.35,90.,36.75));
#4457 = VECTOR('',#4458,1.);
#4458 = DIRECTION('',(-0.,0.,-1.));
#4459 = PCURVE('',#44,#4460);
#4460 = DEFINITIONAL_REPRESENTATION('',(#4461),#4464);
#4461 = B_SPLINE_CURVE_WITH_KNOTS('',1,(#4462,#4463),.UNSPECIFIED.,.F.,
  .F.,(2,2),(-55.75,-41.75),.PIECEWISE_BEZIER_KNOTS.);
#4462 = CARTESIAN_POINT('',(97.5,110.));
#4463 = CARTESIAN_POINT('',(83.5,110.));
#4464 = ( GEOMETRIC_REPRESENTATION_CONTEXT(2) 
PARAMETRIC_REPRESENTATION_CONTEXT() REPRESENTATION_CONTEXT('2D SPACE',''
  ) );
#4465 = PCURVE('',#4466,#4471);
#4466 = PLANE('',#4467);
#4467 = AXIS2_PLACEMENT_3D('',#4468,#4469,#4470);
#4468 = CARTESIAN_POINT('',(-129.35,89.99,78.5));
#4469 = DIRECTION('',(1.,0.,-0.));
#4470 = DIRECTION('',(0.,0.,1.));
#4471 = DEFINITIONAL_REPRESENTATION('',(#4472),#4475);
#4472 = B_SPLINE_CURVE_WITH_KNOTS('',1,(#4473,#4474),.UNSPECIFIED.,.F.,
  .F.,(2,2),(-55.75,-41.75),.PIECEWISE_BEZIER_KNOTS.);
#4473 = CARTESIAN_POINT('',(14.,-1.000000000001E-02));
#4474 = CARTESIAN_POINT('',(0.,-1.000000000001E-02));
#4475 = ( GEOMETRIC_REPRESENTATION_CONTEXT(2) 
PARAMETRIC_REPRESENTATION_CONTEXT() REPRESENTATION_CONTEXT('2D SPACE',''
  ) );
#4476 = ORIENTED_EDGE('',*,*,#4477,.T.);
#4477 = EDGE_CURVE('',#4452,#4478,#4480,.T.);
#4478 = VERTEX_POINT('',#4479);
#4479 = CARTESIAN_POINT('',(-126.35,90.,78.5));
#4480 = SURFACE_CURVE('',#4481,(#4485,#4491),.PCURVE_S1.);
#4481 = LINE('',#4482,#4483);
#4482 = CARTESIAN_POINT('',(-184.35,90.,78.5));
#4483 = VECTOR('',#4484,1.);
#4484 = DIRECTION('',(1.,0.,-0.));
#4485 = PCURVE('',#44,#4486);
#4486 = DEFINITIONAL_REPRESENTATION('',(#4487),#4490);
#4487 = B_SPLINE_CURVE_WITH_KNOTS('',1,(#4488,#4489),.UNSPECIFIED.,.F.,
  .F.,(2,2),(55.,58.),.PIECEWISE_BEZIER_KNOTS.);
#4488 = CARTESIAN_POINT('',(83.5,110.));
#4489 = CARTESIAN_POINT('',(83.5,113.));
#4490 = ( GEOMETRIC_REPRESENTATION_CONTEXT(2) 
PARAMETRIC_REPRESENTATION_CONTEXT() REPRESENTATION_CONTEXT('2D SPACE',''
  ) );
#4491 = PCURVE('',#4492,#4497);
#4492 = PLANE('',#4493);
#4493 = AXIS2_PLACEMENT_3D('',#4494,#4495,#4496);
#4494 = CARTESIAN_POINT('',(-129.35,89.99,78.5));
#4495 = DIRECTION('',(0.,0.,1.));
#4496 = DIRECTION('',(1.,0.,-0.));
#4497 = DEFINITIONAL_REPRESENTATION('',(#4498),#4501);
#4498 = B_SPLINE_CURVE_WITH_KNOTS('',1,(#4499,#4500),.UNSPECIFIED.,.F.,
  .F.,(2,2),(55.,58.),.PIECEWISE_BEZIER_KNOTS.);
#4499 = CARTESIAN_POINT('',(0.,1.000000000001E-02));
#4500 = CARTESIAN_POINT('',(3.,1.000000000001E-02));
#4501 = ( GEOMETRIC_REPRESENTATION_CONTEXT(2) 
PARAMETRIC_REPRESENTATION_CONTEXT() REPRESENTATION_CONTEXT('2D SPACE',''
  ) );
#4502 = ORIENTED_EDGE('',*,*,#4503,.F.);
#4503 = EDGE_CURVE('',#4426,#4478,#4504,.T.);
#4504 = SURFACE_CURVE('',#4505,(#4509,#4515),.PCURVE_S1.);
#4505 = LINE('',#4506,#4507);
#4506 = CARTESIAN_POINT('',(-126.35,90.,36.75));
#4507 = VECTOR('',#4508,1.);
#4508 = DIRECTION('',(-0.,0.,-1.));
#4509 = PCURVE('',#44,#4510);
#4510 = DEFINITIONAL_REPRESENTATION('',(#4511),#4514);
#4511 = B_SPLINE_CURVE_WITH_KNOTS('',1,(#4512,#4513),.UNSPECIFIED.,.F.,
  .F.,(2,2),(-55.75,-41.75),.PIECEWISE_BEZIER_KNOTS.);
#4512 = CARTESIAN_POINT('',(97.5,113.));
#4513 = CARTESIAN_POINT('',(83.5,113.));
#4514 = ( GEOMETRIC_REPRESENTATION_CONTEXT(2) 
PARAMETRIC_REPRESENTATION_CONTEXT() REPRESENTATION_CONTEXT('2D SPACE',''
  ) );
#4515 = PCURVE('',#4516,#4521);
#4516 = PLANE('',#4517);
#4517 = AXIS2_PLACEMENT_3D('',#4518,#4519,#4520);
#4518 = CARTESIAN_POINT('',(-126.35,89.99,78.5));
#4519 = DIRECTION('',(1.,0.,-0.));
#4520 = DIRECTION('',(0.,0.,1.));
#4521 = DEFINITIONAL_REPRESENTATION('',(#4522),#4525);
#4522 = B_SPLINE_CURVE_WITH_KNOTS('',1,(#4523,#4524),.UNSPECIFIED.,.F.,
  .F.,(2,2),(-55.75,-41.75),.PIECEWISE_BEZIER_KNOTS.);
#4523 = CARTESIAN_POINT('',(14.,-1.000000000001E-02));
#4524 = CARTESIAN_POINT('',(0.,-1.000000000001E-02));
#4525 = ( GEOMETRIC_REPRESENTATION_CONTEXT(2) 
PARAMETRIC_REPRESENTATION_CONTEXT() REPRESENTATION_CONTEXT('2D SPACE',''
  ) );
#4526 = FACE_BOUND('',#4527,.F.);
#4527 = EDGE_LOOP('',(#4528,#4556,#4582,#4608));
#4528 = ORIENTED_EDGE('',*,*,#4529,.F.);
#4529 = EDGE_CURVE('',#4530,#4532,#4534,.T.);
#4530 = VERTEX_POINT('',#4531);
#4531 = CARTESIAN_POINT('',(-123.35,90.,92.5));
#4532 = VERTEX_POINT('',#4533);
#4533 = CARTESIAN_POINT('',(-120.35,90.,92.5));
#4534 = SURFACE_CURVE('',#4535,(#4539,#4545),.PCURVE_S1.);
#4535 = LINE('',#4536,#4537);
#4536 = CARTESIAN_POINT('',(-181.35,90.,92.5));
#4537 = VECTOR('',#4538,1.);
#4538 = DIRECTION('',(1.,0.,-0.));
#4539 = PCURVE('',#44,#4540);
#4540 = DEFINITIONAL_REPRESENTATION('',(#4541),#4544);
#4541 = B_SPLINE_CURVE_WITH_KNOTS('',1,(#4542,#4543),.UNSPECIFIED.,.F.,
  .F.,(2,2),(58.,61.),.PIECEWISE_BEZIER_KNOTS.);
#4542 = CARTESIAN_POINT('',(97.5,116.));
#4543 = CARTESIAN_POINT('',(97.5,119.));
#4544 = ( GEOMETRIC_REPRESENTATION_CONTEXT(2) 
PARAMETRIC_REPRESENTATION_CONTEXT() REPRESENTATION_CONTEXT('2D SPACE',''
  ) );
#4545 = PCURVE('',#4546,#4551);
#4546 = PLANE('',#4547);
#4547 = AXIS2_PLACEMENT_3D('',#4548,#4549,#4550);
#4548 = CARTESIAN_POINT('',(-123.35,89.99,92.5));
#4549 = DIRECTION('',(0.,0.,1.));
#4550 = DIRECTION('',(1.,0.,-0.));
#4551 = DEFINITIONAL_REPRESENTATION('',(#4552),#4555);
#4552 = B_SPLINE_CURVE_WITH_KNOTS('',1,(#4553,#4554),.UNSPECIFIED.,.F.,
  .F.,(2,2),(58.,61.),.PIECEWISE_BEZIER_KNOTS.);
#4553 = CARTESIAN_POINT('',(0.,1.000000000001E-02));
#4554 = CARTESIAN_POINT('',(3.,1.000000000001E-02));
#4555 = ( GEOMETRIC_REPRESENTATION_CONTEXT(2) 
PARAMETRIC_REPRESENTATION_CONTEXT() REPRESENTATION_CONTEXT('2D SPACE',''
  ) );
#4556 = ORIENTED_EDGE('',*,*,#4557,.T.);
#4557 = EDGE_CURVE('',#4530,#4558,#4560,.T.);
#4558 = VERTEX_POINT('',#4559);
#4559 = CARTESIAN_POINT('',(-123.35,90.,78.5));
#4560 = SURFACE_CURVE('',#4561,(#4565,#4571),.PCURVE_S1.);
#4561 = LINE('',#4562,#4563);
#4562 = CARTESIAN_POINT('',(-123.35,90.,36.75));
#4563 = VECTOR('',#4564,1.);
#4564 = DIRECTION('',(-0.,0.,-1.));
#4565 = PCURVE('',#44,#4566);
#4566 = DEFINITIONAL_REPRESENTATION('',(#4567),#4570);
#4567 = B_SPLINE_CURVE_WITH_KNOTS('',1,(#4568,#4569),.UNSPECIFIED.,.F.,
  .F.,(2,2),(-55.75,-41.75),.PIECEWISE_BEZIER_KNOTS.);
#4568 = CARTESIAN_POINT('',(97.5,116.));
#4569 = CARTESIAN_POINT('',(83.5,116.));
#4570 = ( GEOMETRIC_REPRESENTATION_CONTEXT(2) 
PARAMETRIC_REPRESENTATION_CONTEXT() REPRESENTATION_CONTEXT('2D SPACE',''
  ) );
#4571 = PCURVE('',#4572,#4577);
#4572 = PLANE('',#4573);
#4573 = AXIS2_PLACEMENT_3D('',#4574,#4575,#4576);
#4574 = CARTESIAN_POINT('',(-123.35,89.99,78.5));
#4575 = DIRECTION('',(1.,0.,-0.));
#4576 = DIRECTION('',(0.,0.,1.));
#4577 = DEFINITIONAL_REPRESENTATION('',(#4578),#4581);
#4578 = B_SPLINE_CURVE_WITH_KNOTS('',1,(#4579,#4580),.UNSPECIFIED.,.F.,
  .F.,(2,2),(-55.75,-41.75),.PIECEWISE_BEZIER_KNOTS.);
#4579 = CARTESIAN_POINT('',(14.,-1.000000000001E-02));
#4580 = CARTESIAN_POINT('',(0.,-1.000000000001E-02));
#4581 = ( GEOMETRIC_REPRESENTATION_CONTEXT(2) 
PARAMETRIC_REPRESENTATION_CONTEXT() REPRESENTATION_CONTEXT('2D SPACE',''
  ) );
#4582 = ORIENTED_EDGE('',*,*,#4583,.T.);
#4583 = EDGE_CURVE('',#4558,#4584,#4586,.T.);
#4584 = VERTEX_POINT('',#4585);
#4585 = CARTESIAN_POINT('',(-120.35,90.,78.5));
#4586 = SURFACE_CURVE('',#4587,(#4591,#4597),.PCURVE_S1.);
#4587 = LINE('',#4588,#4589);
#4588 = CARTESIAN_POINT('',(-181.35,90.,78.5));
#4589 = VECTOR('',#4590,1.);
#4590 = DIRECTION('',(1.,0.,-0.));
#4591 = PCURVE('',#44,#4592);
#4592 = DEFINITIONAL_REPRESENTATION('',(#4593),#4596);
#4593 = B_SPLINE_CURVE_WITH_KNOTS('',1,(#4594,#4595),.UNSPECIFIED.,.F.,
  .F.,(2,2),(58.,61.),.PIECEWISE_BEZIER_KNOTS.);
#4594 = CARTESIAN_POINT('',(83.5,116.));
#4595 = CARTESIAN_POINT('',(83.5,119.));
#4596 = ( GEOMETRIC_REPRESENTATION_CONTEXT(2) 
PARAMETRIC_REPRESENTATION_CONTEXT() REPRESENTATION_CONTEXT('2D SPACE',''
  ) );
#4597 = PCURVE('',#4598,#4603);
#4598 = PLANE('',#4599);
#4599 = AXIS2_PLACEMENT_3D('',#4600,#4601,#4602);
#4600 = CARTESIAN_POINT('',(-123.35,89.99,78.5));
#4601 = DIRECTION('',(0.,0.,1.));
#4602 = DIRECTION('',(1.,0.,-0.));
#4603 = DEFINITIONAL_REPRESENTATION('',(#4604),#4607);
#4604 = B_SPLINE_CURVE_WITH_KNOTS('',1,(#4605,#4606),.UNSPECIFIED.,.F.,
  .F.,(2,2),(58.,61.),.PIECEWISE_BEZIER_KNOTS.);
#4605 = CARTESIAN_POINT('',(0.,1.000000000001E-02));
#4606 = CARTESIAN_POINT('',(3.,1.000000000001E-02));
#4607 = ( GEOMETRIC_REPRESENTATION_CONTEXT(2) 
PARAMETRIC_REPRESENTATION_CONTEXT() REPRESENTATION_CONTEXT('2D SPACE',''
  ) );
#4608 = ORIENTED_EDGE('',*,*,#4609,.F.);
#4609 = EDGE_CURVE('',#4532,#4584,#4610,.T.);
#4610 = SURFACE_CURVE('',#4611,(#4615,#4621),.PCURVE_S1.);
#4611 = LINE('',#4612,#4613);
#4612 = CARTESIAN_POINT('',(-120.35,90.,36.75));
#4613 = VECTOR('',#4614,1.);
#4614 = DIRECTION('',(-0.,0.,-1.));
#4615 = PCURVE('',#44,#4616);
#4616 = DEFINITIONAL_REPRESENTATION('',(#4617),#4620);
#4617 = B_SPLINE_CURVE_WITH_KNOTS('',1,(#4618,#4619),.UNSPECIFIED.,.F.,
  .F.,(2,2),(-55.75,-41.75),.PIECEWISE_BEZIER_KNOTS.);
#4618 = CARTESIAN_POINT('',(97.5,119.));
#4619 = CARTESIAN_POINT('',(83.5,119.));
#4620 = ( GEOMETRIC_REPRESENTATION_CONTEXT(2) 
PARAMETRIC_REPRESENTATION_CONTEXT() REPRESENTATION_CONTEXT('2D SPACE',''
  ) );
#4621 = PCURVE('',#4622,#4627);
#4622 = PLANE('',#4623);
#4623 = AXIS2_PLACEMENT_3D('',#4624,#4625,#4626);
#4624 = CARTESIAN_POINT('',(-120.35,89.99,78.5));
#4625 = DIRECTION('',(1.,0.,-0.));
#4626 = DIRECTION('',(0.,0.,1.));
#4627 = DEFINITIONAL_REPRESENTATION('',(#4628),#4631);
#4628 = B_SPLINE_CURVE_WITH_KNOTS('',1,(#4629,#4630),.UNSPECIFIED.,.F.,
  .F.,(2,2),(-55.75,-41.75),.PIECEWISE_BEZIER_KNOTS.);
#4629 = CARTESIAN_POINT('',(14.,-1.000000000001E-02));
#4630 = CARTESIAN_POINT('',(0.,-1.000000000001E-02));
#4631 = ( GEOMETRIC_REPRESENTATION_CONTEXT(2) 
PARAMETRIC_REPRESENTATION_CONTEXT() REPRESENTATION_CONTEXT('2D SPACE',''
  ) );
#4632 = FACE_BOUND('',#4633,.F.);
#4633 = EDGE_LOOP('',(#4634,#4662,#4688,#4714));
#4634 = ORIENTED_EDGE('',*,*,#4635,.F.);
#4635 = EDGE_CURVE('',#4636,#4638,#4640,.T.);
#4636 = VERTEX_POINT('',#4637);
#4637 = CARTESIAN_POINT('',(-117.35,90.,92.5));
#4638 = VERTEX_POINT('',#4639);
#4639 = CARTESIAN_POINT('',(-114.35,90.,92.5));
#4640 = SURFACE_CURVE('',#4641,(#4645,#4651),.PCURVE_S1.);
#4641 = LINE('',#4642,#4643);
#4642 = CARTESIAN_POINT('',(-178.35,90.,92.5));
#4643 = VECTOR('',#4644,1.);
#4644 = DIRECTION('',(1.,0.,-0.));
#4645 = PCURVE('',#44,#4646);
#4646 = DEFINITIONAL_REPRESENTATION('',(#4647),#4650);
#4647 = B_SPLINE_CURVE_WITH_KNOTS('',1,(#4648,#4649),.UNSPECIFIED.,.F.,
  .F.,(2,2),(61.,64.),.PIECEWISE_BEZIER_KNOTS.);
#4648 = CARTESIAN_POINT('',(97.5,122.));
#4649 = CARTESIAN_POINT('',(97.5,125.));
#4650 = ( GEOMETRIC_REPRESENTATION_CONTEXT(2) 
PARAMETRIC_REPRESENTATION_CONTEXT() REPRESENTATION_CONTEXT('2D SPACE',''
  ) );
#4651 = PCURVE('',#4652,#4657);
#4652 = PLANE('',#4653);
#4653 = AXIS2_PLACEMENT_3D('',#4654,#4655,#4656);
#4654 = CARTESIAN_POINT('',(-117.35,89.99,92.5));
#4655 = DIRECTION('',(0.,0.,1.));
#4656 = DIRECTION('',(1.,0.,-0.));
#4657 = DEFINITIONAL_REPRESENTATION('',(#4658),#4661);
#4658 = B_SPLINE_CURVE_WITH_KNOTS('',1,(#4659,#4660),.UNSPECIFIED.,.F.,
  .F.,(2,2),(61.,64.),.PIECEWISE_BEZIER_KNOTS.);
#4659 = CARTESIAN_POINT('',(0.,1.000000000001E-02));
#4660 = CARTESIAN_POINT('',(3.,1.000000000001E-02));
#4661 = ( GEOMETRIC_REPRESENTATION_CONTEXT(2) 
PARAMETRIC_REPRESENTATION_CONTEXT() REPRESENTATION_CONTEXT('2D SPACE',''
  ) );
#4662 = ORIENTED_EDGE('',*,*,#4663,.T.);
#4663 = EDGE_CURVE('',#4636,#4664,#4666,.T.);
#4664 = VERTEX_POINT('',#4665);
#4665 = CARTESIAN_POINT('',(-117.35,90.,78.5));
#4666 = SURFACE_CURVE('',#4667,(#4671,#4677),.PCURVE_S1.);
#4667 = LINE('',#4668,#4669);
#4668 = CARTESIAN_POINT('',(-117.35,90.,36.75));
#4669 = VECTOR('',#4670,1.);
#4670 = DIRECTION('',(-0.,0.,-1.));
#4671 = PCURVE('',#44,#4672);
#4672 = DEFINITIONAL_REPRESENTATION('',(#4673),#4676);
#4673 = B_SPLINE_CURVE_WITH_KNOTS('',1,(#4674,#4675),.UNSPECIFIED.,.F.,
  .F.,(2,2),(-55.75,-41.75),.PIECEWISE_BEZIER_KNOTS.);
#4674 = CARTESIAN_POINT('',(97.5,122.));
#4675 = CARTESIAN_POINT('',(83.5,122.));
#4676 = ( GEOMETRIC_REPRESENTATION_CONTEXT(2) 
PARAMETRIC_REPRESENTATION_CONTEXT() REPRESENTATION_CONTEXT('2D SPACE',''
  ) );
#4677 = PCURVE('',#4678,#4683);
#4678 = PLANE('',#4679);
#4679 = AXIS2_PLACEMENT_3D('',#4680,#4681,#4682);
#4680 = CARTESIAN_POINT('',(-117.35,89.99,78.5));
#4681 = DIRECTION('',(1.,0.,-0.));
#4682 = DIRECTION('',(0.,0.,1.));
#4683 = DEFINITIONAL_REPRESENTATION('',(#4684),#4687);
#4684 = B_SPLINE_CURVE_WITH_KNOTS('',1,(#4685,#4686),.UNSPECIFIED.,.F.,
  .F.,(2,2),(-55.75,-41.75),.PIECEWISE_BEZIER_KNOTS.);
#4685 = CARTESIAN_POINT('',(14.,-1.000000000001E-02));
#4686 = CARTESIAN_POINT('',(0.,-1.000000000001E-02));
#4687 = ( GEOMETRIC_REPRESENTATION_CONTEXT(2) 
PARAMETRIC_REPRESENTATION_CONTEXT() REPRESENTATION_CONTEXT('2D SPACE',''
  ) );
#4688 = ORIENTED_EDGE('',*,*,#4689,.T.);
#4689 = EDGE_CURVE('',#4664,#4690,#4692,.T.);
#4690 = VERTEX_POINT('',#4691);
#4691 = CARTESIAN_POINT('',(-114.35,90.,78.5));
#4692 = SURFACE_CURVE('',#4693,(#4697,#4703),.PCURVE_S1.);
#4693 = LINE('',#4694,#4695);
#4694 = CARTESIAN_POINT('',(-178.35,90.,78.5));
#4695 = VECTOR('',#4696,1.);
#4696 = DIRECTION('',(1.,0.,-0.));
#4697 = PCURVE('',#44,#4698);
#4698 = DEFINITIONAL_REPRESENTATION('',(#4699),#4702);
#4699 = B_SPLINE_CURVE_WITH_KNOTS('',1,(#4700,#4701),.UNSPECIFIED.,.F.,
  .F.,(2,2),(61.,64.),.PIECEWISE_BEZIER_KNOTS.);
#4700 = CARTESIAN_POINT('',(83.5,122.));
#4701 = CARTESIAN_POINT('',(83.5,125.));
#4702 = ( GEOMETRIC_REPRESENTATION_CONTEXT(2) 
PARAMETRIC_REPRESENTATION_CONTEXT() REPRESENTATION_CONTEXT('2D SPACE',''
  ) );
#4703 = PCURVE('',#4704,#4709);
#4704 = PLANE('',#4705);
#4705 = AXIS2_PLACEMENT_3D('',#4706,#4707,#4708);
#4706 = CARTESIAN_POINT('',(-117.35,89.99,78.5));
#4707 = DIRECTION('',(0.,0.,1.));
#4708 = DIRECTION('',(1.,0.,-0.));
#4709 = DEFINITIONAL_REPRESENTATION('',(#4710),#4713);
#4710 = B_SPLINE_CURVE_WITH_KNOTS('',1,(#4711,#4712),.UNSPECIFIED.,.F.,
  .F.,(2,2),(61.,64.),.PIECEWISE_BEZIER_KNOTS.);
#4711 = CARTESIAN_POINT('',(0.,1.000000000001E-02));
#4712 = CARTESIAN_POINT('',(3.,1.000000000001E-02));
#4713 = ( GEOMETRIC_REPRESENTATION_CONTEXT(2) 
PARAMETRIC_REPRESENTATION_CONTEXT() REPRESENTATION_CONTEXT('2D SPACE',''
  ) );
#4714 = ORIENTED_EDGE('',*,*,#4715,.F.);
#4715 = EDGE_CURVE('',#4638,#4690,#4716,.T.);
#4716 = SURFACE_CURVE('',#4717,(#4721,#4727),.PCURVE_S1.);
#4717 = LINE('',#4718,#4719);
#4718 = CARTESIAN_POINT('',(-114.35,90.,36.75));
#4719 = VECTOR('',#4720,1.);
#4720 = DIRECTION('',(-0.,0.,-1.));
#4721 = PCURVE('',#44,#4722);
#4722 = DEFINITIONAL_REPRESENTATION('',(#4723),#4726);
#4723 = B_SPLINE_CURVE_WITH_KNOTS('',1,(#4724,#4725),.UNSPECIFIED.,.F.,
  .F.,(2,2),(-55.75,-41.75),.PIECEWISE_BEZIER_KNOTS.);
#4724 = CARTESIAN_POINT('',(97.5,125.));
#4725 = CARTESIAN_POINT('',(83.5,125.));
#4726 = ( GEOMETRIC_REPRESENTATION_CONTEXT(2) 
PARAMETRIC_REPRESENTATION_CONTEXT() REPRESENTATION_CONTEXT('2D SPACE',''
  ) );
#4727 = PCURVE('',#4728,#4733);
#4728 = PLANE('',#4729);
#4729 = AXIS2_PLACEMENT_3D('',#4730,#4731,#4732);
#4730 = CARTESIAN_POINT('',(-114.35,89.99,78.5));
#4731 = DIRECTION('',(1.,0.,-0.));
#4732 = DIRECTION('',(0.,0.,1.));
#4733 = DEFINITIONAL_REPRESENTATION('',(#4734),#4737);
#4734 = B_SPLINE_CURVE_WITH_KNOTS('',1,(#4735,#4736),.UNSPECIFIED.,.F.,
  .F.,(2,2),(-55.75,-41.75),.PIECEWISE_BEZIER_KNOTS.);
#4735 = CARTESIAN_POINT('',(14.,-1.000000000001E-02));
#4736 = CARTESIAN_POINT('',(0.,-1.000000000001E-02));
#4737 = ( GEOMETRIC_REPRESENTATION_CONTEXT(2) 
PARAMETRIC_REPRESENTATION_CONTEXT() REPRESENTATION_CONTEXT('2D SPACE',''
  ) );
#4738 = FACE_BOUND('',#4739,.F.);
#4739 = EDGE_LOOP('',(#4740));
#4740 = ORIENTED_EDGE('',*,*,#4741,.F.);
#4741 = EDGE_CURVE('',#4742,#4742,#4744,.T.);
#4742 = VERTEX_POINT('',#4743);
#4743 = CARTESIAN_POINT('',(-112.575,90.,96.5));
#4744 = SURFACE_CURVE('',#4745,(#4750,#4757),.PCURVE_S1.);
#4745 = CIRCLE('',#4746,1.775);
#4746 = AXIS2_PLACEMENT_3D('',#4747,#4748,#4749);
#4747 = CARTESIAN_POINT('',(-114.35,90.,96.5));
#4748 = DIRECTION('',(0.,1.,2.22044604925E-16));
#4749 = DIRECTION('',(1.,0.,-0.));
#4750 = PCURVE('',#44,#4751);
#4751 = DEFINITIONAL_REPRESENTATION('',(#4752),#4756);
#4752 = CIRCLE('',#4753,1.775);
#4753 = AXIS2_PLACEMENT_2D('',#4754,#4755);
#4754 = CARTESIAN_POINT('',(101.5,125.));
#4755 = DIRECTION('',(0.,1.));
#4756 = ( GEOMETRIC_REPRESENTATION_CONTEXT(2) 
PARAMETRIC_REPRESENTATION_CONTEXT() REPRESENTATION_CONTEXT('2D SPACE',''
  ) );
#4757 = PCURVE('',#4758,#4763);
#4758 = CYLINDRICAL_SURFACE('',#4759,1.775);
#4759 = AXIS2_PLACEMENT_3D('',#4760,#4761,#4762);
#4760 = CARTESIAN_POINT('',(-114.35,89.99,96.5));
#4761 = DIRECTION('',(0.,1.,2.22044604925E-16));
#4762 = DIRECTION('',(1.,0.,-0.));
#4763 = DEFINITIONAL_REPRESENTATION('',(#4764),#4768);
#4764 = LINE('',#4765,#4766);
#4765 = CARTESIAN_POINT('',(0.,1.000000000001E-02));
#4766 = VECTOR('',#4767,1.);
#4767 = DIRECTION('',(1.,0.));
#4768 = ( GEOMETRIC_REPRESENTATION_CONTEXT(2) 
PARAMETRIC_REPRESENTATION_CONTEXT() REPRESENTATION_CONTEXT('2D SPACE',''
  ) );
#4769 = FACE_BOUND('',#4770,.F.);
#4770 = EDGE_LOOP('',(#4771,#4799,#4825,#4851));
#4771 = ORIENTED_EDGE('',*,*,#4772,.F.);
#4772 = EDGE_CURVE('',#4773,#4775,#4777,.T.);
#4773 = VERTEX_POINT('',#4774);
#4774 = CARTESIAN_POINT('',(-111.35,90.,92.5));
#4775 = VERTEX_POINT('',#4776);
#4776 = CARTESIAN_POINT('',(-108.35,90.,92.5));
#4777 = SURFACE_CURVE('',#4778,(#4782,#4788),.PCURVE_S1.);
#4778 = LINE('',#4779,#4780);
#4779 = CARTESIAN_POINT('',(-175.35,90.,92.5));
#4780 = VECTOR('',#4781,1.);
#4781 = DIRECTION('',(1.,0.,-0.));
#4782 = PCURVE('',#44,#4783);
#4783 = DEFINITIONAL_REPRESENTATION('',(#4784),#4787);
#4784 = B_SPLINE_CURVE_WITH_KNOTS('',1,(#4785,#4786),.UNSPECIFIED.,.F.,
  .F.,(2,2),(64.,67.),.PIECEWISE_BEZIER_KNOTS.);
#4785 = CARTESIAN_POINT('',(97.5,128.));
#4786 = CARTESIAN_POINT('',(97.5,131.));
#4787 = ( GEOMETRIC_REPRESENTATION_CONTEXT(2) 
PARAMETRIC_REPRESENTATION_CONTEXT() REPRESENTATION_CONTEXT('2D SPACE',''
  ) );
#4788 = PCURVE('',#4789,#4794);
#4789 = PLANE('',#4790);
#4790 = AXIS2_PLACEMENT_3D('',#4791,#4792,#4793);
#4791 = CARTESIAN_POINT('',(-111.35,89.99,92.5));
#4792 = DIRECTION('',(0.,0.,1.));
#4793 = DIRECTION('',(1.,0.,-0.));
#4794 = DEFINITIONAL_REPRESENTATION('',(#4795),#4798);
#4795 = B_SPLINE_CURVE_WITH_KNOTS('',1,(#4796,#4797),.UNSPECIFIED.,.F.,
  .F.,(2,2),(64.,67.),.PIECEWISE_BEZIER_KNOTS.);
#4796 = CARTESIAN_POINT('',(0.,1.000000000001E-02));
#4797 = CARTESIAN_POINT('',(3.,1.000000000001E-02));
#4798 = ( GEOMETRIC_REPRESENTATION_CONTEXT(2) 
PARAMETRIC_REPRESENTATION_CONTEXT() REPRESENTATION_CONTEXT('2D SPACE',''
  ) );
#4799 = ORIENTED_EDGE('',*,*,#4800,.T.);
#4800 = EDGE_CURVE('',#4773,#4801,#4803,.T.);
#4801 = VERTEX_POINT('',#4802);
#4802 = CARTESIAN_POINT('',(-111.35,90.,78.5));
#4803 = SURFACE_CURVE('',#4804,(#4808,#4814),.PCURVE_S1.);
#4804 = LINE('',#4805,#4806);
#4805 = CARTESIAN_POINT('',(-111.35,90.,36.75));
#4806 = VECTOR('',#4807,1.);
#4807 = DIRECTION('',(-0.,0.,-1.));
#4808 = PCURVE('',#44,#4809);
#4809 = DEFINITIONAL_REPRESENTATION('',(#4810),#4813);
#4810 = B_SPLINE_CURVE_WITH_KNOTS('',1,(#4811,#4812),.UNSPECIFIED.,.F.,
  .F.,(2,2),(-55.75,-41.75),.PIECEWISE_BEZIER_KNOTS.);
#4811 = CARTESIAN_POINT('',(97.5,128.));
#4812 = CARTESIAN_POINT('',(83.5,128.));
#4813 = ( GEOMETRIC_REPRESENTATION_CONTEXT(2) 
PARAMETRIC_REPRESENTATION_CONTEXT() REPRESENTATION_CONTEXT('2D SPACE',''
  ) );
#4814 = PCURVE('',#4815,#4820);
#4815 = PLANE('',#4816);
#4816 = AXIS2_PLACEMENT_3D('',#4817,#4818,#4819);
#4817 = CARTESIAN_POINT('',(-111.35,89.99,78.5));
#4818 = DIRECTION('',(1.,0.,-0.));
#4819 = DIRECTION('',(0.,0.,1.));
#4820 = DEFINITIONAL_REPRESENTATION('',(#4821),#4824);
#4821 = B_SPLINE_CURVE_WITH_KNOTS('',1,(#4822,#4823),.UNSPECIFIED.,.F.,
  .F.,(2,2),(-55.75,-41.75),.PIECEWISE_BEZIER_KNOTS.);
#4822 = CARTESIAN_POINT('',(14.,-1.000000000001E-02));
#4823 = CARTESIAN_POINT('',(0.,-1.000000000001E-02));
#4824 = ( GEOMETRIC_REPRESENTATION_CONTEXT(2) 
PARAMETRIC_REPRESENTATION_CONTEXT() REPRESENTATION_CONTEXT('2D SPACE',''
  ) );
#4825 = ORIENTED_EDGE('',*,*,#4826,.T.);
#4826 = EDGE_CURVE('',#4801,#4827,#4829,.T.);
#4827 = VERTEX_POINT('',#4828);
#4828 = CARTESIAN_POINT('',(-108.35,90.,78.5));
#4829 = SURFACE_CURVE('',#4830,(#4834,#4840),.PCURVE_S1.);
#4830 = LINE('',#4831,#4832);
#4831 = CARTESIAN_POINT('',(-175.35,90.,78.5));
#4832 = VECTOR('',#4833,1.);
#4833 = DIRECTION('',(1.,0.,-0.));
#4834 = PCURVE('',#44,#4835);
#4835 = DEFINITIONAL_REPRESENTATION('',(#4836),#4839);
#4836 = B_SPLINE_CURVE_WITH_KNOTS('',1,(#4837,#4838),.UNSPECIFIED.,.F.,
  .F.,(2,2),(64.,67.),.PIECEWISE_BEZIER_KNOTS.);
#4837 = CARTESIAN_POINT('',(83.5,128.));
#4838 = CARTESIAN_POINT('',(83.5,131.));
#4839 = ( GEOMETRIC_REPRESENTATION_CONTEXT(2) 
PARAMETRIC_REPRESENTATION_CONTEXT() REPRESENTATION_CONTEXT('2D SPACE',''
  ) );
#4840 = PCURVE('',#4841,#4846);
#4841 = PLANE('',#4842);
#4842 = AXIS2_PLACEMENT_3D('',#4843,#4844,#4845);
#4843 = CARTESIAN_POINT('',(-111.35,89.99,78.5));
#4844 = DIRECTION('',(0.,0.,1.));
#4845 = DIRECTION('',(1.,0.,-0.));
#4846 = DEFINITIONAL_REPRESENTATION('',(#4847),#4850);
#4847 = B_SPLINE_CURVE_WITH_KNOTS('',1,(#4848,#4849),.UNSPECIFIED.,.F.,
  .F.,(2,2),(64.,67.),.PIECEWISE_BEZIER_KNOTS.);
#4848 = CARTESIAN_POINT('',(0.,1.000000000001E-02));
#4849 = CARTESIAN_POINT('',(3.,1.000000000001E-02));
#4850 = ( GEOMETRIC_REPRESENTATION_CONTEXT(2) 
PARAMETRIC_REPRESENTATION_CONTEXT() REPRESENTATION_CONTEXT('2D SPACE',''
  ) );
#4851 = ORIENTED_EDGE('',*,*,#4852,.F.);
#4852 = EDGE_CURVE('',#4775,#4827,#4853,.T.);
#4853 = SURFACE_CURVE('',#4854,(#4858,#4864),.PCURVE_S1.);
#4854 = LINE('',#4855,#4856);
#4855 = CARTESIAN_POINT('',(-108.35,90.,36.75));
#4856 = VECTOR('',#4857,1.);
#4857 = DIRECTION('',(-0.,0.,-1.));
#4858 = PCURVE('',#44,#4859);
#4859 = DEFINITIONAL_REPRESENTATION('',(#4860),#4863);
#4860 = B_SPLINE_CURVE_WITH_KNOTS('',1,(#4861,#4862),.UNSPECIFIED.,.F.,
  .F.,(2,2),(-55.75,-41.75),.PIECEWISE_BEZIER_KNOTS.);
#4861 = CARTESIAN_POINT('',(97.5,131.));
#4862 = CARTESIAN_POINT('',(83.5,131.));
#4863 = ( GEOMETRIC_REPRESENTATION_CONTEXT(2) 
PARAMETRIC_REPRESENTATION_CONTEXT() REPRESENTATION_CONTEXT('2D SPACE',''
  ) );
#4864 = PCURVE('',#4865,#4870);
#4865 = PLANE('',#4866);
#4866 = AXIS2_PLACEMENT_3D('',#4867,#4868,#4869);
#4867 = CARTESIAN_POINT('',(-108.35,89.99,78.5));
#4868 = DIRECTION('',(1.,0.,-0.));
#4869 = DIRECTION('',(0.,0.,1.));
#4870 = DEFINITIONAL_REPRESENTATION('',(#4871),#4874);
#4871 = B_SPLINE_CURVE_WITH_KNOTS('',1,(#4872,#4873),.UNSPECIFIED.,.F.,
  .F.,(2,2),(-55.75,-41.75),.PIECEWISE_BEZIER_KNOTS.);
#4872 = CARTESIAN_POINT('',(14.,-1.000000000001E-02));
#4873 = CARTESIAN_POINT('',(0.,-1.000000000001E-02));
#4874 = ( GEOMETRIC_REPRESENTATION_CONTEXT(2) 
PARAMETRIC_REPRESENTATION_CONTEXT() REPRESENTATION_CONTEXT('2D SPACE',''
  ) );
#4875 = ADVANCED_FACE('',(#4876),#126,.T.);
#4876 = FACE_BOUND('',#4877,.T.);
#4877 = EDGE_LOOP('',(#4878,#4879,#4880,#4903));
#4878 = ORIENTED_EDGE('',*,*,#112,.F.);
#4879 = ORIENTED_EDGE('',*,*,#165,.T.);
#4880 = ORIENTED_EDGE('',*,*,#4881,.T.);
#4881 = EDGE_CURVE('',#166,#4882,#4884,.T.);
#4882 = VERTEX_POINT('',#4883);
#4883 = CARTESIAN_POINT('',(-89.35,93.,104.5));
#4884 = SURFACE_CURVE('',#4885,(#4889,#4896),.PCURVE_S1.);
#4885 = LINE('',#4886,#4887);
#4886 = CARTESIAN_POINT('',(-89.35,90.,104.5));
#4887 = VECTOR('',#4888,1.);
#4888 = DIRECTION('',(-0.,1.,0.));
#4889 = PCURVE('',#126,#4890);
#4890 = DEFINITIONAL_REPRESENTATION('',(#4891),#4895);
#4891 = LINE('',#4892,#4893);
#4892 = CARTESIAN_POINT('',(150.,0.));
#4893 = VECTOR('',#4894,1.);
#4894 = DIRECTION('',(0.,1.));
#4895 = ( GEOMETRIC_REPRESENTATION_CONTEXT(2) 
PARAMETRIC_REPRESENTATION_CONTEXT() REPRESENTATION_CONTEXT('2D SPACE',''
  ) );
#4896 = PCURVE('',#202,#4897);
#4897 = DEFINITIONAL_REPRESENTATION('',(#4898),#4902);
#4898 = LINE('',#4899,#4900);
#4899 = CARTESIAN_POINT('',(109.5,0.));
#4900 = VECTOR('',#4901,1.);
#4901 = DIRECTION('',(0.,-1.));
#4902 = ( GEOMETRIC_REPRESENTATION_CONTEXT(2) 
PARAMETRIC_REPRESENTATION_CONTEXT() REPRESENTATION_CONTEXT('2D SPACE',''
  ) );
#4903 = ORIENTED_EDGE('',*,*,#4904,.F.);
#4904 = EDGE_CURVE('',#85,#4882,#4905,.T.);
#4905 = SURFACE_CURVE('',#4906,(#4910,#4917),.PCURVE_S1.);
#4906 = LINE('',#4907,#4908);
#4907 = CARTESIAN_POINT('',(-239.35,93.,104.5));
#4908 = VECTOR('',#4909,1.);
#4909 = DIRECTION('',(1.,0.,-0.));
#4910 = PCURVE('',#126,#4911);
#4911 = DEFINITIONAL_REPRESENTATION('',(#4912),#4916);
#4912 = LINE('',#4913,#4914);
#4913 = CARTESIAN_POINT('',(0.,3.));
#4914 = VECTOR('',#4915,1.);
#4915 = DIRECTION('',(1.,0.));
#4916 = ( GEOMETRIC_REPRESENTATION_CONTEXT(2) 
PARAMETRIC_REPRESENTATION_CONTEXT() REPRESENTATION_CONTEXT('2D SPACE',''
  ) );
#4917 = PCURVE('',#100,#4918);
#4918 = DEFINITIONAL_REPRESENTATION('',(#4919),#4923);
#4919 = LINE('',#4920,#4921);
#4920 = CARTESIAN_POINT('',(109.5,0.));
#4921 = VECTOR('',#4922,1.);
#4922 = DIRECTION('',(0.,1.));
#4923 = ( GEOMETRIC_REPRESENTATION_CONTEXT(2) 
PARAMETRIC_REPRESENTATION_CONTEXT() REPRESENTATION_CONTEXT('2D SPACE',''
  ) );
#4924 = ADVANCED_FACE('',(#4925,#4973,#5059,#5090,#5176,#5262,#5348,
    #5379,#5465,#5551,#5637,#5723,#5809,#5895,#5926,#6012,#6098,#6184,
    #6270,#6301,#6393,#6479,#6565,#6651,#6737,#6823,#6909,#6940,#7026,
    #7112,#7198,#7284,#7370,#7456,#7542,#7568,#7599,#7685,#7771,#7857,
    #7888,#7974,#8060,#8146,#8232,#8318,#8404,#8490,#8521,#8607,#8693,
    #8779),#100,.T.);
#4925 = FACE_BOUND('',#4926,.T.);
#4926 = EDGE_LOOP('',(#4927,#4950,#4951,#4952));
#4927 = ORIENTED_EDGE('',*,*,#4928,.F.);
#4928 = EDGE_CURVE('',#57,#4929,#4931,.T.);
#4929 = VERTEX_POINT('',#4930);
#4930 = CARTESIAN_POINT('',(-89.35,93.,-5.));
#4931 = SURFACE_CURVE('',#4932,(#4936,#4943),.PCURVE_S1.);
#4932 = LINE('',#4933,#4934);
#4933 = CARTESIAN_POINT('',(-239.35,93.,-5.));
#4934 = VECTOR('',#4935,1.);
#4935 = DIRECTION('',(1.,0.,-0.));
#4936 = PCURVE('',#100,#4937);
#4937 = DEFINITIONAL_REPRESENTATION('',(#4938),#4942);
#4938 = LINE('',#4939,#4940);
#4939 = CARTESIAN_POINT('',(0.,0.));
#4940 = VECTOR('',#4941,1.);
#4941 = DIRECTION('',(0.,1.));
#4942 = ( GEOMETRIC_REPRESENTATION_CONTEXT(2) 
PARAMETRIC_REPRESENTATION_CONTEXT() REPRESENTATION_CONTEXT('2D SPACE',''
  ) );
#4943 = PCURVE('',#72,#4944);
#4944 = DEFINITIONAL_REPRESENTATION('',(#4945),#4949);
#4945 = LINE('',#4946,#4947);
#4946 = CARTESIAN_POINT('',(0.,3.));
#4947 = VECTOR('',#4948,1.);
#4948 = DIRECTION('',(1.,0.));
#4949 = ( GEOMETRIC_REPRESENTATION_CONTEXT(2) 
PARAMETRIC_REPRESENTATION_CONTEXT() REPRESENTATION_CONTEXT('2D SPACE',''
  ) );
#4950 = ORIENTED_EDGE('',*,*,#84,.T.);
#4951 = ORIENTED_EDGE('',*,*,#4904,.T.);
#4952 = ORIENTED_EDGE('',*,*,#4953,.F.);
#4953 = EDGE_CURVE('',#4929,#4882,#4954,.T.);
#4954 = SURFACE_CURVE('',#4955,(#4959,#4966),.PCURVE_S1.);
#4955 = LINE('',#4956,#4957);
#4956 = CARTESIAN_POINT('',(-89.35,93.,-5.));
#4957 = VECTOR('',#4958,1.);
#4958 = DIRECTION('',(0.,0.,1.));
#4959 = PCURVE('',#100,#4960);
#4960 = DEFINITIONAL_REPRESENTATION('',(#4961),#4965);
#4961 = LINE('',#4962,#4963);
#4962 = CARTESIAN_POINT('',(0.,150.));
#4963 = VECTOR('',#4964,1.);
#4964 = DIRECTION('',(1.,0.));
#4965 = ( GEOMETRIC_REPRESENTATION_CONTEXT(2) 
PARAMETRIC_REPRESENTATION_CONTEXT() REPRESENTATION_CONTEXT('2D SPACE',''
  ) );
#4966 = PCURVE('',#202,#4967);
#4967 = DEFINITIONAL_REPRESENTATION('',(#4968),#4972);
#4968 = LINE('',#4969,#4970);
#4969 = CARTESIAN_POINT('',(0.,-3.));
#4970 = VECTOR('',#4971,1.);
#4971 = DIRECTION('',(1.,0.));
#4972 = ( GEOMETRIC_REPRESENTATION_CONTEXT(2) 
PARAMETRIC_REPRESENTATION_CONTEXT() REPRESENTATION_CONTEXT('2D SPACE',''
  ) );
#4973 = FACE_BOUND('',#4974,.T.);
#4974 = EDGE_LOOP('',(#4975,#4998,#5019,#5040));
#4975 = ORIENTED_EDGE('',*,*,#4976,.F.);
#4976 = EDGE_CURVE('',#4977,#4979,#4981,.T.);
#4977 = VERTEX_POINT('',#4978);
#4978 = CARTESIAN_POINT('',(-225.35,93.,23.));
#4979 = VERTEX_POINT('',#4980);
#4980 = CARTESIAN_POINT('',(-222.35,93.,23.));
#4981 = SURFACE_CURVE('',#4982,(#4986,#4992),.PCURVE_S1.);
#4982 = LINE('',#4983,#4984);
#4983 = CARTESIAN_POINT('',(-232.35,93.,23.));
#4984 = VECTOR('',#4985,1.);
#4985 = DIRECTION('',(1.,0.,-0.));
#4986 = PCURVE('',#100,#4987);
#4987 = DEFINITIONAL_REPRESENTATION('',(#4988),#4991);
#4988 = B_SPLINE_CURVE_WITH_KNOTS('',1,(#4989,#4990),.UNSPECIFIED.,.F.,
  .F.,(2,2),(7.,10.),.PIECEWISE_BEZIER_KNOTS.);
#4989 = CARTESIAN_POINT('',(28.,14.));
#4990 = CARTESIAN_POINT('',(28.,17.));
#4991 = ( GEOMETRIC_REPRESENTATION_CONTEXT(2) 
PARAMETRIC_REPRESENTATION_CONTEXT() REPRESENTATION_CONTEXT('2D SPACE',''
  ) );
#4992 = PCURVE('',#233,#4993);
#4993 = DEFINITIONAL_REPRESENTATION('',(#4994),#4997);
#4994 = B_SPLINE_CURVE_WITH_KNOTS('',1,(#4995,#4996),.UNSPECIFIED.,.F.,
  .F.,(2,2),(7.,10.),.PIECEWISE_BEZIER_KNOTS.);
#4995 = CARTESIAN_POINT('',(0.,3.01));
#4996 = CARTESIAN_POINT('',(3.,3.01));
#4997 = ( GEOMETRIC_REPRESENTATION_CONTEXT(2) 
PARAMETRIC_REPRESENTATION_CONTEXT() REPRESENTATION_CONTEXT('2D SPACE',''
  ) );
#4998 = ORIENTED_EDGE('',*,*,#4999,.T.);
#4999 = EDGE_CURVE('',#4977,#5000,#5002,.T.);
#5000 = VERTEX_POINT('',#5001);
#5001 = CARTESIAN_POINT('',(-225.35,93.,9.));
#5002 = SURFACE_CURVE('',#5003,(#5007,#5013),.PCURVE_S1.);
#5003 = LINE('',#5004,#5005);
#5004 = CARTESIAN_POINT('',(-225.35,93.,2.));
#5005 = VECTOR('',#5006,1.);
#5006 = DIRECTION('',(-0.,0.,-1.));
#5007 = PCURVE('',#100,#5008);
#5008 = DEFINITIONAL_REPRESENTATION('',(#5009),#5012);
#5009 = B_SPLINE_CURVE_WITH_KNOTS('',1,(#5010,#5011),.UNSPECIFIED.,.F.,
  .F.,(2,2),(-21.,-7.),.PIECEWISE_BEZIER_KNOTS.);
#5010 = CARTESIAN_POINT('',(28.,14.));
#5011 = CARTESIAN_POINT('',(14.,14.));
#5012 = ( GEOMETRIC_REPRESENTATION_CONTEXT(2) 
PARAMETRIC_REPRESENTATION_CONTEXT() REPRESENTATION_CONTEXT('2D SPACE',''
  ) );
#5013 = PCURVE('',#259,#5014);
#5014 = DEFINITIONAL_REPRESENTATION('',(#5015),#5018);
#5015 = B_SPLINE_CURVE_WITH_KNOTS('',1,(#5016,#5017),.UNSPECIFIED.,.F.,
  .F.,(2,2),(-21.,-7.),.PIECEWISE_BEZIER_KNOTS.);
#5016 = CARTESIAN_POINT('',(14.,-3.01));
#5017 = CARTESIAN_POINT('',(0.,-3.01));
#5018 = ( GEOMETRIC_REPRESENTATION_CONTEXT(2) 
PARAMETRIC_REPRESENTATION_CONTEXT() REPRESENTATION_CONTEXT('2D SPACE',''
  ) );
#5019 = ORIENTED_EDGE('',*,*,#5020,.T.);
#5020 = EDGE_CURVE('',#5000,#5021,#5023,.T.);
#5021 = VERTEX_POINT('',#5022);
#5022 = CARTESIAN_POINT('',(-222.35,93.,9.));
#5023 = SURFACE_CURVE('',#5024,(#5028,#5034),.PCURVE_S1.);
#5024 = LINE('',#5025,#5026);
#5025 = CARTESIAN_POINT('',(-232.35,93.,9.));
#5026 = VECTOR('',#5027,1.);
#5027 = DIRECTION('',(1.,0.,-0.));
#5028 = PCURVE('',#100,#5029);
#5029 = DEFINITIONAL_REPRESENTATION('',(#5030),#5033);
#5030 = B_SPLINE_CURVE_WITH_KNOTS('',1,(#5031,#5032),.UNSPECIFIED.,.F.,
  .F.,(2,2),(7.,10.),.PIECEWISE_BEZIER_KNOTS.);
#5031 = CARTESIAN_POINT('',(14.,14.));
#5032 = CARTESIAN_POINT('',(14.,17.));
#5033 = ( GEOMETRIC_REPRESENTATION_CONTEXT(2) 
PARAMETRIC_REPRESENTATION_CONTEXT() REPRESENTATION_CONTEXT('2D SPACE',''
  ) );
#5034 = PCURVE('',#285,#5035);
#5035 = DEFINITIONAL_REPRESENTATION('',(#5036),#5039);
#5036 = B_SPLINE_CURVE_WITH_KNOTS('',1,(#5037,#5038),.UNSPECIFIED.,.F.,
  .F.,(2,2),(7.,10.),.PIECEWISE_BEZIER_KNOTS.);
#5037 = CARTESIAN_POINT('',(0.,3.01));
#5038 = CARTESIAN_POINT('',(3.,3.01));
#5039 = ( GEOMETRIC_REPRESENTATION_CONTEXT(2) 
PARAMETRIC_REPRESENTATION_CONTEXT() REPRESENTATION_CONTEXT('2D SPACE',''
  ) );
#5040 = ORIENTED_EDGE('',*,*,#5041,.F.);
#5041 = EDGE_CURVE('',#4979,#5021,#5042,.T.);
#5042 = SURFACE_CURVE('',#5043,(#5047,#5053),.PCURVE_S1.);
#5043 = LINE('',#5044,#5045);
#5044 = CARTESIAN_POINT('',(-222.35,93.,2.));
#5045 = VECTOR('',#5046,1.);
#5046 = DIRECTION('',(-0.,0.,-1.));
#5047 = PCURVE('',#100,#5048);
#5048 = DEFINITIONAL_REPRESENTATION('',(#5049),#5052);
#5049 = B_SPLINE_CURVE_WITH_KNOTS('',1,(#5050,#5051),.UNSPECIFIED.,.F.,
  .F.,(2,2),(-21.,-7.),.PIECEWISE_BEZIER_KNOTS.);
#5050 = CARTESIAN_POINT('',(28.,17.));
#5051 = CARTESIAN_POINT('',(14.,17.));
#5052 = ( GEOMETRIC_REPRESENTATION_CONTEXT(2) 
PARAMETRIC_REPRESENTATION_CONTEXT() REPRESENTATION_CONTEXT('2D SPACE',''
  ) );
#5053 = PCURVE('',#309,#5054);
#5054 = DEFINITIONAL_REPRESENTATION('',(#5055),#5058);
#5055 = B_SPLINE_CURVE_WITH_KNOTS('',1,(#5056,#5057),.UNSPECIFIED.,.F.,
  .F.,(2,2),(-21.,-7.),.PIECEWISE_BEZIER_KNOTS.);
#5056 = CARTESIAN_POINT('',(14.,-3.01));
#5057 = CARTESIAN_POINT('',(0.,-3.01));
#5058 = ( GEOMETRIC_REPRESENTATION_CONTEXT(2) 
PARAMETRIC_REPRESENTATION_CONTEXT() REPRESENTATION_CONTEXT('2D SPACE',''
  ) );
#5059 = FACE_BOUND('',#5060,.T.);
#5060 = EDGE_LOOP('',(#5061));
#5061 = ORIENTED_EDGE('',*,*,#5062,.F.);
#5062 = EDGE_CURVE('',#5063,#5063,#5065,.T.);
#5063 = VERTEX_POINT('',#5064);
#5064 = CARTESIAN_POINT('',(-211.225,93.,5.));
#5065 = SURFACE_CURVE('',#5066,(#5071,#5078),.PCURVE_S1.);
#5066 = CIRCLE('',#5067,3.125);
#5067 = AXIS2_PLACEMENT_3D('',#5068,#5069,#5070);
#5068 = CARTESIAN_POINT('',(-214.35,93.,5.));
#5069 = DIRECTION('',(0.,1.,2.22044604925E-16));
#5070 = DIRECTION('',(1.,0.,-0.));
#5071 = PCURVE('',#100,#5072);
#5072 = DEFINITIONAL_REPRESENTATION('',(#5073),#5077);
#5073 = CIRCLE('',#5074,3.125);
#5074 = AXIS2_PLACEMENT_2D('',#5075,#5076);
#5075 = CARTESIAN_POINT('',(10.,25.));
#5076 = DIRECTION('',(0.,1.));
#5077 = ( GEOMETRIC_REPRESENTATION_CONTEXT(2) 
PARAMETRIC_REPRESENTATION_CONTEXT() REPRESENTATION_CONTEXT('2D SPACE',''
  ) );
#5078 = PCURVE('',#5079,#5084);
#5079 = CYLINDRICAL_SURFACE('',#5080,3.125);
#5080 = AXIS2_PLACEMENT_3D('',#5081,#5082,#5083);
#5081 = CARTESIAN_POINT('',(-214.35,91.4,5.));
#5082 = DIRECTION('',(0.,1.,2.22044604925E-16));
#5083 = DIRECTION('',(1.,0.,-0.));
#5084 = DEFINITIONAL_REPRESENTATION('',(#5085),#5089);
#5085 = LINE('',#5086,#5087);
#5086 = CARTESIAN_POINT('',(0.,1.6));
#5087 = VECTOR('',#5088,1.);
#5088 = DIRECTION('',(1.,0.));
#5089 = ( GEOMETRIC_REPRESENTATION_CONTEXT(2) 
PARAMETRIC_REPRESENTATION_CONTEXT() REPRESENTATION_CONTEXT('2D SPACE',''
  ) );
#5090 = FACE_BOUND('',#5091,.T.);
#5091 = EDGE_LOOP('',(#5092,#5115,#5136,#5157));
#5092 = ORIENTED_EDGE('',*,*,#5093,.F.);
#5093 = EDGE_CURVE('',#5094,#5096,#5098,.T.);
#5094 = VERTEX_POINT('',#5095);
#5095 = CARTESIAN_POINT('',(-219.35,93.,23.));
#5096 = VERTEX_POINT('',#5097);
#5097 = CARTESIAN_POINT('',(-216.35,93.,23.));
#5098 = SURFACE_CURVE('',#5099,(#5103,#5109),.PCURVE_S1.);
#5099 = LINE('',#5100,#5101);
#5100 = CARTESIAN_POINT('',(-229.35,93.,23.));
#5101 = VECTOR('',#5102,1.);
#5102 = DIRECTION('',(1.,0.,-0.));
#5103 = PCURVE('',#100,#5104);
#5104 = DEFINITIONAL_REPRESENTATION('',(#5105),#5108);
#5105 = B_SPLINE_CURVE_WITH_KNOTS('',1,(#5106,#5107),.UNSPECIFIED.,.F.,
  .F.,(2,2),(10.,13.),.PIECEWISE_BEZIER_KNOTS.);
#5106 = CARTESIAN_POINT('',(28.,20.));
#5107 = CARTESIAN_POINT('',(28.,23.));
#5108 = ( GEOMETRIC_REPRESENTATION_CONTEXT(2) 
PARAMETRIC_REPRESENTATION_CONTEXT() REPRESENTATION_CONTEXT('2D SPACE',''
  ) );
#5109 = PCURVE('',#370,#5110);
#5110 = DEFINITIONAL_REPRESENTATION('',(#5111),#5114);
#5111 = B_SPLINE_CURVE_WITH_KNOTS('',1,(#5112,#5113),.UNSPECIFIED.,.F.,
  .F.,(2,2),(10.,13.),.PIECEWISE_BEZIER_KNOTS.);
#5112 = CARTESIAN_POINT('',(0.,3.01));
#5113 = CARTESIAN_POINT('',(3.,3.01));
#5114 = ( GEOMETRIC_REPRESENTATION_CONTEXT(2) 
PARAMETRIC_REPRESENTATION_CONTEXT() REPRESENTATION_CONTEXT('2D SPACE',''
  ) );
#5115 = ORIENTED_EDGE('',*,*,#5116,.T.);
#5116 = EDGE_CURVE('',#5094,#5117,#5119,.T.);
#5117 = VERTEX_POINT('',#5118);
#5118 = CARTESIAN_POINT('',(-219.35,93.,9.));
#5119 = SURFACE_CURVE('',#5120,(#5124,#5130),.PCURVE_S1.);
#5120 = LINE('',#5121,#5122);
#5121 = CARTESIAN_POINT('',(-219.35,93.,2.));
#5122 = VECTOR('',#5123,1.);
#5123 = DIRECTION('',(-0.,0.,-1.));
#5124 = PCURVE('',#100,#5125);
#5125 = DEFINITIONAL_REPRESENTATION('',(#5126),#5129);
#5126 = B_SPLINE_CURVE_WITH_KNOTS('',1,(#5127,#5128),.UNSPECIFIED.,.F.,
  .F.,(2,2),(-21.,-7.),.PIECEWISE_BEZIER_KNOTS.);
#5127 = CARTESIAN_POINT('',(28.,20.));
#5128 = CARTESIAN_POINT('',(14.,20.));
#5129 = ( GEOMETRIC_REPRESENTATION_CONTEXT(2) 
PARAMETRIC_REPRESENTATION_CONTEXT() REPRESENTATION_CONTEXT('2D SPACE',''
  ) );
#5130 = PCURVE('',#396,#5131);
#5131 = DEFINITIONAL_REPRESENTATION('',(#5132),#5135);
#5132 = B_SPLINE_CURVE_WITH_KNOTS('',1,(#5133,#5134),.UNSPECIFIED.,.F.,
  .F.,(2,2),(-21.,-7.),.PIECEWISE_BEZIER_KNOTS.);
#5133 = CARTESIAN_POINT('',(14.,-3.01));
#5134 = CARTESIAN_POINT('',(0.,-3.01));
#5135 = ( GEOMETRIC_REPRESENTATION_CONTEXT(2) 
PARAMETRIC_REPRESENTATION_CONTEXT() REPRESENTATION_CONTEXT('2D SPACE',''
  ) );
#5136 = ORIENTED_EDGE('',*,*,#5137,.T.);
#5137 = EDGE_CURVE('',#5117,#5138,#5140,.T.);
#5138 = VERTEX_POINT('',#5139);
#5139 = CARTESIAN_POINT('',(-216.35,93.,9.));
#5140 = SURFACE_CURVE('',#5141,(#5145,#5151),.PCURVE_S1.);
#5141 = LINE('',#5142,#5143);
#5142 = CARTESIAN_POINT('',(-229.35,93.,9.));
#5143 = VECTOR('',#5144,1.);
#5144 = DIRECTION('',(1.,0.,-0.));
#5145 = PCURVE('',#100,#5146);
#5146 = DEFINITIONAL_REPRESENTATION('',(#5147),#5150);
#5147 = B_SPLINE_CURVE_WITH_KNOTS('',1,(#5148,#5149),.UNSPECIFIED.,.F.,
  .F.,(2,2),(10.,13.),.PIECEWISE_BEZIER_KNOTS.);
#5148 = CARTESIAN_POINT('',(14.,20.));
#5149 = CARTESIAN_POINT('',(14.,23.));
#5150 = ( GEOMETRIC_REPRESENTATION_CONTEXT(2) 
PARAMETRIC_REPRESENTATION_CONTEXT() REPRESENTATION_CONTEXT('2D SPACE',''
  ) );
#5151 = PCURVE('',#422,#5152);
#5152 = DEFINITIONAL_REPRESENTATION('',(#5153),#5156);
#5153 = B_SPLINE_CURVE_WITH_KNOTS('',1,(#5154,#5155),.UNSPECIFIED.,.F.,
  .F.,(2,2),(10.,13.),.PIECEWISE_BEZIER_KNOTS.);
#5154 = CARTESIAN_POINT('',(0.,3.01));
#5155 = CARTESIAN_POINT('',(3.,3.01));
#5156 = ( GEOMETRIC_REPRESENTATION_CONTEXT(2) 
PARAMETRIC_REPRESENTATION_CONTEXT() REPRESENTATION_CONTEXT('2D SPACE',''
  ) );
#5157 = ORIENTED_EDGE('',*,*,#5158,.F.);
#5158 = EDGE_CURVE('',#5096,#5138,#5159,.T.);
#5159 = SURFACE_CURVE('',#5160,(#5164,#5170),.PCURVE_S1.);
#5160 = LINE('',#5161,#5162);
#5161 = CARTESIAN_POINT('',(-216.35,93.,2.));
#5162 = VECTOR('',#5163,1.);
#5163 = DIRECTION('',(-0.,0.,-1.));
#5164 = PCURVE('',#100,#5165);
#5165 = DEFINITIONAL_REPRESENTATION('',(#5166),#5169);
#5166 = B_SPLINE_CURVE_WITH_KNOTS('',1,(#5167,#5168),.UNSPECIFIED.,.F.,
  .F.,(2,2),(-21.,-7.),.PIECEWISE_BEZIER_KNOTS.);
#5167 = CARTESIAN_POINT('',(28.,23.));
#5168 = CARTESIAN_POINT('',(14.,23.));
#5169 = ( GEOMETRIC_REPRESENTATION_CONTEXT(2) 
PARAMETRIC_REPRESENTATION_CONTEXT() REPRESENTATION_CONTEXT('2D SPACE',''
  ) );
#5170 = PCURVE('',#446,#5171);
#5171 = DEFINITIONAL_REPRESENTATION('',(#5172),#5175);
#5172 = B_SPLINE_CURVE_WITH_KNOTS('',1,(#5173,#5174),.UNSPECIFIED.,.F.,
  .F.,(2,2),(-21.,-7.),.PIECEWISE_BEZIER_KNOTS.);
#5173 = CARTESIAN_POINT('',(14.,-3.01));
#5174 = CARTESIAN_POINT('',(0.,-3.01));
#5175 = ( GEOMETRIC_REPRESENTATION_CONTEXT(2) 
PARAMETRIC_REPRESENTATION_CONTEXT() REPRESENTATION_CONTEXT('2D SPACE',''
  ) );
#5176 = FACE_BOUND('',#5177,.T.);
#5177 = EDGE_LOOP('',(#5178,#5201,#5222,#5243));
#5178 = ORIENTED_EDGE('',*,*,#5179,.F.);
#5179 = EDGE_CURVE('',#5180,#5182,#5184,.T.);
#5180 = VERTEX_POINT('',#5181);
#5181 = CARTESIAN_POINT('',(-213.35,93.,23.));
#5182 = VERTEX_POINT('',#5183);
#5183 = CARTESIAN_POINT('',(-210.35,93.,23.));
#5184 = SURFACE_CURVE('',#5185,(#5189,#5195),.PCURVE_S1.);
#5185 = LINE('',#5186,#5187);
#5186 = CARTESIAN_POINT('',(-226.35,93.,23.));
#5187 = VECTOR('',#5188,1.);
#5188 = DIRECTION('',(1.,0.,-0.));
#5189 = PCURVE('',#100,#5190);
#5190 = DEFINITIONAL_REPRESENTATION('',(#5191),#5194);
#5191 = B_SPLINE_CURVE_WITH_KNOTS('',1,(#5192,#5193),.UNSPECIFIED.,.F.,
  .F.,(2,2),(13.,16.),.PIECEWISE_BEZIER_KNOTS.);
#5192 = CARTESIAN_POINT('',(28.,26.));
#5193 = CARTESIAN_POINT('',(28.,29.));
#5194 = ( GEOMETRIC_REPRESENTATION_CONTEXT(2) 
PARAMETRIC_REPRESENTATION_CONTEXT() REPRESENTATION_CONTEXT('2D SPACE',''
  ) );
#5195 = PCURVE('',#476,#5196);
#5196 = DEFINITIONAL_REPRESENTATION('',(#5197),#5200);
#5197 = B_SPLINE_CURVE_WITH_KNOTS('',1,(#5198,#5199),.UNSPECIFIED.,.F.,
  .F.,(2,2),(13.,16.),.PIECEWISE_BEZIER_KNOTS.);
#5198 = CARTESIAN_POINT('',(0.,3.01));
#5199 = CARTESIAN_POINT('',(3.,3.01));
#5200 = ( GEOMETRIC_REPRESENTATION_CONTEXT(2) 
PARAMETRIC_REPRESENTATION_CONTEXT() REPRESENTATION_CONTEXT('2D SPACE',''
  ) );
#5201 = ORIENTED_EDGE('',*,*,#5202,.T.);
#5202 = EDGE_CURVE('',#5180,#5203,#5205,.T.);
#5203 = VERTEX_POINT('',#5204);
#5204 = CARTESIAN_POINT('',(-213.35,93.,9.));
#5205 = SURFACE_CURVE('',#5206,(#5210,#5216),.PCURVE_S1.);
#5206 = LINE('',#5207,#5208);
#5207 = CARTESIAN_POINT('',(-213.35,93.,2.));
#5208 = VECTOR('',#5209,1.);
#5209 = DIRECTION('',(-0.,0.,-1.));
#5210 = PCURVE('',#100,#5211);
#5211 = DEFINITIONAL_REPRESENTATION('',(#5212),#5215);
#5212 = B_SPLINE_CURVE_WITH_KNOTS('',1,(#5213,#5214),.UNSPECIFIED.,.F.,
  .F.,(2,2),(-21.,-7.),.PIECEWISE_BEZIER_KNOTS.);
#5213 = CARTESIAN_POINT('',(28.,26.));
#5214 = CARTESIAN_POINT('',(14.,26.));
#5215 = ( GEOMETRIC_REPRESENTATION_CONTEXT(2) 
PARAMETRIC_REPRESENTATION_CONTEXT() REPRESENTATION_CONTEXT('2D SPACE',''
  ) );
#5216 = PCURVE('',#502,#5217);
#5217 = DEFINITIONAL_REPRESENTATION('',(#5218),#5221);
#5218 = B_SPLINE_CURVE_WITH_KNOTS('',1,(#5219,#5220),.UNSPECIFIED.,.F.,
  .F.,(2,2),(-21.,-7.),.PIECEWISE_BEZIER_KNOTS.);
#5219 = CARTESIAN_POINT('',(14.,-3.01));
#5220 = CARTESIAN_POINT('',(0.,-3.01));
#5221 = ( GEOMETRIC_REPRESENTATION_CONTEXT(2) 
PARAMETRIC_REPRESENTATION_CONTEXT() REPRESENTATION_CONTEXT('2D SPACE',''
  ) );
#5222 = ORIENTED_EDGE('',*,*,#5223,.T.);
#5223 = EDGE_CURVE('',#5203,#5224,#5226,.T.);
#5224 = VERTEX_POINT('',#5225);
#5225 = CARTESIAN_POINT('',(-210.35,93.,9.));
#5226 = SURFACE_CURVE('',#5227,(#5231,#5237),.PCURVE_S1.);
#5227 = LINE('',#5228,#5229);
#5228 = CARTESIAN_POINT('',(-226.35,93.,9.));
#5229 = VECTOR('',#5230,1.);
#5230 = DIRECTION('',(1.,0.,-0.));
#5231 = PCURVE('',#100,#5232);
#5232 = DEFINITIONAL_REPRESENTATION('',(#5233),#5236);
#5233 = B_SPLINE_CURVE_WITH_KNOTS('',1,(#5234,#5235),.UNSPECIFIED.,.F.,
  .F.,(2,2),(13.,16.),.PIECEWISE_BEZIER_KNOTS.);
#5234 = CARTESIAN_POINT('',(14.,26.));
#5235 = CARTESIAN_POINT('',(14.,29.));
#5236 = ( GEOMETRIC_REPRESENTATION_CONTEXT(2) 
PARAMETRIC_REPRESENTATION_CONTEXT() REPRESENTATION_CONTEXT('2D SPACE',''
  ) );
#5237 = PCURVE('',#528,#5238);
#5238 = DEFINITIONAL_REPRESENTATION('',(#5239),#5242);
#5239 = B_SPLINE_CURVE_WITH_KNOTS('',1,(#5240,#5241),.UNSPECIFIED.,.F.,
  .F.,(2,2),(13.,16.),.PIECEWISE_BEZIER_KNOTS.);
#5240 = CARTESIAN_POINT('',(0.,3.01));
#5241 = CARTESIAN_POINT('',(3.,3.01));
#5242 = ( GEOMETRIC_REPRESENTATION_CONTEXT(2) 
PARAMETRIC_REPRESENTATION_CONTEXT() REPRESENTATION_CONTEXT('2D SPACE',''
  ) );
#5243 = ORIENTED_EDGE('',*,*,#5244,.F.);
#5244 = EDGE_CURVE('',#5182,#5224,#5245,.T.);
#5245 = SURFACE_CURVE('',#5246,(#5250,#5256),.PCURVE_S1.);
#5246 = LINE('',#5247,#5248);
#5247 = CARTESIAN_POINT('',(-210.35,93.,2.));
#5248 = VECTOR('',#5249,1.);
#5249 = DIRECTION('',(-0.,0.,-1.));
#5250 = PCURVE('',#100,#5251);
#5251 = DEFINITIONAL_REPRESENTATION('',(#5252),#5255);
#5252 = B_SPLINE_CURVE_WITH_KNOTS('',1,(#5253,#5254),.UNSPECIFIED.,.F.,
  .F.,(2,2),(-21.,-7.),.PIECEWISE_BEZIER_KNOTS.);
#5253 = CARTESIAN_POINT('',(28.,29.));
#5254 = CARTESIAN_POINT('',(14.,29.));
#5255 = ( GEOMETRIC_REPRESENTATION_CONTEXT(2) 
PARAMETRIC_REPRESENTATION_CONTEXT() REPRESENTATION_CONTEXT('2D SPACE',''
  ) );
#5256 = PCURVE('',#552,#5257);
#5257 = DEFINITIONAL_REPRESENTATION('',(#5258),#5261);
#5258 = B_SPLINE_CURVE_WITH_KNOTS('',1,(#5259,#5260),.UNSPECIFIED.,.F.,
  .F.,(2,2),(-21.,-7.),.PIECEWISE_BEZIER_KNOTS.);
#5259 = CARTESIAN_POINT('',(14.,-3.01));
#5260 = CARTESIAN_POINT('',(0.,-3.01));
#5261 = ( GEOMETRIC_REPRESENTATION_CONTEXT(2) 
PARAMETRIC_REPRESENTATION_CONTEXT() REPRESENTATION_CONTEXT('2D SPACE',''
  ) );
#5262 = FACE_BOUND('',#5263,.T.);
#5263 = EDGE_LOOP('',(#5264,#5287,#5308,#5329));
#5264 = ORIENTED_EDGE('',*,*,#5265,.F.);
#5265 = EDGE_CURVE('',#5266,#5268,#5270,.T.);
#5266 = VERTEX_POINT('',#5267);
#5267 = CARTESIAN_POINT('',(-207.35,93.,23.));
#5268 = VERTEX_POINT('',#5269);
#5269 = CARTESIAN_POINT('',(-204.35,93.,23.));
#5270 = SURFACE_CURVE('',#5271,(#5275,#5281),.PCURVE_S1.);
#5271 = LINE('',#5272,#5273);
#5272 = CARTESIAN_POINT('',(-223.35,93.,23.));
#5273 = VECTOR('',#5274,1.);
#5274 = DIRECTION('',(1.,0.,-0.));
#5275 = PCURVE('',#100,#5276);
#5276 = DEFINITIONAL_REPRESENTATION('',(#5277),#5280);
#5277 = B_SPLINE_CURVE_WITH_KNOTS('',1,(#5278,#5279),.UNSPECIFIED.,.F.,
  .F.,(2,2),(16.,19.),.PIECEWISE_BEZIER_KNOTS.);
#5278 = CARTESIAN_POINT('',(28.,32.));
#5279 = CARTESIAN_POINT('',(28.,35.));
#5280 = ( GEOMETRIC_REPRESENTATION_CONTEXT(2) 
PARAMETRIC_REPRESENTATION_CONTEXT() REPRESENTATION_CONTEXT('2D SPACE',''
  ) );
#5281 = PCURVE('',#582,#5282);
#5282 = DEFINITIONAL_REPRESENTATION('',(#5283),#5286);
#5283 = B_SPLINE_CURVE_WITH_KNOTS('',1,(#5284,#5285),.UNSPECIFIED.,.F.,
  .F.,(2,2),(16.,19.),.PIECEWISE_BEZIER_KNOTS.);
#5284 = CARTESIAN_POINT('',(0.,3.01));
#5285 = CARTESIAN_POINT('',(3.,3.01));
#5286 = ( GEOMETRIC_REPRESENTATION_CONTEXT(2) 
PARAMETRIC_REPRESENTATION_CONTEXT() REPRESENTATION_CONTEXT('2D SPACE',''
  ) );
#5287 = ORIENTED_EDGE('',*,*,#5288,.T.);
#5288 = EDGE_CURVE('',#5266,#5289,#5291,.T.);
#5289 = VERTEX_POINT('',#5290);
#5290 = CARTESIAN_POINT('',(-207.35,93.,9.));
#5291 = SURFACE_CURVE('',#5292,(#5296,#5302),.PCURVE_S1.);
#5292 = LINE('',#5293,#5294);
#5293 = CARTESIAN_POINT('',(-207.35,93.,2.));
#5294 = VECTOR('',#5295,1.);
#5295 = DIRECTION('',(-0.,0.,-1.));
#5296 = PCURVE('',#100,#5297);
#5297 = DEFINITIONAL_REPRESENTATION('',(#5298),#5301);
#5298 = B_SPLINE_CURVE_WITH_KNOTS('',1,(#5299,#5300),.UNSPECIFIED.,.F.,
  .F.,(2,2),(-21.,-7.),.PIECEWISE_BEZIER_KNOTS.);
#5299 = CARTESIAN_POINT('',(28.,32.));
#5300 = CARTESIAN_POINT('',(14.,32.));
#5301 = ( GEOMETRIC_REPRESENTATION_CONTEXT(2) 
PARAMETRIC_REPRESENTATION_CONTEXT() REPRESENTATION_CONTEXT('2D SPACE',''
  ) );
#5302 = PCURVE('',#608,#5303);
#5303 = DEFINITIONAL_REPRESENTATION('',(#5304),#5307);
#5304 = B_SPLINE_CURVE_WITH_KNOTS('',1,(#5305,#5306),.UNSPECIFIED.,.F.,
  .F.,(2,2),(-21.,-7.),.PIECEWISE_BEZIER_KNOTS.);
#5305 = CARTESIAN_POINT('',(14.,-3.01));
#5306 = CARTESIAN_POINT('',(0.,-3.01));
#5307 = ( GEOMETRIC_REPRESENTATION_CONTEXT(2) 
PARAMETRIC_REPRESENTATION_CONTEXT() REPRESENTATION_CONTEXT('2D SPACE',''
  ) );
#5308 = ORIENTED_EDGE('',*,*,#5309,.T.);
#5309 = EDGE_CURVE('',#5289,#5310,#5312,.T.);
#5310 = VERTEX_POINT('',#5311);
#5311 = CARTESIAN_POINT('',(-204.35,93.,9.));
#5312 = SURFACE_CURVE('',#5313,(#5317,#5323),.PCURVE_S1.);
#5313 = LINE('',#5314,#5315);
#5314 = CARTESIAN_POINT('',(-223.35,93.,9.));
#5315 = VECTOR('',#5316,1.);
#5316 = DIRECTION('',(1.,0.,-0.));
#5317 = PCURVE('',#100,#5318);
#5318 = DEFINITIONAL_REPRESENTATION('',(#5319),#5322);
#5319 = B_SPLINE_CURVE_WITH_KNOTS('',1,(#5320,#5321),.UNSPECIFIED.,.F.,
  .F.,(2,2),(16.,19.),.PIECEWISE_BEZIER_KNOTS.);
#5320 = CARTESIAN_POINT('',(14.,32.));
#5321 = CARTESIAN_POINT('',(14.,35.));
#5322 = ( GEOMETRIC_REPRESENTATION_CONTEXT(2) 
PARAMETRIC_REPRESENTATION_CONTEXT() REPRESENTATION_CONTEXT('2D SPACE',''
  ) );
#5323 = PCURVE('',#634,#5324);
#5324 = DEFINITIONAL_REPRESENTATION('',(#5325),#5328);
#5325 = B_SPLINE_CURVE_WITH_KNOTS('',1,(#5326,#5327),.UNSPECIFIED.,.F.,
  .F.,(2,2),(16.,19.),.PIECEWISE_BEZIER_KNOTS.);
#5326 = CARTESIAN_POINT('',(0.,3.01));
#5327 = CARTESIAN_POINT('',(3.,3.01));
#5328 = ( GEOMETRIC_REPRESENTATION_CONTEXT(2) 
PARAMETRIC_REPRESENTATION_CONTEXT() REPRESENTATION_CONTEXT('2D SPACE',''
  ) );
#5329 = ORIENTED_EDGE('',*,*,#5330,.F.);
#5330 = EDGE_CURVE('',#5268,#5310,#5331,.T.);
#5331 = SURFACE_CURVE('',#5332,(#5336,#5342),.PCURVE_S1.);
#5332 = LINE('',#5333,#5334);
#5333 = CARTESIAN_POINT('',(-204.35,93.,2.));
#5334 = VECTOR('',#5335,1.);
#5335 = DIRECTION('',(-0.,0.,-1.));
#5336 = PCURVE('',#100,#5337);
#5337 = DEFINITIONAL_REPRESENTATION('',(#5338),#5341);
#5338 = B_SPLINE_CURVE_WITH_KNOTS('',1,(#5339,#5340),.UNSPECIFIED.,.F.,
  .F.,(2,2),(-21.,-7.),.PIECEWISE_BEZIER_KNOTS.);
#5339 = CARTESIAN_POINT('',(28.,35.));
#5340 = CARTESIAN_POINT('',(14.,35.));
#5341 = ( GEOMETRIC_REPRESENTATION_CONTEXT(2) 
PARAMETRIC_REPRESENTATION_CONTEXT() REPRESENTATION_CONTEXT('2D SPACE',''
  ) );
#5342 = PCURVE('',#658,#5343);
#5343 = DEFINITIONAL_REPRESENTATION('',(#5344),#5347);
#5344 = B_SPLINE_CURVE_WITH_KNOTS('',1,(#5345,#5346),.UNSPECIFIED.,.F.,
  .F.,(2,2),(-21.,-7.),.PIECEWISE_BEZIER_KNOTS.);
#5345 = CARTESIAN_POINT('',(14.,-3.01));
#5346 = CARTESIAN_POINT('',(0.,-3.01));
#5347 = ( GEOMETRIC_REPRESENTATION_CONTEXT(2) 
PARAMETRIC_REPRESENTATION_CONTEXT() REPRESENTATION_CONTEXT('2D SPACE',''
  ) );
#5348 = FACE_BOUND('',#5349,.T.);
#5349 = EDGE_LOOP('',(#5350));
#5350 = ORIENTED_EDGE('',*,*,#5351,.F.);
#5351 = EDGE_CURVE('',#5352,#5352,#5354,.T.);
#5352 = VERTEX_POINT('',#5353);
#5353 = CARTESIAN_POINT('',(-231.225,93.,30.45));
#5354 = SURFACE_CURVE('',#5355,(#5360,#5367),.PCURVE_S1.);
#5355 = CIRCLE('',#5356,3.125);
#5356 = AXIS2_PLACEMENT_3D('',#5357,#5358,#5359);
#5357 = CARTESIAN_POINT('',(-234.35,93.,30.45));
#5358 = DIRECTION('',(0.,1.,2.22044604925E-16));
#5359 = DIRECTION('',(1.,0.,-0.));
#5360 = PCURVE('',#100,#5361);
#5361 = DEFINITIONAL_REPRESENTATION('',(#5362),#5366);
#5362 = CIRCLE('',#5363,3.125);
#5363 = AXIS2_PLACEMENT_2D('',#5364,#5365);
#5364 = CARTESIAN_POINT('',(35.45,5.));
#5365 = DIRECTION('',(0.,1.));
#5366 = ( GEOMETRIC_REPRESENTATION_CONTEXT(2) 
PARAMETRIC_REPRESENTATION_CONTEXT() REPRESENTATION_CONTEXT('2D SPACE',''
  ) );
#5367 = PCURVE('',#5368,#5373);
#5368 = CYLINDRICAL_SURFACE('',#5369,3.125);
#5369 = AXIS2_PLACEMENT_3D('',#5370,#5371,#5372);
#5370 = CARTESIAN_POINT('',(-234.35,91.4,30.45));
#5371 = DIRECTION('',(0.,1.,2.22044604925E-16));
#5372 = DIRECTION('',(1.,0.,-0.));
#5373 = DEFINITIONAL_REPRESENTATION('',(#5374),#5378);
#5374 = LINE('',#5375,#5376);
#5375 = CARTESIAN_POINT('',(0.,1.6));
#5376 = VECTOR('',#5377,1.);
#5377 = DIRECTION('',(1.,0.));
#5378 = ( GEOMETRIC_REPRESENTATION_CONTEXT(2) 
PARAMETRIC_REPRESENTATION_CONTEXT() REPRESENTATION_CONTEXT('2D SPACE',''
  ) );
#5379 = FACE_BOUND('',#5380,.T.);
#5380 = EDGE_LOOP('',(#5381,#5404,#5425,#5446));
#5381 = ORIENTED_EDGE('',*,*,#5382,.F.);
#5382 = EDGE_CURVE('',#5383,#5385,#5387,.T.);
#5383 = VERTEX_POINT('',#5384);
#5384 = CARTESIAN_POINT('',(-201.35,93.,23.));
#5385 = VERTEX_POINT('',#5386);
#5386 = CARTESIAN_POINT('',(-198.35,93.,23.));
#5387 = SURFACE_CURVE('',#5388,(#5392,#5398),.PCURVE_S1.);
#5388 = LINE('',#5389,#5390);
#5389 = CARTESIAN_POINT('',(-220.35,93.,23.));
#5390 = VECTOR('',#5391,1.);
#5391 = DIRECTION('',(1.,0.,-0.));
#5392 = PCURVE('',#100,#5393);
#5393 = DEFINITIONAL_REPRESENTATION('',(#5394),#5397);
#5394 = B_SPLINE_CURVE_WITH_KNOTS('',1,(#5395,#5396),.UNSPECIFIED.,.F.,
  .F.,(2,2),(19.,22.),.PIECEWISE_BEZIER_KNOTS.);
#5395 = CARTESIAN_POINT('',(28.,38.));
#5396 = CARTESIAN_POINT('',(28.,41.));
#5397 = ( GEOMETRIC_REPRESENTATION_CONTEXT(2) 
PARAMETRIC_REPRESENTATION_CONTEXT() REPRESENTATION_CONTEXT('2D SPACE',''
  ) );
#5398 = PCURVE('',#719,#5399);
#5399 = DEFINITIONAL_REPRESENTATION('',(#5400),#5403);
#5400 = B_SPLINE_CURVE_WITH_KNOTS('',1,(#5401,#5402),.UNSPECIFIED.,.F.,
  .F.,(2,2),(19.,22.),.PIECEWISE_BEZIER_KNOTS.);
#5401 = CARTESIAN_POINT('',(0.,3.01));
#5402 = CARTESIAN_POINT('',(3.,3.01));
#5403 = ( GEOMETRIC_REPRESENTATION_CONTEXT(2) 
PARAMETRIC_REPRESENTATION_CONTEXT() REPRESENTATION_CONTEXT('2D SPACE',''
  ) );
#5404 = ORIENTED_EDGE('',*,*,#5405,.T.);
#5405 = EDGE_CURVE('',#5383,#5406,#5408,.T.);
#5406 = VERTEX_POINT('',#5407);
#5407 = CARTESIAN_POINT('',(-201.35,93.,9.));
#5408 = SURFACE_CURVE('',#5409,(#5413,#5419),.PCURVE_S1.);
#5409 = LINE('',#5410,#5411);
#5410 = CARTESIAN_POINT('',(-201.35,93.,2.));
#5411 = VECTOR('',#5412,1.);
#5412 = DIRECTION('',(-0.,0.,-1.));
#5413 = PCURVE('',#100,#5414);
#5414 = DEFINITIONAL_REPRESENTATION('',(#5415),#5418);
#5415 = B_SPLINE_CURVE_WITH_KNOTS('',1,(#5416,#5417),.UNSPECIFIED.,.F.,
  .F.,(2,2),(-21.,-7.),.PIECEWISE_BEZIER_KNOTS.);
#5416 = CARTESIAN_POINT('',(28.,38.));
#5417 = CARTESIAN_POINT('',(14.,38.));
#5418 = ( GEOMETRIC_REPRESENTATION_CONTEXT(2) 
PARAMETRIC_REPRESENTATION_CONTEXT() REPRESENTATION_CONTEXT('2D SPACE',''
  ) );
#5419 = PCURVE('',#745,#5420);
#5420 = DEFINITIONAL_REPRESENTATION('',(#5421),#5424);
#5421 = B_SPLINE_CURVE_WITH_KNOTS('',1,(#5422,#5423),.UNSPECIFIED.,.F.,
  .F.,(2,2),(-21.,-7.),.PIECEWISE_BEZIER_KNOTS.);
#5422 = CARTESIAN_POINT('',(14.,-3.01));
#5423 = CARTESIAN_POINT('',(0.,-3.01));
#5424 = ( GEOMETRIC_REPRESENTATION_CONTEXT(2) 
PARAMETRIC_REPRESENTATION_CONTEXT() REPRESENTATION_CONTEXT('2D SPACE',''
  ) );
#5425 = ORIENTED_EDGE('',*,*,#5426,.T.);
#5426 = EDGE_CURVE('',#5406,#5427,#5429,.T.);
#5427 = VERTEX_POINT('',#5428);
#5428 = CARTESIAN_POINT('',(-198.35,93.,9.));
#5429 = SURFACE_CURVE('',#5430,(#5434,#5440),.PCURVE_S1.);
#5430 = LINE('',#5431,#5432);
#5431 = CARTESIAN_POINT('',(-220.35,93.,9.));
#5432 = VECTOR('',#5433,1.);
#5433 = DIRECTION('',(1.,0.,-0.));
#5434 = PCURVE('',#100,#5435);
#5435 = DEFINITIONAL_REPRESENTATION('',(#5436),#5439);
#5436 = B_SPLINE_CURVE_WITH_KNOTS('',1,(#5437,#5438),.UNSPECIFIED.,.F.,
  .F.,(2,2),(19.,22.),.PIECEWISE_BEZIER_KNOTS.);
#5437 = CARTESIAN_POINT('',(14.,38.));
#5438 = CARTESIAN_POINT('',(14.,41.));
#5439 = ( GEOMETRIC_REPRESENTATION_CONTEXT(2) 
PARAMETRIC_REPRESENTATION_CONTEXT() REPRESENTATION_CONTEXT('2D SPACE',''
  ) );
#5440 = PCURVE('',#771,#5441);
#5441 = DEFINITIONAL_REPRESENTATION('',(#5442),#5445);
#5442 = B_SPLINE_CURVE_WITH_KNOTS('',1,(#5443,#5444),.UNSPECIFIED.,.F.,
  .F.,(2,2),(19.,22.),.PIECEWISE_BEZIER_KNOTS.);
#5443 = CARTESIAN_POINT('',(0.,3.01));
#5444 = CARTESIAN_POINT('',(3.,3.01));
#5445 = ( GEOMETRIC_REPRESENTATION_CONTEXT(2) 
PARAMETRIC_REPRESENTATION_CONTEXT() REPRESENTATION_CONTEXT('2D SPACE',''
  ) );
#5446 = ORIENTED_EDGE('',*,*,#5447,.F.);
#5447 = EDGE_CURVE('',#5385,#5427,#5448,.T.);
#5448 = SURFACE_CURVE('',#5449,(#5453,#5459),.PCURVE_S1.);
#5449 = LINE('',#5450,#5451);
#5450 = CARTESIAN_POINT('',(-198.35,93.,2.));
#5451 = VECTOR('',#5452,1.);
#5452 = DIRECTION('',(-0.,0.,-1.));
#5453 = PCURVE('',#100,#5454);
#5454 = DEFINITIONAL_REPRESENTATION('',(#5455),#5458);
#5455 = B_SPLINE_CURVE_WITH_KNOTS('',1,(#5456,#5457),.UNSPECIFIED.,.F.,
  .F.,(2,2),(-21.,-7.),.PIECEWISE_BEZIER_KNOTS.);
#5456 = CARTESIAN_POINT('',(28.,41.));
#5457 = CARTESIAN_POINT('',(14.,41.));
#5458 = ( GEOMETRIC_REPRESENTATION_CONTEXT(2) 
PARAMETRIC_REPRESENTATION_CONTEXT() REPRESENTATION_CONTEXT('2D SPACE',''
  ) );
#5459 = PCURVE('',#795,#5460);
#5460 = DEFINITIONAL_REPRESENTATION('',(#5461),#5464);
#5461 = B_SPLINE_CURVE_WITH_KNOTS('',1,(#5462,#5463),.UNSPECIFIED.,.F.,
  .F.,(2,2),(-21.,-7.),.PIECEWISE_BEZIER_KNOTS.);
#5462 = CARTESIAN_POINT('',(14.,-3.01));
#5463 = CARTESIAN_POINT('',(0.,-3.01));
#5464 = ( GEOMETRIC_REPRESENTATION_CONTEXT(2) 
PARAMETRIC_REPRESENTATION_CONTEXT() REPRESENTATION_CONTEXT('2D SPACE',''
  ) );
#5465 = FACE_BOUND('',#5466,.T.);
#5466 = EDGE_LOOP('',(#5467,#5490,#5511,#5532));
#5467 = ORIENTED_EDGE('',*,*,#5468,.F.);
#5468 = EDGE_CURVE('',#5469,#5471,#5473,.T.);
#5469 = VERTEX_POINT('',#5470);
#5470 = CARTESIAN_POINT('',(-195.35,93.,23.));
#5471 = VERTEX_POINT('',#5472);
#5472 = CARTESIAN_POINT('',(-192.35,93.,23.));
#5473 = SURFACE_CURVE('',#5474,(#5478,#5484),.PCURVE_S1.);
#5474 = LINE('',#5475,#5476);
#5475 = CARTESIAN_POINT('',(-217.35,93.,23.));
#5476 = VECTOR('',#5477,1.);
#5477 = DIRECTION('',(1.,0.,-0.));
#5478 = PCURVE('',#100,#5479);
#5479 = DEFINITIONAL_REPRESENTATION('',(#5480),#5483);
#5480 = B_SPLINE_CURVE_WITH_KNOTS('',1,(#5481,#5482),.UNSPECIFIED.,.F.,
  .F.,(2,2),(22.,25.),.PIECEWISE_BEZIER_KNOTS.);
#5481 = CARTESIAN_POINT('',(28.,44.));
#5482 = CARTESIAN_POINT('',(28.,47.));
#5483 = ( GEOMETRIC_REPRESENTATION_CONTEXT(2) 
PARAMETRIC_REPRESENTATION_CONTEXT() REPRESENTATION_CONTEXT('2D SPACE',''
  ) );
#5484 = PCURVE('',#825,#5485);
#5485 = DEFINITIONAL_REPRESENTATION('',(#5486),#5489);
#5486 = B_SPLINE_CURVE_WITH_KNOTS('',1,(#5487,#5488),.UNSPECIFIED.,.F.,
  .F.,(2,2),(22.,25.),.PIECEWISE_BEZIER_KNOTS.);
#5487 = CARTESIAN_POINT('',(0.,3.01));
#5488 = CARTESIAN_POINT('',(3.,3.01));
#5489 = ( GEOMETRIC_REPRESENTATION_CONTEXT(2) 
PARAMETRIC_REPRESENTATION_CONTEXT() REPRESENTATION_CONTEXT('2D SPACE',''
  ) );
#5490 = ORIENTED_EDGE('',*,*,#5491,.T.);
#5491 = EDGE_CURVE('',#5469,#5492,#5494,.T.);
#5492 = VERTEX_POINT('',#5493);
#5493 = CARTESIAN_POINT('',(-195.35,93.,9.));
#5494 = SURFACE_CURVE('',#5495,(#5499,#5505),.PCURVE_S1.);
#5495 = LINE('',#5496,#5497);
#5496 = CARTESIAN_POINT('',(-195.35,93.,2.));
#5497 = VECTOR('',#5498,1.);
#5498 = DIRECTION('',(-0.,0.,-1.));
#5499 = PCURVE('',#100,#5500);
#5500 = DEFINITIONAL_REPRESENTATION('',(#5501),#5504);
#5501 = B_SPLINE_CURVE_WITH_KNOTS('',1,(#5502,#5503),.UNSPECIFIED.,.F.,
  .F.,(2,2),(-21.,-7.),.PIECEWISE_BEZIER_KNOTS.);
#5502 = CARTESIAN_POINT('',(28.,44.));
#5503 = CARTESIAN_POINT('',(14.,44.));
#5504 = ( GEOMETRIC_REPRESENTATION_CONTEXT(2) 
PARAMETRIC_REPRESENTATION_CONTEXT() REPRESENTATION_CONTEXT('2D SPACE',''
  ) );
#5505 = PCURVE('',#851,#5506);
#5506 = DEFINITIONAL_REPRESENTATION('',(#5507),#5510);
#5507 = B_SPLINE_CURVE_WITH_KNOTS('',1,(#5508,#5509),.UNSPECIFIED.,.F.,
  .F.,(2,2),(-21.,-7.),.PIECEWISE_BEZIER_KNOTS.);
#5508 = CARTESIAN_POINT('',(14.,-3.01));
#5509 = CARTESIAN_POINT('',(0.,-3.01));
#5510 = ( GEOMETRIC_REPRESENTATION_CONTEXT(2) 
PARAMETRIC_REPRESENTATION_CONTEXT() REPRESENTATION_CONTEXT('2D SPACE',''
  ) );
#5511 = ORIENTED_EDGE('',*,*,#5512,.T.);
#5512 = EDGE_CURVE('',#5492,#5513,#5515,.T.);
#5513 = VERTEX_POINT('',#5514);
#5514 = CARTESIAN_POINT('',(-192.35,93.,9.));
#5515 = SURFACE_CURVE('',#5516,(#5520,#5526),.PCURVE_S1.);
#5516 = LINE('',#5517,#5518);
#5517 = CARTESIAN_POINT('',(-217.35,93.,9.));
#5518 = VECTOR('',#5519,1.);
#5519 = DIRECTION('',(1.,0.,-0.));
#5520 = PCURVE('',#100,#5521);
#5521 = DEFINITIONAL_REPRESENTATION('',(#5522),#5525);
#5522 = B_SPLINE_CURVE_WITH_KNOTS('',1,(#5523,#5524),.UNSPECIFIED.,.F.,
  .F.,(2,2),(22.,25.),.PIECEWISE_BEZIER_KNOTS.);
#5523 = CARTESIAN_POINT('',(14.,44.));
#5524 = CARTESIAN_POINT('',(14.,47.));
#5525 = ( GEOMETRIC_REPRESENTATION_CONTEXT(2) 
PARAMETRIC_REPRESENTATION_CONTEXT() REPRESENTATION_CONTEXT('2D SPACE',''
  ) );
#5526 = PCURVE('',#877,#5527);
#5527 = DEFINITIONAL_REPRESENTATION('',(#5528),#5531);
#5528 = B_SPLINE_CURVE_WITH_KNOTS('',1,(#5529,#5530),.UNSPECIFIED.,.F.,
  .F.,(2,2),(22.,25.),.PIECEWISE_BEZIER_KNOTS.);
#5529 = CARTESIAN_POINT('',(0.,3.01));
#5530 = CARTESIAN_POINT('',(3.,3.01));
#5531 = ( GEOMETRIC_REPRESENTATION_CONTEXT(2) 
PARAMETRIC_REPRESENTATION_CONTEXT() REPRESENTATION_CONTEXT('2D SPACE',''
  ) );
#5532 = ORIENTED_EDGE('',*,*,#5533,.F.);
#5533 = EDGE_CURVE('',#5471,#5513,#5534,.T.);
#5534 = SURFACE_CURVE('',#5535,(#5539,#5545),.PCURVE_S1.);
#5535 = LINE('',#5536,#5537);
#5536 = CARTESIAN_POINT('',(-192.35,93.,2.));
#5537 = VECTOR('',#5538,1.);
#5538 = DIRECTION('',(-0.,0.,-1.));
#5539 = PCURVE('',#100,#5540);
#5540 = DEFINITIONAL_REPRESENTATION('',(#5541),#5544);
#5541 = B_SPLINE_CURVE_WITH_KNOTS('',1,(#5542,#5543),.UNSPECIFIED.,.F.,
  .F.,(2,2),(-21.,-7.),.PIECEWISE_BEZIER_KNOTS.);
#5542 = CARTESIAN_POINT('',(28.,47.));
#5543 = CARTESIAN_POINT('',(14.,47.));
#5544 = ( GEOMETRIC_REPRESENTATION_CONTEXT(2) 
PARAMETRIC_REPRESENTATION_CONTEXT() REPRESENTATION_CONTEXT('2D SPACE',''
  ) );
#5545 = PCURVE('',#901,#5546);
#5546 = DEFINITIONAL_REPRESENTATION('',(#5547),#5550);
#5547 = B_SPLINE_CURVE_WITH_KNOTS('',1,(#5548,#5549),.UNSPECIFIED.,.F.,
  .F.,(2,2),(-21.,-7.),.PIECEWISE_BEZIER_KNOTS.);
#5548 = CARTESIAN_POINT('',(14.,-3.01));
#5549 = CARTESIAN_POINT('',(0.,-3.01));
#5550 = ( GEOMETRIC_REPRESENTATION_CONTEXT(2) 
PARAMETRIC_REPRESENTATION_CONTEXT() REPRESENTATION_CONTEXT('2D SPACE',''
  ) );
#5551 = FACE_BOUND('',#5552,.T.);
#5552 = EDGE_LOOP('',(#5553,#5576,#5597,#5618));
#5553 = ORIENTED_EDGE('',*,*,#5554,.F.);
#5554 = EDGE_CURVE('',#5555,#5557,#5559,.T.);
#5555 = VERTEX_POINT('',#5556);
#5556 = CARTESIAN_POINT('',(-189.35,93.,23.));
#5557 = VERTEX_POINT('',#5558);
#5558 = CARTESIAN_POINT('',(-186.35,93.,23.));
#5559 = SURFACE_CURVE('',#5560,(#5564,#5570),.PCURVE_S1.);
#5560 = LINE('',#5561,#5562);
#5561 = CARTESIAN_POINT('',(-214.35,93.,23.));
#5562 = VECTOR('',#5563,1.);
#5563 = DIRECTION('',(1.,0.,-0.));
#5564 = PCURVE('',#100,#5565);
#5565 = DEFINITIONAL_REPRESENTATION('',(#5566),#5569);
#5566 = B_SPLINE_CURVE_WITH_KNOTS('',1,(#5567,#5568),.UNSPECIFIED.,.F.,
  .F.,(2,2),(25.,28.),.PIECEWISE_BEZIER_KNOTS.);
#5567 = CARTESIAN_POINT('',(28.,50.));
#5568 = CARTESIAN_POINT('',(28.,53.));
#5569 = ( GEOMETRIC_REPRESENTATION_CONTEXT(2) 
PARAMETRIC_REPRESENTATION_CONTEXT() REPRESENTATION_CONTEXT('2D SPACE',''
  ) );
#5570 = PCURVE('',#931,#5571);
#5571 = DEFINITIONAL_REPRESENTATION('',(#5572),#5575);
#5572 = B_SPLINE_CURVE_WITH_KNOTS('',1,(#5573,#5574),.UNSPECIFIED.,.F.,
  .F.,(2,2),(25.,28.),.PIECEWISE_BEZIER_KNOTS.);
#5573 = CARTESIAN_POINT('',(0.,3.01));
#5574 = CARTESIAN_POINT('',(3.,3.01));
#5575 = ( GEOMETRIC_REPRESENTATION_CONTEXT(2) 
PARAMETRIC_REPRESENTATION_CONTEXT() REPRESENTATION_CONTEXT('2D SPACE',''
  ) );
#5576 = ORIENTED_EDGE('',*,*,#5577,.T.);
#5577 = EDGE_CURVE('',#5555,#5578,#5580,.T.);
#5578 = VERTEX_POINT('',#5579);
#5579 = CARTESIAN_POINT('',(-189.35,93.,9.));
#5580 = SURFACE_CURVE('',#5581,(#5585,#5591),.PCURVE_S1.);
#5581 = LINE('',#5582,#5583);
#5582 = CARTESIAN_POINT('',(-189.35,93.,2.));
#5583 = VECTOR('',#5584,1.);
#5584 = DIRECTION('',(-0.,0.,-1.));
#5585 = PCURVE('',#100,#5586);
#5586 = DEFINITIONAL_REPRESENTATION('',(#5587),#5590);
#5587 = B_SPLINE_CURVE_WITH_KNOTS('',1,(#5588,#5589),.UNSPECIFIED.,.F.,
  .F.,(2,2),(-21.,-7.),.PIECEWISE_BEZIER_KNOTS.);
#5588 = CARTESIAN_POINT('',(28.,50.));
#5589 = CARTESIAN_POINT('',(14.,50.));
#5590 = ( GEOMETRIC_REPRESENTATION_CONTEXT(2) 
PARAMETRIC_REPRESENTATION_CONTEXT() REPRESENTATION_CONTEXT('2D SPACE',''
  ) );
#5591 = PCURVE('',#957,#5592);
#5592 = DEFINITIONAL_REPRESENTATION('',(#5593),#5596);
#5593 = B_SPLINE_CURVE_WITH_KNOTS('',1,(#5594,#5595),.UNSPECIFIED.,.F.,
  .F.,(2,2),(-21.,-7.),.PIECEWISE_BEZIER_KNOTS.);
#5594 = CARTESIAN_POINT('',(14.,-3.01));
#5595 = CARTESIAN_POINT('',(0.,-3.01));
#5596 = ( GEOMETRIC_REPRESENTATION_CONTEXT(2) 
PARAMETRIC_REPRESENTATION_CONTEXT() REPRESENTATION_CONTEXT('2D SPACE',''
  ) );
#5597 = ORIENTED_EDGE('',*,*,#5598,.T.);
#5598 = EDGE_CURVE('',#5578,#5599,#5601,.T.);
#5599 = VERTEX_POINT('',#5600);
#5600 = CARTESIAN_POINT('',(-186.35,93.,9.));
#5601 = SURFACE_CURVE('',#5602,(#5606,#5612),.PCURVE_S1.);
#5602 = LINE('',#5603,#5604);
#5603 = CARTESIAN_POINT('',(-214.35,93.,9.));
#5604 = VECTOR('',#5605,1.);
#5605 = DIRECTION('',(1.,0.,-0.));
#5606 = PCURVE('',#100,#5607);
#5607 = DEFINITIONAL_REPRESENTATION('',(#5608),#5611);
#5608 = B_SPLINE_CURVE_WITH_KNOTS('',1,(#5609,#5610),.UNSPECIFIED.,.F.,
  .F.,(2,2),(25.,28.),.PIECEWISE_BEZIER_KNOTS.);
#5609 = CARTESIAN_POINT('',(14.,50.));
#5610 = CARTESIAN_POINT('',(14.,53.));
#5611 = ( GEOMETRIC_REPRESENTATION_CONTEXT(2) 
PARAMETRIC_REPRESENTATION_CONTEXT() REPRESENTATION_CONTEXT('2D SPACE',''
  ) );
#5612 = PCURVE('',#983,#5613);
#5613 = DEFINITIONAL_REPRESENTATION('',(#5614),#5617);
#5614 = B_SPLINE_CURVE_WITH_KNOTS('',1,(#5615,#5616),.UNSPECIFIED.,.F.,
  .F.,(2,2),(25.,28.),.PIECEWISE_BEZIER_KNOTS.);
#5615 = CARTESIAN_POINT('',(0.,3.01));
#5616 = CARTESIAN_POINT('',(3.,3.01));
#5617 = ( GEOMETRIC_REPRESENTATION_CONTEXT(2) 
PARAMETRIC_REPRESENTATION_CONTEXT() REPRESENTATION_CONTEXT('2D SPACE',''
  ) );
#5618 = ORIENTED_EDGE('',*,*,#5619,.F.);
#5619 = EDGE_CURVE('',#5557,#5599,#5620,.T.);
#5620 = SURFACE_CURVE('',#5621,(#5625,#5631),.PCURVE_S1.);
#5621 = LINE('',#5622,#5623);
#5622 = CARTESIAN_POINT('',(-186.35,93.,2.));
#5623 = VECTOR('',#5624,1.);
#5624 = DIRECTION('',(-0.,0.,-1.));
#5625 = PCURVE('',#100,#5626);
#5626 = DEFINITIONAL_REPRESENTATION('',(#5627),#5630);
#5627 = B_SPLINE_CURVE_WITH_KNOTS('',1,(#5628,#5629),.UNSPECIFIED.,.F.,
  .F.,(2,2),(-21.,-7.),.PIECEWISE_BEZIER_KNOTS.);
#5628 = CARTESIAN_POINT('',(28.,53.));
#5629 = CARTESIAN_POINT('',(14.,53.));
#5630 = ( GEOMETRIC_REPRESENTATION_CONTEXT(2) 
PARAMETRIC_REPRESENTATION_CONTEXT() REPRESENTATION_CONTEXT('2D SPACE',''
  ) );
#5631 = PCURVE('',#1007,#5632);
#5632 = DEFINITIONAL_REPRESENTATION('',(#5633),#5636);
#5633 = B_SPLINE_CURVE_WITH_KNOTS('',1,(#5634,#5635),.UNSPECIFIED.,.F.,
  .F.,(2,2),(-21.,-7.),.PIECEWISE_BEZIER_KNOTS.);
#5634 = CARTESIAN_POINT('',(14.,-3.01));
#5635 = CARTESIAN_POINT('',(0.,-3.01));
#5636 = ( GEOMETRIC_REPRESENTATION_CONTEXT(2) 
PARAMETRIC_REPRESENTATION_CONTEXT() REPRESENTATION_CONTEXT('2D SPACE',''
  ) );
#5637 = FACE_BOUND('',#5638,.T.);
#5638 = EDGE_LOOP('',(#5639,#5662,#5683,#5704));
#5639 = ORIENTED_EDGE('',*,*,#5640,.F.);
#5640 = EDGE_CURVE('',#5641,#5643,#5645,.T.);
#5641 = VERTEX_POINT('',#5642);
#5642 = CARTESIAN_POINT('',(-183.35,93.,23.));
#5643 = VERTEX_POINT('',#5644);
#5644 = CARTESIAN_POINT('',(-180.35,93.,23.));
#5645 = SURFACE_CURVE('',#5646,(#5650,#5656),.PCURVE_S1.);
#5646 = LINE('',#5647,#5648);
#5647 = CARTESIAN_POINT('',(-211.35,93.,23.));
#5648 = VECTOR('',#5649,1.);
#5649 = DIRECTION('',(1.,0.,-0.));
#5650 = PCURVE('',#100,#5651);
#5651 = DEFINITIONAL_REPRESENTATION('',(#5652),#5655);
#5652 = B_SPLINE_CURVE_WITH_KNOTS('',1,(#5653,#5654),.UNSPECIFIED.,.F.,
  .F.,(2,2),(28.,31.),.PIECEWISE_BEZIER_KNOTS.);
#5653 = CARTESIAN_POINT('',(28.,56.));
#5654 = CARTESIAN_POINT('',(28.,59.));
#5655 = ( GEOMETRIC_REPRESENTATION_CONTEXT(2) 
PARAMETRIC_REPRESENTATION_CONTEXT() REPRESENTATION_CONTEXT('2D SPACE',''
  ) );
#5656 = PCURVE('',#1037,#5657);
#5657 = DEFINITIONAL_REPRESENTATION('',(#5658),#5661);
#5658 = B_SPLINE_CURVE_WITH_KNOTS('',1,(#5659,#5660),.UNSPECIFIED.,.F.,
  .F.,(2,2),(28.,31.),.PIECEWISE_BEZIER_KNOTS.);
#5659 = CARTESIAN_POINT('',(0.,3.01));
#5660 = CARTESIAN_POINT('',(3.,3.01));
#5661 = ( GEOMETRIC_REPRESENTATION_CONTEXT(2) 
PARAMETRIC_REPRESENTATION_CONTEXT() REPRESENTATION_CONTEXT('2D SPACE',''
  ) );
#5662 = ORIENTED_EDGE('',*,*,#5663,.T.);
#5663 = EDGE_CURVE('',#5641,#5664,#5666,.T.);
#5664 = VERTEX_POINT('',#5665);
#5665 = CARTESIAN_POINT('',(-183.35,93.,9.));
#5666 = SURFACE_CURVE('',#5667,(#5671,#5677),.PCURVE_S1.);
#5667 = LINE('',#5668,#5669);
#5668 = CARTESIAN_POINT('',(-183.35,93.,2.));
#5669 = VECTOR('',#5670,1.);
#5670 = DIRECTION('',(-0.,0.,-1.));
#5671 = PCURVE('',#100,#5672);
#5672 = DEFINITIONAL_REPRESENTATION('',(#5673),#5676);
#5673 = B_SPLINE_CURVE_WITH_KNOTS('',1,(#5674,#5675),.UNSPECIFIED.,.F.,
  .F.,(2,2),(-21.,-7.),.PIECEWISE_BEZIER_KNOTS.);
#5674 = CARTESIAN_POINT('',(28.,56.));
#5675 = CARTESIAN_POINT('',(14.,56.));
#5676 = ( GEOMETRIC_REPRESENTATION_CONTEXT(2) 
PARAMETRIC_REPRESENTATION_CONTEXT() REPRESENTATION_CONTEXT('2D SPACE',''
  ) );
#5677 = PCURVE('',#1063,#5678);
#5678 = DEFINITIONAL_REPRESENTATION('',(#5679),#5682);
#5679 = B_SPLINE_CURVE_WITH_KNOTS('',1,(#5680,#5681),.UNSPECIFIED.,.F.,
  .F.,(2,2),(-21.,-7.),.PIECEWISE_BEZIER_KNOTS.);
#5680 = CARTESIAN_POINT('',(14.,-3.01));
#5681 = CARTESIAN_POINT('',(0.,-3.01));
#5682 = ( GEOMETRIC_REPRESENTATION_CONTEXT(2) 
PARAMETRIC_REPRESENTATION_CONTEXT() REPRESENTATION_CONTEXT('2D SPACE',''
  ) );
#5683 = ORIENTED_EDGE('',*,*,#5684,.T.);
#5684 = EDGE_CURVE('',#5664,#5685,#5687,.T.);
#5685 = VERTEX_POINT('',#5686);
#5686 = CARTESIAN_POINT('',(-180.35,93.,9.));
#5687 = SURFACE_CURVE('',#5688,(#5692,#5698),.PCURVE_S1.);
#5688 = LINE('',#5689,#5690);
#5689 = CARTESIAN_POINT('',(-211.35,93.,9.));
#5690 = VECTOR('',#5691,1.);
#5691 = DIRECTION('',(1.,0.,-0.));
#5692 = PCURVE('',#100,#5693);
#5693 = DEFINITIONAL_REPRESENTATION('',(#5694),#5697);
#5694 = B_SPLINE_CURVE_WITH_KNOTS('',1,(#5695,#5696),.UNSPECIFIED.,.F.,
  .F.,(2,2),(28.,31.),.PIECEWISE_BEZIER_KNOTS.);
#5695 = CARTESIAN_POINT('',(14.,56.));
#5696 = CARTESIAN_POINT('',(14.,59.));
#5697 = ( GEOMETRIC_REPRESENTATION_CONTEXT(2) 
PARAMETRIC_REPRESENTATION_CONTEXT() REPRESENTATION_CONTEXT('2D SPACE',''
  ) );
#5698 = PCURVE('',#1089,#5699);
#5699 = DEFINITIONAL_REPRESENTATION('',(#5700),#5703);
#5700 = B_SPLINE_CURVE_WITH_KNOTS('',1,(#5701,#5702),.UNSPECIFIED.,.F.,
  .F.,(2,2),(28.,31.),.PIECEWISE_BEZIER_KNOTS.);
#5701 = CARTESIAN_POINT('',(0.,3.01));
#5702 = CARTESIAN_POINT('',(3.,3.01));
#5703 = ( GEOMETRIC_REPRESENTATION_CONTEXT(2) 
PARAMETRIC_REPRESENTATION_CONTEXT() REPRESENTATION_CONTEXT('2D SPACE',''
  ) );
#5704 = ORIENTED_EDGE('',*,*,#5705,.F.);
#5705 = EDGE_CURVE('',#5643,#5685,#5706,.T.);
#5706 = SURFACE_CURVE('',#5707,(#5711,#5717),.PCURVE_S1.);
#5707 = LINE('',#5708,#5709);
#5708 = CARTESIAN_POINT('',(-180.35,93.,2.));
#5709 = VECTOR('',#5710,1.);
#5710 = DIRECTION('',(-0.,0.,-1.));
#5711 = PCURVE('',#100,#5712);
#5712 = DEFINITIONAL_REPRESENTATION('',(#5713),#5716);
#5713 = B_SPLINE_CURVE_WITH_KNOTS('',1,(#5714,#5715),.UNSPECIFIED.,.F.,
  .F.,(2,2),(-21.,-7.),.PIECEWISE_BEZIER_KNOTS.);
#5714 = CARTESIAN_POINT('',(28.,59.));
#5715 = CARTESIAN_POINT('',(14.,59.));
#5716 = ( GEOMETRIC_REPRESENTATION_CONTEXT(2) 
PARAMETRIC_REPRESENTATION_CONTEXT() REPRESENTATION_CONTEXT('2D SPACE',''
  ) );
#5717 = PCURVE('',#1113,#5718);
#5718 = DEFINITIONAL_REPRESENTATION('',(#5719),#5722);
#5719 = B_SPLINE_CURVE_WITH_KNOTS('',1,(#5720,#5721),.UNSPECIFIED.,.F.,
  .F.,(2,2),(-21.,-7.),.PIECEWISE_BEZIER_KNOTS.);
#5720 = CARTESIAN_POINT('',(14.,-3.01));
#5721 = CARTESIAN_POINT('',(0.,-3.01));
#5722 = ( GEOMETRIC_REPRESENTATION_CONTEXT(2) 
PARAMETRIC_REPRESENTATION_CONTEXT() REPRESENTATION_CONTEXT('2D SPACE',''
  ) );
#5723 = FACE_BOUND('',#5724,.T.);
#5724 = EDGE_LOOP('',(#5725,#5748,#5769,#5790));
#5725 = ORIENTED_EDGE('',*,*,#5726,.F.);
#5726 = EDGE_CURVE('',#5727,#5729,#5731,.T.);
#5727 = VERTEX_POINT('',#5728);
#5728 = CARTESIAN_POINT('',(-177.35,93.,23.));
#5729 = VERTEX_POINT('',#5730);
#5730 = CARTESIAN_POINT('',(-174.35,93.,23.));
#5731 = SURFACE_CURVE('',#5732,(#5736,#5742),.PCURVE_S1.);
#5732 = LINE('',#5733,#5734);
#5733 = CARTESIAN_POINT('',(-208.35,93.,23.));
#5734 = VECTOR('',#5735,1.);
#5735 = DIRECTION('',(1.,0.,-0.));
#5736 = PCURVE('',#100,#5737);
#5737 = DEFINITIONAL_REPRESENTATION('',(#5738),#5741);
#5738 = B_SPLINE_CURVE_WITH_KNOTS('',1,(#5739,#5740),.UNSPECIFIED.,.F.,
  .F.,(2,2),(31.,34.),.PIECEWISE_BEZIER_KNOTS.);
#5739 = CARTESIAN_POINT('',(28.,62.));
#5740 = CARTESIAN_POINT('',(28.,65.));
#5741 = ( GEOMETRIC_REPRESENTATION_CONTEXT(2) 
PARAMETRIC_REPRESENTATION_CONTEXT() REPRESENTATION_CONTEXT('2D SPACE',''
  ) );
#5742 = PCURVE('',#1143,#5743);
#5743 = DEFINITIONAL_REPRESENTATION('',(#5744),#5747);
#5744 = B_SPLINE_CURVE_WITH_KNOTS('',1,(#5745,#5746),.UNSPECIFIED.,.F.,
  .F.,(2,2),(31.,34.),.PIECEWISE_BEZIER_KNOTS.);
#5745 = CARTESIAN_POINT('',(0.,3.01));
#5746 = CARTESIAN_POINT('',(3.,3.01));
#5747 = ( GEOMETRIC_REPRESENTATION_CONTEXT(2) 
PARAMETRIC_REPRESENTATION_CONTEXT() REPRESENTATION_CONTEXT('2D SPACE',''
  ) );
#5748 = ORIENTED_EDGE('',*,*,#5749,.T.);
#5749 = EDGE_CURVE('',#5727,#5750,#5752,.T.);
#5750 = VERTEX_POINT('',#5751);
#5751 = CARTESIAN_POINT('',(-177.35,93.,9.));
#5752 = SURFACE_CURVE('',#5753,(#5757,#5763),.PCURVE_S1.);
#5753 = LINE('',#5754,#5755);
#5754 = CARTESIAN_POINT('',(-177.35,93.,2.));
#5755 = VECTOR('',#5756,1.);
#5756 = DIRECTION('',(-0.,0.,-1.));
#5757 = PCURVE('',#100,#5758);
#5758 = DEFINITIONAL_REPRESENTATION('',(#5759),#5762);
#5759 = B_SPLINE_CURVE_WITH_KNOTS('',1,(#5760,#5761),.UNSPECIFIED.,.F.,
  .F.,(2,2),(-21.,-7.),.PIECEWISE_BEZIER_KNOTS.);
#5760 = CARTESIAN_POINT('',(28.,62.));
#5761 = CARTESIAN_POINT('',(14.,62.));
#5762 = ( GEOMETRIC_REPRESENTATION_CONTEXT(2) 
PARAMETRIC_REPRESENTATION_CONTEXT() REPRESENTATION_CONTEXT('2D SPACE',''
  ) );
#5763 = PCURVE('',#1169,#5764);
#5764 = DEFINITIONAL_REPRESENTATION('',(#5765),#5768);
#5765 = B_SPLINE_CURVE_WITH_KNOTS('',1,(#5766,#5767),.UNSPECIFIED.,.F.,
  .F.,(2,2),(-21.,-7.),.PIECEWISE_BEZIER_KNOTS.);
#5766 = CARTESIAN_POINT('',(14.,-3.01));
#5767 = CARTESIAN_POINT('',(0.,-3.01));
#5768 = ( GEOMETRIC_REPRESENTATION_CONTEXT(2) 
PARAMETRIC_REPRESENTATION_CONTEXT() REPRESENTATION_CONTEXT('2D SPACE',''
  ) );
#5769 = ORIENTED_EDGE('',*,*,#5770,.T.);
#5770 = EDGE_CURVE('',#5750,#5771,#5773,.T.);
#5771 = VERTEX_POINT('',#5772);
#5772 = CARTESIAN_POINT('',(-174.35,93.,9.));
#5773 = SURFACE_CURVE('',#5774,(#5778,#5784),.PCURVE_S1.);
#5774 = LINE('',#5775,#5776);
#5775 = CARTESIAN_POINT('',(-208.35,93.,9.));
#5776 = VECTOR('',#5777,1.);
#5777 = DIRECTION('',(1.,0.,-0.));
#5778 = PCURVE('',#100,#5779);
#5779 = DEFINITIONAL_REPRESENTATION('',(#5780),#5783);
#5780 = B_SPLINE_CURVE_WITH_KNOTS('',1,(#5781,#5782),.UNSPECIFIED.,.F.,
  .F.,(2,2),(31.,34.),.PIECEWISE_BEZIER_KNOTS.);
#5781 = CARTESIAN_POINT('',(14.,62.));
#5782 = CARTESIAN_POINT('',(14.,65.));
#5783 = ( GEOMETRIC_REPRESENTATION_CONTEXT(2) 
PARAMETRIC_REPRESENTATION_CONTEXT() REPRESENTATION_CONTEXT('2D SPACE',''
  ) );
#5784 = PCURVE('',#1195,#5785);
#5785 = DEFINITIONAL_REPRESENTATION('',(#5786),#5789);
#5786 = B_SPLINE_CURVE_WITH_KNOTS('',1,(#5787,#5788),.UNSPECIFIED.,.F.,
  .F.,(2,2),(31.,34.),.PIECEWISE_BEZIER_KNOTS.);
#5787 = CARTESIAN_POINT('',(0.,3.01));
#5788 = CARTESIAN_POINT('',(3.,3.01));
#5789 = ( GEOMETRIC_REPRESENTATION_CONTEXT(2) 
PARAMETRIC_REPRESENTATION_CONTEXT() REPRESENTATION_CONTEXT('2D SPACE',''
  ) );
#5790 = ORIENTED_EDGE('',*,*,#5791,.F.);
#5791 = EDGE_CURVE('',#5729,#5771,#5792,.T.);
#5792 = SURFACE_CURVE('',#5793,(#5797,#5803),.PCURVE_S1.);
#5793 = LINE('',#5794,#5795);
#5794 = CARTESIAN_POINT('',(-174.35,93.,2.));
#5795 = VECTOR('',#5796,1.);
#5796 = DIRECTION('',(-0.,0.,-1.));
#5797 = PCURVE('',#100,#5798);
#5798 = DEFINITIONAL_REPRESENTATION('',(#5799),#5802);
#5799 = B_SPLINE_CURVE_WITH_KNOTS('',1,(#5800,#5801),.UNSPECIFIED.,.F.,
  .F.,(2,2),(-21.,-7.),.PIECEWISE_BEZIER_KNOTS.);
#5800 = CARTESIAN_POINT('',(28.,65.));
#5801 = CARTESIAN_POINT('',(14.,65.));
#5802 = ( GEOMETRIC_REPRESENTATION_CONTEXT(2) 
PARAMETRIC_REPRESENTATION_CONTEXT() REPRESENTATION_CONTEXT('2D SPACE',''
  ) );
#5803 = PCURVE('',#1219,#5804);
#5804 = DEFINITIONAL_REPRESENTATION('',(#5805),#5808);
#5805 = B_SPLINE_CURVE_WITH_KNOTS('',1,(#5806,#5807),.UNSPECIFIED.,.F.,
  .F.,(2,2),(-21.,-7.),.PIECEWISE_BEZIER_KNOTS.);
#5806 = CARTESIAN_POINT('',(14.,-3.01));
#5807 = CARTESIAN_POINT('',(0.,-3.01));
#5808 = ( GEOMETRIC_REPRESENTATION_CONTEXT(2) 
PARAMETRIC_REPRESENTATION_CONTEXT() REPRESENTATION_CONTEXT('2D SPACE',''
  ) );
#5809 = FACE_BOUND('',#5810,.T.);
#5810 = EDGE_LOOP('',(#5811,#5834,#5855,#5876));
#5811 = ORIENTED_EDGE('',*,*,#5812,.F.);
#5812 = EDGE_CURVE('',#5813,#5815,#5817,.T.);
#5813 = VERTEX_POINT('',#5814);
#5814 = CARTESIAN_POINT('',(-171.35,93.,23.));
#5815 = VERTEX_POINT('',#5816);
#5816 = CARTESIAN_POINT('',(-168.35,93.,23.));
#5817 = SURFACE_CURVE('',#5818,(#5822,#5828),.PCURVE_S1.);
#5818 = LINE('',#5819,#5820);
#5819 = CARTESIAN_POINT('',(-205.35,93.,23.));
#5820 = VECTOR('',#5821,1.);
#5821 = DIRECTION('',(1.,0.,-0.));
#5822 = PCURVE('',#100,#5823);
#5823 = DEFINITIONAL_REPRESENTATION('',(#5824),#5827);
#5824 = B_SPLINE_CURVE_WITH_KNOTS('',1,(#5825,#5826),.UNSPECIFIED.,.F.,
  .F.,(2,2),(34.,37.),.PIECEWISE_BEZIER_KNOTS.);
#5825 = CARTESIAN_POINT('',(28.,68.));
#5826 = CARTESIAN_POINT('',(28.,71.));
#5827 = ( GEOMETRIC_REPRESENTATION_CONTEXT(2) 
PARAMETRIC_REPRESENTATION_CONTEXT() REPRESENTATION_CONTEXT('2D SPACE',''
  ) );
#5828 = PCURVE('',#1249,#5829);
#5829 = DEFINITIONAL_REPRESENTATION('',(#5830),#5833);
#5830 = B_SPLINE_CURVE_WITH_KNOTS('',1,(#5831,#5832),.UNSPECIFIED.,.F.,
  .F.,(2,2),(34.,37.),.PIECEWISE_BEZIER_KNOTS.);
#5831 = CARTESIAN_POINT('',(0.,3.01));
#5832 = CARTESIAN_POINT('',(3.,3.01));
#5833 = ( GEOMETRIC_REPRESENTATION_CONTEXT(2) 
PARAMETRIC_REPRESENTATION_CONTEXT() REPRESENTATION_CONTEXT('2D SPACE',''
  ) );
#5834 = ORIENTED_EDGE('',*,*,#5835,.T.);
#5835 = EDGE_CURVE('',#5813,#5836,#5838,.T.);
#5836 = VERTEX_POINT('',#5837);
#5837 = CARTESIAN_POINT('',(-171.35,93.,9.));
#5838 = SURFACE_CURVE('',#5839,(#5843,#5849),.PCURVE_S1.);
#5839 = LINE('',#5840,#5841);
#5840 = CARTESIAN_POINT('',(-171.35,93.,2.));
#5841 = VECTOR('',#5842,1.);
#5842 = DIRECTION('',(-0.,0.,-1.));
#5843 = PCURVE('',#100,#5844);
#5844 = DEFINITIONAL_REPRESENTATION('',(#5845),#5848);
#5845 = B_SPLINE_CURVE_WITH_KNOTS('',1,(#5846,#5847),.UNSPECIFIED.,.F.,
  .F.,(2,2),(-21.,-7.),.PIECEWISE_BEZIER_KNOTS.);
#5846 = CARTESIAN_POINT('',(28.,68.));
#5847 = CARTESIAN_POINT('',(14.,68.));
#5848 = ( GEOMETRIC_REPRESENTATION_CONTEXT(2) 
PARAMETRIC_REPRESENTATION_CONTEXT() REPRESENTATION_CONTEXT('2D SPACE',''
  ) );
#5849 = PCURVE('',#1275,#5850);
#5850 = DEFINITIONAL_REPRESENTATION('',(#5851),#5854);
#5851 = B_SPLINE_CURVE_WITH_KNOTS('',1,(#5852,#5853),.UNSPECIFIED.,.F.,
  .F.,(2,2),(-21.,-7.),.PIECEWISE_BEZIER_KNOTS.);
#5852 = CARTESIAN_POINT('',(14.,-3.01));
#5853 = CARTESIAN_POINT('',(0.,-3.01));
#5854 = ( GEOMETRIC_REPRESENTATION_CONTEXT(2) 
PARAMETRIC_REPRESENTATION_CONTEXT() REPRESENTATION_CONTEXT('2D SPACE',''
  ) );
#5855 = ORIENTED_EDGE('',*,*,#5856,.T.);
#5856 = EDGE_CURVE('',#5836,#5857,#5859,.T.);
#5857 = VERTEX_POINT('',#5858);
#5858 = CARTESIAN_POINT('',(-168.35,93.,9.));
#5859 = SURFACE_CURVE('',#5860,(#5864,#5870),.PCURVE_S1.);
#5860 = LINE('',#5861,#5862);
#5861 = CARTESIAN_POINT('',(-205.35,93.,9.));
#5862 = VECTOR('',#5863,1.);
#5863 = DIRECTION('',(1.,0.,-0.));
#5864 = PCURVE('',#100,#5865);
#5865 = DEFINITIONAL_REPRESENTATION('',(#5866),#5869);
#5866 = B_SPLINE_CURVE_WITH_KNOTS('',1,(#5867,#5868),.UNSPECIFIED.,.F.,
  .F.,(2,2),(34.,37.),.PIECEWISE_BEZIER_KNOTS.);
#5867 = CARTESIAN_POINT('',(14.,68.));
#5868 = CARTESIAN_POINT('',(14.,71.));
#5869 = ( GEOMETRIC_REPRESENTATION_CONTEXT(2) 
PARAMETRIC_REPRESENTATION_CONTEXT() REPRESENTATION_CONTEXT('2D SPACE',''
  ) );
#5870 = PCURVE('',#1301,#5871);
#5871 = DEFINITIONAL_REPRESENTATION('',(#5872),#5875);
#5872 = B_SPLINE_CURVE_WITH_KNOTS('',1,(#5873,#5874),.UNSPECIFIED.,.F.,
  .F.,(2,2),(34.,37.),.PIECEWISE_BEZIER_KNOTS.);
#5873 = CARTESIAN_POINT('',(0.,3.01));
#5874 = CARTESIAN_POINT('',(3.,3.01));
#5875 = ( GEOMETRIC_REPRESENTATION_CONTEXT(2) 
PARAMETRIC_REPRESENTATION_CONTEXT() REPRESENTATION_CONTEXT('2D SPACE',''
  ) );
#5876 = ORIENTED_EDGE('',*,*,#5877,.F.);
#5877 = EDGE_CURVE('',#5815,#5857,#5878,.T.);
#5878 = SURFACE_CURVE('',#5879,(#5883,#5889),.PCURVE_S1.);
#5879 = LINE('',#5880,#5881);
#5880 = CARTESIAN_POINT('',(-168.35,93.,2.));
#5881 = VECTOR('',#5882,1.);
#5882 = DIRECTION('',(-0.,0.,-1.));
#5883 = PCURVE('',#100,#5884);
#5884 = DEFINITIONAL_REPRESENTATION('',(#5885),#5888);
#5885 = B_SPLINE_CURVE_WITH_KNOTS('',1,(#5886,#5887),.UNSPECIFIED.,.F.,
  .F.,(2,2),(-21.,-7.),.PIECEWISE_BEZIER_KNOTS.);
#5886 = CARTESIAN_POINT('',(28.,71.));
#5887 = CARTESIAN_POINT('',(14.,71.));
#5888 = ( GEOMETRIC_REPRESENTATION_CONTEXT(2) 
PARAMETRIC_REPRESENTATION_CONTEXT() REPRESENTATION_CONTEXT('2D SPACE',''
  ) );
#5889 = PCURVE('',#1325,#5890);
#5890 = DEFINITIONAL_REPRESENTATION('',(#5891),#5894);
#5891 = B_SPLINE_CURVE_WITH_KNOTS('',1,(#5892,#5893),.UNSPECIFIED.,.F.,
  .F.,(2,2),(-21.,-7.),.PIECEWISE_BEZIER_KNOTS.);
#5892 = CARTESIAN_POINT('',(14.,-3.01));
#5893 = CARTESIAN_POINT('',(0.,-3.01));
#5894 = ( GEOMETRIC_REPRESENTATION_CONTEXT(2) 
PARAMETRIC_REPRESENTATION_CONTEXT() REPRESENTATION_CONTEXT('2D SPACE',''
  ) );
#5895 = FACE_BOUND('',#5896,.T.);
#5896 = EDGE_LOOP('',(#5897));
#5897 = ORIENTED_EDGE('',*,*,#5898,.F.);
#5898 = EDGE_CURVE('',#5899,#5899,#5901,.T.);
#5899 = VERTEX_POINT('',#5900);
#5900 = CARTESIAN_POINT('',(-231.225,93.,71.05));
#5901 = SURFACE_CURVE('',#5902,(#5907,#5914),.PCURVE_S1.);
#5902 = CIRCLE('',#5903,3.125);
#5903 = AXIS2_PLACEMENT_3D('',#5904,#5905,#5906);
#5904 = CARTESIAN_POINT('',(-234.35,93.,71.05));
#5905 = DIRECTION('',(0.,1.,2.22044604925E-16));
#5906 = DIRECTION('',(1.,0.,-0.));
#5907 = PCURVE('',#100,#5908);
#5908 = DEFINITIONAL_REPRESENTATION('',(#5909),#5913);
#5909 = CIRCLE('',#5910,3.125);
#5910 = AXIS2_PLACEMENT_2D('',#5911,#5912);
#5911 = CARTESIAN_POINT('',(76.05,5.));
#5912 = DIRECTION('',(0.,1.));
#5913 = ( GEOMETRIC_REPRESENTATION_CONTEXT(2) 
PARAMETRIC_REPRESENTATION_CONTEXT() REPRESENTATION_CONTEXT('2D SPACE',''
  ) );
#5914 = PCURVE('',#5915,#5920);
#5915 = CYLINDRICAL_SURFACE('',#5916,3.125);
#5916 = AXIS2_PLACEMENT_3D('',#5917,#5918,#5919);
#5917 = CARTESIAN_POINT('',(-234.35,91.4,71.05));
#5918 = DIRECTION('',(0.,1.,2.22044604925E-16));
#5919 = DIRECTION('',(1.,0.,-0.));
#5920 = DEFINITIONAL_REPRESENTATION('',(#5921),#5925);
#5921 = LINE('',#5922,#5923);
#5922 = CARTESIAN_POINT('',(0.,1.6));
#5923 = VECTOR('',#5924,1.);
#5924 = DIRECTION('',(1.,0.));
#5925 = ( GEOMETRIC_REPRESENTATION_CONTEXT(2) 
PARAMETRIC_REPRESENTATION_CONTEXT() REPRESENTATION_CONTEXT('2D SPACE',''
  ) );
#5926 = FACE_BOUND('',#5927,.T.);
#5927 = EDGE_LOOP('',(#5928,#5951,#5972,#5993));
#5928 = ORIENTED_EDGE('',*,*,#5929,.F.);
#5929 = EDGE_CURVE('',#5930,#5932,#5934,.T.);
#5930 = VERTEX_POINT('',#5931);
#5931 = CARTESIAN_POINT('',(-225.35,93.,92.5));
#5932 = VERTEX_POINT('',#5933);
#5933 = CARTESIAN_POINT('',(-222.35,93.,92.5));
#5934 = SURFACE_CURVE('',#5935,(#5939,#5945),.PCURVE_S1.);
#5935 = LINE('',#5936,#5937);
#5936 = CARTESIAN_POINT('',(-232.35,93.,92.5));
#5937 = VECTOR('',#5938,1.);
#5938 = DIRECTION('',(1.,0.,-0.));
#5939 = PCURVE('',#100,#5940);
#5940 = DEFINITIONAL_REPRESENTATION('',(#5941),#5944);
#5941 = B_SPLINE_CURVE_WITH_KNOTS('',1,(#5942,#5943),.UNSPECIFIED.,.F.,
  .F.,(2,2),(7.,10.),.PIECEWISE_BEZIER_KNOTS.);
#5942 = CARTESIAN_POINT('',(97.5,14.));
#5943 = CARTESIAN_POINT('',(97.5,17.));
#5944 = ( GEOMETRIC_REPRESENTATION_CONTEXT(2) 
PARAMETRIC_REPRESENTATION_CONTEXT() REPRESENTATION_CONTEXT('2D SPACE',''
  ) );
#5945 = PCURVE('',#1386,#5946);
#5946 = DEFINITIONAL_REPRESENTATION('',(#5947),#5950);
#5947 = B_SPLINE_CURVE_WITH_KNOTS('',1,(#5948,#5949),.UNSPECIFIED.,.F.,
  .F.,(2,2),(7.,10.),.PIECEWISE_BEZIER_KNOTS.);
#5948 = CARTESIAN_POINT('',(0.,3.01));
#5949 = CARTESIAN_POINT('',(3.,3.01));
#5950 = ( GEOMETRIC_REPRESENTATION_CONTEXT(2) 
PARAMETRIC_REPRESENTATION_CONTEXT() REPRESENTATION_CONTEXT('2D SPACE',''
  ) );
#5951 = ORIENTED_EDGE('',*,*,#5952,.T.);
#5952 = EDGE_CURVE('',#5930,#5953,#5955,.T.);
#5953 = VERTEX_POINT('',#5954);
#5954 = CARTESIAN_POINT('',(-225.35,93.,78.5));
#5955 = SURFACE_CURVE('',#5956,(#5960,#5966),.PCURVE_S1.);
#5956 = LINE('',#5957,#5958);
#5957 = CARTESIAN_POINT('',(-225.35,93.,36.75));
#5958 = VECTOR('',#5959,1.);
#5959 = DIRECTION('',(-0.,0.,-1.));
#5960 = PCURVE('',#100,#5961);
#5961 = DEFINITIONAL_REPRESENTATION('',(#5962),#5965);
#5962 = B_SPLINE_CURVE_WITH_KNOTS('',1,(#5963,#5964),.UNSPECIFIED.,.F.,
  .F.,(2,2),(-55.75,-41.75),.PIECEWISE_BEZIER_KNOTS.);
#5963 = CARTESIAN_POINT('',(97.5,14.));
#5964 = CARTESIAN_POINT('',(83.5,14.));
#5965 = ( GEOMETRIC_REPRESENTATION_CONTEXT(2) 
PARAMETRIC_REPRESENTATION_CONTEXT() REPRESENTATION_CONTEXT('2D SPACE',''
  ) );
#5966 = PCURVE('',#1412,#5967);
#5967 = DEFINITIONAL_REPRESENTATION('',(#5968),#5971);
#5968 = B_SPLINE_CURVE_WITH_KNOTS('',1,(#5969,#5970),.UNSPECIFIED.,.F.,
  .F.,(2,2),(-55.75,-41.75),.PIECEWISE_BEZIER_KNOTS.);
#5969 = CARTESIAN_POINT('',(14.,-3.01));
#5970 = CARTESIAN_POINT('',(0.,-3.01));
#5971 = ( GEOMETRIC_REPRESENTATION_CONTEXT(2) 
PARAMETRIC_REPRESENTATION_CONTEXT() REPRESENTATION_CONTEXT('2D SPACE',''
  ) );
#5972 = ORIENTED_EDGE('',*,*,#5973,.T.);
#5973 = EDGE_CURVE('',#5953,#5974,#5976,.T.);
#5974 = VERTEX_POINT('',#5975);
#5975 = CARTESIAN_POINT('',(-222.35,93.,78.5));
#5976 = SURFACE_CURVE('',#5977,(#5981,#5987),.PCURVE_S1.);
#5977 = LINE('',#5978,#5979);
#5978 = CARTESIAN_POINT('',(-232.35,93.,78.5));
#5979 = VECTOR('',#5980,1.);
#5980 = DIRECTION('',(1.,0.,-0.));
#5981 = PCURVE('',#100,#5982);
#5982 = DEFINITIONAL_REPRESENTATION('',(#5983),#5986);
#5983 = B_SPLINE_CURVE_WITH_KNOTS('',1,(#5984,#5985),.UNSPECIFIED.,.F.,
  .F.,(2,2),(7.,10.),.PIECEWISE_BEZIER_KNOTS.);
#5984 = CARTESIAN_POINT('',(83.5,14.));
#5985 = CARTESIAN_POINT('',(83.5,17.));
#5986 = ( GEOMETRIC_REPRESENTATION_CONTEXT(2) 
PARAMETRIC_REPRESENTATION_CONTEXT() REPRESENTATION_CONTEXT('2D SPACE',''
  ) );
#5987 = PCURVE('',#1438,#5988);
#5988 = DEFINITIONAL_REPRESENTATION('',(#5989),#5992);
#5989 = B_SPLINE_CURVE_WITH_KNOTS('',1,(#5990,#5991),.UNSPECIFIED.,.F.,
  .F.,(2,2),(7.,10.),.PIECEWISE_BEZIER_KNOTS.);
#5990 = CARTESIAN_POINT('',(0.,3.01));
#5991 = CARTESIAN_POINT('',(3.,3.01));
#5992 = ( GEOMETRIC_REPRESENTATION_CONTEXT(2) 
PARAMETRIC_REPRESENTATION_CONTEXT() REPRESENTATION_CONTEXT('2D SPACE',''
  ) );
#5993 = ORIENTED_EDGE('',*,*,#5994,.F.);
#5994 = EDGE_CURVE('',#5932,#5974,#5995,.T.);
#5995 = SURFACE_CURVE('',#5996,(#6000,#6006),.PCURVE_S1.);
#5996 = LINE('',#5997,#5998);
#5997 = CARTESIAN_POINT('',(-222.35,93.,36.75));
#5998 = VECTOR('',#5999,1.);
#5999 = DIRECTION('',(-0.,0.,-1.));
#6000 = PCURVE('',#100,#6001);
#6001 = DEFINITIONAL_REPRESENTATION('',(#6002),#6005);
#6002 = B_SPLINE_CURVE_WITH_KNOTS('',1,(#6003,#6004),.UNSPECIFIED.,.F.,
  .F.,(2,2),(-55.75,-41.75),.PIECEWISE_BEZIER_KNOTS.);
#6003 = CARTESIAN_POINT('',(97.5,17.));
#6004 = CARTESIAN_POINT('',(83.5,17.));
#6005 = ( GEOMETRIC_REPRESENTATION_CONTEXT(2) 
PARAMETRIC_REPRESENTATION_CONTEXT() REPRESENTATION_CONTEXT('2D SPACE',''
  ) );
#6006 = PCURVE('',#1462,#6007);
#6007 = DEFINITIONAL_REPRESENTATION('',(#6008),#6011);
#6008 = B_SPLINE_CURVE_WITH_KNOTS('',1,(#6009,#6010),.UNSPECIFIED.,.F.,
  .F.,(2,2),(-55.75,-41.75),.PIECEWISE_BEZIER_KNOTS.);
#6009 = CARTESIAN_POINT('',(14.,-3.01));
#6010 = CARTESIAN_POINT('',(0.,-3.01));
#6011 = ( GEOMETRIC_REPRESENTATION_CONTEXT(2) 
PARAMETRIC_REPRESENTATION_CONTEXT() REPRESENTATION_CONTEXT('2D SPACE',''
  ) );
#6012 = FACE_BOUND('',#6013,.T.);
#6013 = EDGE_LOOP('',(#6014,#6037,#6058,#6079));
#6014 = ORIENTED_EDGE('',*,*,#6015,.F.);
#6015 = EDGE_CURVE('',#6016,#6018,#6020,.T.);
#6016 = VERTEX_POINT('',#6017);
#6017 = CARTESIAN_POINT('',(-219.35,93.,92.5));
#6018 = VERTEX_POINT('',#6019);
#6019 = CARTESIAN_POINT('',(-216.35,93.,92.5));
#6020 = SURFACE_CURVE('',#6021,(#6025,#6031),.PCURVE_S1.);
#6021 = LINE('',#6022,#6023);
#6022 = CARTESIAN_POINT('',(-229.35,93.,92.5));
#6023 = VECTOR('',#6024,1.);
#6024 = DIRECTION('',(1.,0.,-0.));
#6025 = PCURVE('',#100,#6026);
#6026 = DEFINITIONAL_REPRESENTATION('',(#6027),#6030);
#6027 = B_SPLINE_CURVE_WITH_KNOTS('',1,(#6028,#6029),.UNSPECIFIED.,.F.,
  .F.,(2,2),(10.,13.),.PIECEWISE_BEZIER_KNOTS.);
#6028 = CARTESIAN_POINT('',(97.5,20.));
#6029 = CARTESIAN_POINT('',(97.5,23.));
#6030 = ( GEOMETRIC_REPRESENTATION_CONTEXT(2) 
PARAMETRIC_REPRESENTATION_CONTEXT() REPRESENTATION_CONTEXT('2D SPACE',''
  ) );
#6031 = PCURVE('',#1492,#6032);
#6032 = DEFINITIONAL_REPRESENTATION('',(#6033),#6036);
#6033 = B_SPLINE_CURVE_WITH_KNOTS('',1,(#6034,#6035),.UNSPECIFIED.,.F.,
  .F.,(2,2),(10.,13.),.PIECEWISE_BEZIER_KNOTS.);
#6034 = CARTESIAN_POINT('',(0.,3.01));
#6035 = CARTESIAN_POINT('',(3.,3.01));
#6036 = ( GEOMETRIC_REPRESENTATION_CONTEXT(2) 
PARAMETRIC_REPRESENTATION_CONTEXT() REPRESENTATION_CONTEXT('2D SPACE',''
  ) );
#6037 = ORIENTED_EDGE('',*,*,#6038,.T.);
#6038 = EDGE_CURVE('',#6016,#6039,#6041,.T.);
#6039 = VERTEX_POINT('',#6040);
#6040 = CARTESIAN_POINT('',(-219.35,93.,78.5));
#6041 = SURFACE_CURVE('',#6042,(#6046,#6052),.PCURVE_S1.);
#6042 = LINE('',#6043,#6044);
#6043 = CARTESIAN_POINT('',(-219.35,93.,36.75));
#6044 = VECTOR('',#6045,1.);
#6045 = DIRECTION('',(-0.,0.,-1.));
#6046 = PCURVE('',#100,#6047);
#6047 = DEFINITIONAL_REPRESENTATION('',(#6048),#6051);
#6048 = B_SPLINE_CURVE_WITH_KNOTS('',1,(#6049,#6050),.UNSPECIFIED.,.F.,
  .F.,(2,2),(-55.75,-41.75),.PIECEWISE_BEZIER_KNOTS.);
#6049 = CARTESIAN_POINT('',(97.5,20.));
#6050 = CARTESIAN_POINT('',(83.5,20.));
#6051 = ( GEOMETRIC_REPRESENTATION_CONTEXT(2) 
PARAMETRIC_REPRESENTATION_CONTEXT() REPRESENTATION_CONTEXT('2D SPACE',''
  ) );
#6052 = PCURVE('',#1518,#6053);
#6053 = DEFINITIONAL_REPRESENTATION('',(#6054),#6057);
#6054 = B_SPLINE_CURVE_WITH_KNOTS('',1,(#6055,#6056),.UNSPECIFIED.,.F.,
  .F.,(2,2),(-55.75,-41.75),.PIECEWISE_BEZIER_KNOTS.);
#6055 = CARTESIAN_POINT('',(14.,-3.01));
#6056 = CARTESIAN_POINT('',(0.,-3.01));
#6057 = ( GEOMETRIC_REPRESENTATION_CONTEXT(2) 
PARAMETRIC_REPRESENTATION_CONTEXT() REPRESENTATION_CONTEXT('2D SPACE',''
  ) );
#6058 = ORIENTED_EDGE('',*,*,#6059,.T.);
#6059 = EDGE_CURVE('',#6039,#6060,#6062,.T.);
#6060 = VERTEX_POINT('',#6061);
#6061 = CARTESIAN_POINT('',(-216.35,93.,78.5));
#6062 = SURFACE_CURVE('',#6063,(#6067,#6073),.PCURVE_S1.);
#6063 = LINE('',#6064,#6065);
#6064 = CARTESIAN_POINT('',(-229.35,93.,78.5));
#6065 = VECTOR('',#6066,1.);
#6066 = DIRECTION('',(1.,0.,-0.));
#6067 = PCURVE('',#100,#6068);
#6068 = DEFINITIONAL_REPRESENTATION('',(#6069),#6072);
#6069 = B_SPLINE_CURVE_WITH_KNOTS('',1,(#6070,#6071),.UNSPECIFIED.,.F.,
  .F.,(2,2),(10.,13.),.PIECEWISE_BEZIER_KNOTS.);
#6070 = CARTESIAN_POINT('',(83.5,20.));
#6071 = CARTESIAN_POINT('',(83.5,23.));
#6072 = ( GEOMETRIC_REPRESENTATION_CONTEXT(2) 
PARAMETRIC_REPRESENTATION_CONTEXT() REPRESENTATION_CONTEXT('2D SPACE',''
  ) );
#6073 = PCURVE('',#1544,#6074);
#6074 = DEFINITIONAL_REPRESENTATION('',(#6075),#6078);
#6075 = B_SPLINE_CURVE_WITH_KNOTS('',1,(#6076,#6077),.UNSPECIFIED.,.F.,
  .F.,(2,2),(10.,13.),.PIECEWISE_BEZIER_KNOTS.);
#6076 = CARTESIAN_POINT('',(0.,3.01));
#6077 = CARTESIAN_POINT('',(3.,3.01));
#6078 = ( GEOMETRIC_REPRESENTATION_CONTEXT(2) 
PARAMETRIC_REPRESENTATION_CONTEXT() REPRESENTATION_CONTEXT('2D SPACE',''
  ) );
#6079 = ORIENTED_EDGE('',*,*,#6080,.F.);
#6080 = EDGE_CURVE('',#6018,#6060,#6081,.T.);
#6081 = SURFACE_CURVE('',#6082,(#6086,#6092),.PCURVE_S1.);
#6082 = LINE('',#6083,#6084);
#6083 = CARTESIAN_POINT('',(-216.35,93.,36.75));
#6084 = VECTOR('',#6085,1.);
#6085 = DIRECTION('',(-0.,0.,-1.));
#6086 = PCURVE('',#100,#6087);
#6087 = DEFINITIONAL_REPRESENTATION('',(#6088),#6091);
#6088 = B_SPLINE_CURVE_WITH_KNOTS('',1,(#6089,#6090),.UNSPECIFIED.,.F.,
  .F.,(2,2),(-55.75,-41.75),.PIECEWISE_BEZIER_KNOTS.);
#6089 = CARTESIAN_POINT('',(97.5,23.));
#6090 = CARTESIAN_POINT('',(83.5,23.));
#6091 = ( GEOMETRIC_REPRESENTATION_CONTEXT(2) 
PARAMETRIC_REPRESENTATION_CONTEXT() REPRESENTATION_CONTEXT('2D SPACE',''
  ) );
#6092 = PCURVE('',#1568,#6093);
#6093 = DEFINITIONAL_REPRESENTATION('',(#6094),#6097);
#6094 = B_SPLINE_CURVE_WITH_KNOTS('',1,(#6095,#6096),.UNSPECIFIED.,.F.,
  .F.,(2,2),(-55.75,-41.75),.PIECEWISE_BEZIER_KNOTS.);
#6095 = CARTESIAN_POINT('',(14.,-3.01));
#6096 = CARTESIAN_POINT('',(0.,-3.01));
#6097 = ( GEOMETRIC_REPRESENTATION_CONTEXT(2) 
PARAMETRIC_REPRESENTATION_CONTEXT() REPRESENTATION_CONTEXT('2D SPACE',''
  ) );
#6098 = FACE_BOUND('',#6099,.T.);
#6099 = EDGE_LOOP('',(#6100,#6123,#6144,#6165));
#6100 = ORIENTED_EDGE('',*,*,#6101,.F.);
#6101 = EDGE_CURVE('',#6102,#6104,#6106,.T.);
#6102 = VERTEX_POINT('',#6103);
#6103 = CARTESIAN_POINT('',(-213.35,93.,92.5));
#6104 = VERTEX_POINT('',#6105);
#6105 = CARTESIAN_POINT('',(-210.35,93.,92.5));
#6106 = SURFACE_CURVE('',#6107,(#6111,#6117),.PCURVE_S1.);
#6107 = LINE('',#6108,#6109);
#6108 = CARTESIAN_POINT('',(-226.35,93.,92.5));
#6109 = VECTOR('',#6110,1.);
#6110 = DIRECTION('',(1.,0.,-0.));
#6111 = PCURVE('',#100,#6112);
#6112 = DEFINITIONAL_REPRESENTATION('',(#6113),#6116);
#6113 = B_SPLINE_CURVE_WITH_KNOTS('',1,(#6114,#6115),.UNSPECIFIED.,.F.,
  .F.,(2,2),(13.,16.),.PIECEWISE_BEZIER_KNOTS.);
#6114 = CARTESIAN_POINT('',(97.5,26.));
#6115 = CARTESIAN_POINT('',(97.5,29.));
#6116 = ( GEOMETRIC_REPRESENTATION_CONTEXT(2) 
PARAMETRIC_REPRESENTATION_CONTEXT() REPRESENTATION_CONTEXT('2D SPACE',''
  ) );
#6117 = PCURVE('',#1598,#6118);
#6118 = DEFINITIONAL_REPRESENTATION('',(#6119),#6122);
#6119 = B_SPLINE_CURVE_WITH_KNOTS('',1,(#6120,#6121),.UNSPECIFIED.,.F.,
  .F.,(2,2),(13.,16.),.PIECEWISE_BEZIER_KNOTS.);
#6120 = CARTESIAN_POINT('',(0.,3.01));
#6121 = CARTESIAN_POINT('',(3.,3.01));
#6122 = ( GEOMETRIC_REPRESENTATION_CONTEXT(2) 
PARAMETRIC_REPRESENTATION_CONTEXT() REPRESENTATION_CONTEXT('2D SPACE',''
  ) );
#6123 = ORIENTED_EDGE('',*,*,#6124,.T.);
#6124 = EDGE_CURVE('',#6102,#6125,#6127,.T.);
#6125 = VERTEX_POINT('',#6126);
#6126 = CARTESIAN_POINT('',(-213.35,93.,78.5));
#6127 = SURFACE_CURVE('',#6128,(#6132,#6138),.PCURVE_S1.);
#6128 = LINE('',#6129,#6130);
#6129 = CARTESIAN_POINT('',(-213.35,93.,36.75));
#6130 = VECTOR('',#6131,1.);
#6131 = DIRECTION('',(-0.,0.,-1.));
#6132 = PCURVE('',#100,#6133);
#6133 = DEFINITIONAL_REPRESENTATION('',(#6134),#6137);
#6134 = B_SPLINE_CURVE_WITH_KNOTS('',1,(#6135,#6136),.UNSPECIFIED.,.F.,
  .F.,(2,2),(-55.75,-41.75),.PIECEWISE_BEZIER_KNOTS.);
#6135 = CARTESIAN_POINT('',(97.5,26.));
#6136 = CARTESIAN_POINT('',(83.5,26.));
#6137 = ( GEOMETRIC_REPRESENTATION_CONTEXT(2) 
PARAMETRIC_REPRESENTATION_CONTEXT() REPRESENTATION_CONTEXT('2D SPACE',''
  ) );
#6138 = PCURVE('',#1624,#6139);
#6139 = DEFINITIONAL_REPRESENTATION('',(#6140),#6143);
#6140 = B_SPLINE_CURVE_WITH_KNOTS('',1,(#6141,#6142),.UNSPECIFIED.,.F.,
  .F.,(2,2),(-55.75,-41.75),.PIECEWISE_BEZIER_KNOTS.);
#6141 = CARTESIAN_POINT('',(14.,-3.01));
#6142 = CARTESIAN_POINT('',(0.,-3.01));
#6143 = ( GEOMETRIC_REPRESENTATION_CONTEXT(2) 
PARAMETRIC_REPRESENTATION_CONTEXT() REPRESENTATION_CONTEXT('2D SPACE',''
  ) );
#6144 = ORIENTED_EDGE('',*,*,#6145,.T.);
#6145 = EDGE_CURVE('',#6125,#6146,#6148,.T.);
#6146 = VERTEX_POINT('',#6147);
#6147 = CARTESIAN_POINT('',(-210.35,93.,78.5));
#6148 = SURFACE_CURVE('',#6149,(#6153,#6159),.PCURVE_S1.);
#6149 = LINE('',#6150,#6151);
#6150 = CARTESIAN_POINT('',(-226.35,93.,78.5));
#6151 = VECTOR('',#6152,1.);
#6152 = DIRECTION('',(1.,0.,-0.));
#6153 = PCURVE('',#100,#6154);
#6154 = DEFINITIONAL_REPRESENTATION('',(#6155),#6158);
#6155 = B_SPLINE_CURVE_WITH_KNOTS('',1,(#6156,#6157),.UNSPECIFIED.,.F.,
  .F.,(2,2),(13.,16.),.PIECEWISE_BEZIER_KNOTS.);
#6156 = CARTESIAN_POINT('',(83.5,26.));
#6157 = CARTESIAN_POINT('',(83.5,29.));
#6158 = ( GEOMETRIC_REPRESENTATION_CONTEXT(2) 
PARAMETRIC_REPRESENTATION_CONTEXT() REPRESENTATION_CONTEXT('2D SPACE',''
  ) );
#6159 = PCURVE('',#1650,#6160);
#6160 = DEFINITIONAL_REPRESENTATION('',(#6161),#6164);
#6161 = B_SPLINE_CURVE_WITH_KNOTS('',1,(#6162,#6163),.UNSPECIFIED.,.F.,
  .F.,(2,2),(13.,16.),.PIECEWISE_BEZIER_KNOTS.);
#6162 = CARTESIAN_POINT('',(0.,3.01));
#6163 = CARTESIAN_POINT('',(3.,3.01));
#6164 = ( GEOMETRIC_REPRESENTATION_CONTEXT(2) 
PARAMETRIC_REPRESENTATION_CONTEXT() REPRESENTATION_CONTEXT('2D SPACE',''
  ) );
#6165 = ORIENTED_EDGE('',*,*,#6166,.F.);
#6166 = EDGE_CURVE('',#6104,#6146,#6167,.T.);
#6167 = SURFACE_CURVE('',#6168,(#6172,#6178),.PCURVE_S1.);
#6168 = LINE('',#6169,#6170);
#6169 = CARTESIAN_POINT('',(-210.35,93.,36.75));
#6170 = VECTOR('',#6171,1.);
#6171 = DIRECTION('',(-0.,0.,-1.));
#6172 = PCURVE('',#100,#6173);
#6173 = DEFINITIONAL_REPRESENTATION('',(#6174),#6177);
#6174 = B_SPLINE_CURVE_WITH_KNOTS('',1,(#6175,#6176),.UNSPECIFIED.,.F.,
  .F.,(2,2),(-55.75,-41.75),.PIECEWISE_BEZIER_KNOTS.);
#6175 = CARTESIAN_POINT('',(97.5,29.));
#6176 = CARTESIAN_POINT('',(83.5,29.));
#6177 = ( GEOMETRIC_REPRESENTATION_CONTEXT(2) 
PARAMETRIC_REPRESENTATION_CONTEXT() REPRESENTATION_CONTEXT('2D SPACE',''
  ) );
#6178 = PCURVE('',#1674,#6179);
#6179 = DEFINITIONAL_REPRESENTATION('',(#6180),#6183);
#6180 = B_SPLINE_CURVE_WITH_KNOTS('',1,(#6181,#6182),.UNSPECIFIED.,.F.,
  .F.,(2,2),(-55.75,-41.75),.PIECEWISE_BEZIER_KNOTS.);
#6181 = CARTESIAN_POINT('',(14.,-3.01));
#6182 = CARTESIAN_POINT('',(0.,-3.01));
#6183 = ( GEOMETRIC_REPRESENTATION_CONTEXT(2) 
PARAMETRIC_REPRESENTATION_CONTEXT() REPRESENTATION_CONTEXT('2D SPACE',''
  ) );
#6184 = FACE_BOUND('',#6185,.T.);
#6185 = EDGE_LOOP('',(#6186,#6209,#6230,#6251));
#6186 = ORIENTED_EDGE('',*,*,#6187,.F.);
#6187 = EDGE_CURVE('',#6188,#6190,#6192,.T.);
#6188 = VERTEX_POINT('',#6189);
#6189 = CARTESIAN_POINT('',(-207.35,93.,92.5));
#6190 = VERTEX_POINT('',#6191);
#6191 = CARTESIAN_POINT('',(-204.35,93.,92.5));
#6192 = SURFACE_CURVE('',#6193,(#6197,#6203),.PCURVE_S1.);
#6193 = LINE('',#6194,#6195);
#6194 = CARTESIAN_POINT('',(-223.35,93.,92.5));
#6195 = VECTOR('',#6196,1.);
#6196 = DIRECTION('',(1.,0.,-0.));
#6197 = PCURVE('',#100,#6198);
#6198 = DEFINITIONAL_REPRESENTATION('',(#6199),#6202);
#6199 = B_SPLINE_CURVE_WITH_KNOTS('',1,(#6200,#6201),.UNSPECIFIED.,.F.,
  .F.,(2,2),(16.,19.),.PIECEWISE_BEZIER_KNOTS.);
#6200 = CARTESIAN_POINT('',(97.5,32.));
#6201 = CARTESIAN_POINT('',(97.5,35.));
#6202 = ( GEOMETRIC_REPRESENTATION_CONTEXT(2) 
PARAMETRIC_REPRESENTATION_CONTEXT() REPRESENTATION_CONTEXT('2D SPACE',''
  ) );
#6203 = PCURVE('',#1704,#6204);
#6204 = DEFINITIONAL_REPRESENTATION('',(#6205),#6208);
#6205 = B_SPLINE_CURVE_WITH_KNOTS('',1,(#6206,#6207),.UNSPECIFIED.,.F.,
  .F.,(2,2),(16.,19.),.PIECEWISE_BEZIER_KNOTS.);
#6206 = CARTESIAN_POINT('',(0.,3.01));
#6207 = CARTESIAN_POINT('',(3.,3.01));
#6208 = ( GEOMETRIC_REPRESENTATION_CONTEXT(2) 
PARAMETRIC_REPRESENTATION_CONTEXT() REPRESENTATION_CONTEXT('2D SPACE',''
  ) );
#6209 = ORIENTED_EDGE('',*,*,#6210,.T.);
#6210 = EDGE_CURVE('',#6188,#6211,#6213,.T.);
#6211 = VERTEX_POINT('',#6212);
#6212 = CARTESIAN_POINT('',(-207.35,93.,78.5));
#6213 = SURFACE_CURVE('',#6214,(#6218,#6224),.PCURVE_S1.);
#6214 = LINE('',#6215,#6216);
#6215 = CARTESIAN_POINT('',(-207.35,93.,36.75));
#6216 = VECTOR('',#6217,1.);
#6217 = DIRECTION('',(-0.,0.,-1.));
#6218 = PCURVE('',#100,#6219);
#6219 = DEFINITIONAL_REPRESENTATION('',(#6220),#6223);
#6220 = B_SPLINE_CURVE_WITH_KNOTS('',1,(#6221,#6222),.UNSPECIFIED.,.F.,
  .F.,(2,2),(-55.75,-41.75),.PIECEWISE_BEZIER_KNOTS.);
#6221 = CARTESIAN_POINT('',(97.5,32.));
#6222 = CARTESIAN_POINT('',(83.5,32.));
#6223 = ( GEOMETRIC_REPRESENTATION_CONTEXT(2) 
PARAMETRIC_REPRESENTATION_CONTEXT() REPRESENTATION_CONTEXT('2D SPACE',''
  ) );
#6224 = PCURVE('',#1730,#6225);
#6225 = DEFINITIONAL_REPRESENTATION('',(#6226),#6229);
#6226 = B_SPLINE_CURVE_WITH_KNOTS('',1,(#6227,#6228),.UNSPECIFIED.,.F.,
  .F.,(2,2),(-55.75,-41.75),.PIECEWISE_BEZIER_KNOTS.);
#6227 = CARTESIAN_POINT('',(14.,-3.01));
#6228 = CARTESIAN_POINT('',(0.,-3.01));
#6229 = ( GEOMETRIC_REPRESENTATION_CONTEXT(2) 
PARAMETRIC_REPRESENTATION_CONTEXT() REPRESENTATION_CONTEXT('2D SPACE',''
  ) );
#6230 = ORIENTED_EDGE('',*,*,#6231,.T.);
#6231 = EDGE_CURVE('',#6211,#6232,#6234,.T.);
#6232 = VERTEX_POINT('',#6233);
#6233 = CARTESIAN_POINT('',(-204.35,93.,78.5));
#6234 = SURFACE_CURVE('',#6235,(#6239,#6245),.PCURVE_S1.);
#6235 = LINE('',#6236,#6237);
#6236 = CARTESIAN_POINT('',(-223.35,93.,78.5));
#6237 = VECTOR('',#6238,1.);
#6238 = DIRECTION('',(1.,0.,-0.));
#6239 = PCURVE('',#100,#6240);
#6240 = DEFINITIONAL_REPRESENTATION('',(#6241),#6244);
#6241 = B_SPLINE_CURVE_WITH_KNOTS('',1,(#6242,#6243),.UNSPECIFIED.,.F.,
  .F.,(2,2),(16.,19.),.PIECEWISE_BEZIER_KNOTS.);
#6242 = CARTESIAN_POINT('',(83.5,32.));
#6243 = CARTESIAN_POINT('',(83.5,35.));
#6244 = ( GEOMETRIC_REPRESENTATION_CONTEXT(2) 
PARAMETRIC_REPRESENTATION_CONTEXT() REPRESENTATION_CONTEXT('2D SPACE',''
  ) );
#6245 = PCURVE('',#1756,#6246);
#6246 = DEFINITIONAL_REPRESENTATION('',(#6247),#6250);
#6247 = B_SPLINE_CURVE_WITH_KNOTS('',1,(#6248,#6249),.UNSPECIFIED.,.F.,
  .F.,(2,2),(16.,19.),.PIECEWISE_BEZIER_KNOTS.);
#6248 = CARTESIAN_POINT('',(0.,3.01));
#6249 = CARTESIAN_POINT('',(3.,3.01));
#6250 = ( GEOMETRIC_REPRESENTATION_CONTEXT(2) 
PARAMETRIC_REPRESENTATION_CONTEXT() REPRESENTATION_CONTEXT('2D SPACE',''
  ) );
#6251 = ORIENTED_EDGE('',*,*,#6252,.F.);
#6252 = EDGE_CURVE('',#6190,#6232,#6253,.T.);
#6253 = SURFACE_CURVE('',#6254,(#6258,#6264),.PCURVE_S1.);
#6254 = LINE('',#6255,#6256);
#6255 = CARTESIAN_POINT('',(-204.35,93.,36.75));
#6256 = VECTOR('',#6257,1.);
#6257 = DIRECTION('',(-0.,0.,-1.));
#6258 = PCURVE('',#100,#6259);
#6259 = DEFINITIONAL_REPRESENTATION('',(#6260),#6263);
#6260 = B_SPLINE_CURVE_WITH_KNOTS('',1,(#6261,#6262),.UNSPECIFIED.,.F.,
  .F.,(2,2),(-55.75,-41.75),.PIECEWISE_BEZIER_KNOTS.);
#6261 = CARTESIAN_POINT('',(97.5,35.));
#6262 = CARTESIAN_POINT('',(83.5,35.));
#6263 = ( GEOMETRIC_REPRESENTATION_CONTEXT(2) 
PARAMETRIC_REPRESENTATION_CONTEXT() REPRESENTATION_CONTEXT('2D SPACE',''
  ) );
#6264 = PCURVE('',#1780,#6265);
#6265 = DEFINITIONAL_REPRESENTATION('',(#6266),#6269);
#6266 = B_SPLINE_CURVE_WITH_KNOTS('',1,(#6267,#6268),.UNSPECIFIED.,.F.,
  .F.,(2,2),(-55.75,-41.75),.PIECEWISE_BEZIER_KNOTS.);
#6267 = CARTESIAN_POINT('',(14.,-3.01));
#6268 = CARTESIAN_POINT('',(0.,-3.01));
#6269 = ( GEOMETRIC_REPRESENTATION_CONTEXT(2) 
PARAMETRIC_REPRESENTATION_CONTEXT() REPRESENTATION_CONTEXT('2D SPACE',''
  ) );
#6270 = FACE_BOUND('',#6271,.T.);
#6271 = EDGE_LOOP('',(#6272));
#6272 = ORIENTED_EDGE('',*,*,#6273,.F.);
#6273 = EDGE_CURVE('',#6274,#6274,#6276,.T.);
#6274 = VERTEX_POINT('',#6275);
#6275 = CARTESIAN_POINT('',(-211.225,93.,96.5));
#6276 = SURFACE_CURVE('',#6277,(#6282,#6289),.PCURVE_S1.);
#6277 = CIRCLE('',#6278,3.125);
#6278 = AXIS2_PLACEMENT_3D('',#6279,#6280,#6281);
#6279 = CARTESIAN_POINT('',(-214.35,93.,96.5));
#6280 = DIRECTION('',(0.,1.,2.22044604925E-16));
#6281 = DIRECTION('',(1.,0.,-0.));
#6282 = PCURVE('',#100,#6283);
#6283 = DEFINITIONAL_REPRESENTATION('',(#6284),#6288);
#6284 = CIRCLE('',#6285,3.125);
#6285 = AXIS2_PLACEMENT_2D('',#6286,#6287);
#6286 = CARTESIAN_POINT('',(101.5,25.));
#6287 = DIRECTION('',(0.,1.));
#6288 = ( GEOMETRIC_REPRESENTATION_CONTEXT(2) 
PARAMETRIC_REPRESENTATION_CONTEXT() REPRESENTATION_CONTEXT('2D SPACE',''
  ) );
#6289 = PCURVE('',#6290,#6295);
#6290 = CYLINDRICAL_SURFACE('',#6291,3.125);
#6291 = AXIS2_PLACEMENT_3D('',#6292,#6293,#6294);
#6292 = CARTESIAN_POINT('',(-214.35,91.4,96.5));
#6293 = DIRECTION('',(0.,1.,2.22044604925E-16));
#6294 = DIRECTION('',(1.,0.,-0.));
#6295 = DEFINITIONAL_REPRESENTATION('',(#6296),#6300);
#6296 = LINE('',#6297,#6298);
#6297 = CARTESIAN_POINT('',(0.,1.6));
#6298 = VECTOR('',#6299,1.);
#6299 = DIRECTION('',(1.,0.));
#6300 = ( GEOMETRIC_REPRESENTATION_CONTEXT(2) 
PARAMETRIC_REPRESENTATION_CONTEXT() REPRESENTATION_CONTEXT('2D SPACE',''
  ) );
#6301 = FACE_BOUND('',#6302,.T.);
#6302 = EDGE_LOOP('',(#6303,#6329,#6350,#6374));
#6303 = ORIENTED_EDGE('',*,*,#6304,.F.);
#6304 = EDGE_CURVE('',#6305,#6307,#6309,.T.);
#6305 = VERTEX_POINT('',#6306);
#6306 = CARTESIAN_POINT('',(-170.05,93.,53.694928957368));
#6307 = VERTEX_POINT('',#6308);
#6308 = CARTESIAN_POINT('',(-174.25,93.,53.694928957368));
#6309 = SURFACE_CURVE('',#6310,(#6315,#6322),.PCURVE_S1.);
#6310 = CIRCLE('',#6311,4.25);
#6311 = AXIS2_PLACEMENT_3D('',#6312,#6313,#6314);
#6312 = CARTESIAN_POINT('',(-172.15,93.,50.));
#6313 = DIRECTION('',(0.,1.,2.22044604925E-16));
#6314 = DIRECTION('',(1.,0.,-0.));
#6315 = PCURVE('',#100,#6316);
#6316 = DEFINITIONAL_REPRESENTATION('',(#6317),#6321);
#6317 = CIRCLE('',#6318,4.25);
#6318 = AXIS2_PLACEMENT_2D('',#6319,#6320);
#6319 = CARTESIAN_POINT('',(55.,67.2));
#6320 = DIRECTION('',(0.,1.));
#6321 = ( GEOMETRIC_REPRESENTATION_CONTEXT(2) 
PARAMETRIC_REPRESENTATION_CONTEXT() REPRESENTATION_CONTEXT('2D SPACE',''
  ) );
#6322 = PCURVE('',#1843,#6323);
#6323 = DEFINITIONAL_REPRESENTATION('',(#6324),#6328);
#6324 = LINE('',#6325,#6326);
#6325 = CARTESIAN_POINT('',(0.,3.01));
#6326 = VECTOR('',#6327,1.);
#6327 = DIRECTION('',(1.,0.));
#6328 = ( GEOMETRIC_REPRESENTATION_CONTEXT(2) 
PARAMETRIC_REPRESENTATION_CONTEXT() REPRESENTATION_CONTEXT('2D SPACE',''
  ) );
#6329 = ORIENTED_EDGE('',*,*,#6330,.F.);
#6330 = EDGE_CURVE('',#6331,#6305,#6333,.T.);
#6331 = VERTEX_POINT('',#6332);
#6332 = CARTESIAN_POINT('',(-170.05,93.,60.));
#6333 = SURFACE_CURVE('',#6334,(#6338,#6344),.PCURVE_S1.);
#6334 = LINE('',#6335,#6336);
#6335 = CARTESIAN_POINT('',(-170.05,93.,22.5));
#6336 = VECTOR('',#6337,1.);
#6337 = DIRECTION('',(-0.,0.,-1.));
#6338 = PCURVE('',#100,#6339);
#6339 = DEFINITIONAL_REPRESENTATION('',(#6340),#6343);
#6340 = B_SPLINE_CURVE_WITH_KNOTS('',1,(#6341,#6342),.UNSPECIFIED.,.F.,
  .F.,(2,2),(-37.5,-31.19492895736),.PIECEWISE_BEZIER_KNOTS.);
#6341 = CARTESIAN_POINT('',(65.,69.3));
#6342 = CARTESIAN_POINT('',(58.694928957368,69.3));
#6343 = ( GEOMETRIC_REPRESENTATION_CONTEXT(2) 
PARAMETRIC_REPRESENTATION_CONTEXT() REPRESENTATION_CONTEXT('2D SPACE',''
  ) );
#6344 = PCURVE('',#1870,#6345);
#6345 = DEFINITIONAL_REPRESENTATION('',(#6346),#6349);
#6346 = B_SPLINE_CURVE_WITH_KNOTS('',1,(#6347,#6348),.UNSPECIFIED.,.F.,
  .F.,(2,2),(-37.5,-31.19492895736),.PIECEWISE_BEZIER_KNOTS.);
#6347 = CARTESIAN_POINT('',(10.,-3.01));
#6348 = CARTESIAN_POINT('',(3.694928957368,-3.01));
#6349 = ( GEOMETRIC_REPRESENTATION_CONTEXT(2) 
PARAMETRIC_REPRESENTATION_CONTEXT() REPRESENTATION_CONTEXT('2D SPACE',''
  ) );
#6350 = ORIENTED_EDGE('',*,*,#6351,.F.);
#6351 = EDGE_CURVE('',#6352,#6331,#6354,.T.);
#6352 = VERTEX_POINT('',#6353);
#6353 = CARTESIAN_POINT('',(-174.25,93.,60.));
#6354 = SURFACE_CURVE('',#6355,(#6360,#6367),.PCURVE_S1.);
#6355 = CIRCLE('',#6356,2.1);
#6356 = AXIS2_PLACEMENT_3D('',#6357,#6358,#6359);
#6357 = CARTESIAN_POINT('',(-172.15,93.,60.));
#6358 = DIRECTION('',(0.,1.,2.22044604925E-16));
#6359 = DIRECTION('',(1.,0.,-0.));
#6360 = PCURVE('',#100,#6361);
#6361 = DEFINITIONAL_REPRESENTATION('',(#6362),#6366);
#6362 = CIRCLE('',#6363,2.1);
#6363 = AXIS2_PLACEMENT_2D('',#6364,#6365);
#6364 = CARTESIAN_POINT('',(65.,67.2));
#6365 = DIRECTION('',(0.,1.));
#6366 = ( GEOMETRIC_REPRESENTATION_CONTEXT(2) 
PARAMETRIC_REPRESENTATION_CONTEXT() REPRESENTATION_CONTEXT('2D SPACE',''
  ) );
#6367 = PCURVE('',#1898,#6368);
#6368 = DEFINITIONAL_REPRESENTATION('',(#6369),#6373);
#6369 = LINE('',#6370,#6371);
#6370 = CARTESIAN_POINT('',(0.,3.01));
#6371 = VECTOR('',#6372,1.);
#6372 = DIRECTION('',(1.,0.));
#6373 = ( GEOMETRIC_REPRESENTATION_CONTEXT(2) 
PARAMETRIC_REPRESENTATION_CONTEXT() REPRESENTATION_CONTEXT('2D SPACE',''
  ) );
#6374 = ORIENTED_EDGE('',*,*,#6375,.T.);
#6375 = EDGE_CURVE('',#6352,#6307,#6376,.T.);
#6376 = SURFACE_CURVE('',#6377,(#6381,#6387),.PCURVE_S1.);
#6377 = LINE('',#6378,#6379);
#6378 = CARTESIAN_POINT('',(-174.25,93.,22.5));
#6379 = VECTOR('',#6380,1.);
#6380 = DIRECTION('',(-0.,0.,-1.));
#6381 = PCURVE('',#100,#6382);
#6382 = DEFINITIONAL_REPRESENTATION('',(#6383),#6386);
#6383 = B_SPLINE_CURVE_WITH_KNOTS('',1,(#6384,#6385),.UNSPECIFIED.,.F.,
  .F.,(2,2),(-37.5,-31.19492895736),.PIECEWISE_BEZIER_KNOTS.);
#6384 = CARTESIAN_POINT('',(65.,65.1));
#6385 = CARTESIAN_POINT('',(58.694928957368,65.1));
#6386 = ( GEOMETRIC_REPRESENTATION_CONTEXT(2) 
PARAMETRIC_REPRESENTATION_CONTEXT() REPRESENTATION_CONTEXT('2D SPACE',''
  ) );
#6387 = PCURVE('',#1923,#6388);
#6388 = DEFINITIONAL_REPRESENTATION('',(#6389),#6392);
#6389 = B_SPLINE_CURVE_WITH_KNOTS('',1,(#6390,#6391),.UNSPECIFIED.,.F.,
  .F.,(2,2),(-37.5,-31.19492895736),.PIECEWISE_BEZIER_KNOTS.);
#6390 = CARTESIAN_POINT('',(10.,-3.01));
#6391 = CARTESIAN_POINT('',(3.694928957368,-3.01));
#6392 = ( GEOMETRIC_REPRESENTATION_CONTEXT(2) 
PARAMETRIC_REPRESENTATION_CONTEXT() REPRESENTATION_CONTEXT('2D SPACE',''
  ) );
#6393 = FACE_BOUND('',#6394,.T.);
#6394 = EDGE_LOOP('',(#6395,#6418,#6439,#6460));
#6395 = ORIENTED_EDGE('',*,*,#6396,.F.);
#6396 = EDGE_CURVE('',#6397,#6399,#6401,.T.);
#6397 = VERTEX_POINT('',#6398);
#6398 = CARTESIAN_POINT('',(-201.35,93.,92.5));
#6399 = VERTEX_POINT('',#6400);
#6400 = CARTESIAN_POINT('',(-198.35,93.,92.5));
#6401 = SURFACE_CURVE('',#6402,(#6406,#6412),.PCURVE_S1.);
#6402 = LINE('',#6403,#6404);
#6403 = CARTESIAN_POINT('',(-220.35,93.,92.5));
#6404 = VECTOR('',#6405,1.);
#6405 = DIRECTION('',(1.,0.,-0.));
#6406 = PCURVE('',#100,#6407);
#6407 = DEFINITIONAL_REPRESENTATION('',(#6408),#6411);
#6408 = B_SPLINE_CURVE_WITH_KNOTS('',1,(#6409,#6410),.UNSPECIFIED.,.F.,
  .F.,(2,2),(19.,22.),.PIECEWISE_BEZIER_KNOTS.);
#6409 = CARTESIAN_POINT('',(97.5,38.));
#6410 = CARTESIAN_POINT('',(97.5,41.));
#6411 = ( GEOMETRIC_REPRESENTATION_CONTEXT(2) 
PARAMETRIC_REPRESENTATION_CONTEXT() REPRESENTATION_CONTEXT('2D SPACE',''
  ) );
#6412 = PCURVE('',#1953,#6413);
#6413 = DEFINITIONAL_REPRESENTATION('',(#6414),#6417);
#6414 = B_SPLINE_CURVE_WITH_KNOTS('',1,(#6415,#6416),.UNSPECIFIED.,.F.,
  .F.,(2,2),(19.,22.),.PIECEWISE_BEZIER_KNOTS.);
#6415 = CARTESIAN_POINT('',(0.,3.01));
#6416 = CARTESIAN_POINT('',(3.,3.01));
#6417 = ( GEOMETRIC_REPRESENTATION_CONTEXT(2) 
PARAMETRIC_REPRESENTATION_CONTEXT() REPRESENTATION_CONTEXT('2D SPACE',''
  ) );
#6418 = ORIENTED_EDGE('',*,*,#6419,.T.);
#6419 = EDGE_CURVE('',#6397,#6420,#6422,.T.);
#6420 = VERTEX_POINT('',#6421);
#6421 = CARTESIAN_POINT('',(-201.35,93.,78.5));
#6422 = SURFACE_CURVE('',#6423,(#6427,#6433),.PCURVE_S1.);
#6423 = LINE('',#6424,#6425);
#6424 = CARTESIAN_POINT('',(-201.35,93.,36.75));
#6425 = VECTOR('',#6426,1.);
#6426 = DIRECTION('',(-0.,0.,-1.));
#6427 = PCURVE('',#100,#6428);
#6428 = DEFINITIONAL_REPRESENTATION('',(#6429),#6432);
#6429 = B_SPLINE_CURVE_WITH_KNOTS('',1,(#6430,#6431),.UNSPECIFIED.,.F.,
  .F.,(2,2),(-55.75,-41.75),.PIECEWISE_BEZIER_KNOTS.);
#6430 = CARTESIAN_POINT('',(97.5,38.));
#6431 = CARTESIAN_POINT('',(83.5,38.));
#6432 = ( GEOMETRIC_REPRESENTATION_CONTEXT(2) 
PARAMETRIC_REPRESENTATION_CONTEXT() REPRESENTATION_CONTEXT('2D SPACE',''
  ) );
#6433 = PCURVE('',#1979,#6434);
#6434 = DEFINITIONAL_REPRESENTATION('',(#6435),#6438);
#6435 = B_SPLINE_CURVE_WITH_KNOTS('',1,(#6436,#6437),.UNSPECIFIED.,.F.,
  .F.,(2,2),(-55.75,-41.75),.PIECEWISE_BEZIER_KNOTS.);
#6436 = CARTESIAN_POINT('',(14.,-3.01));
#6437 = CARTESIAN_POINT('',(0.,-3.01));
#6438 = ( GEOMETRIC_REPRESENTATION_CONTEXT(2) 
PARAMETRIC_REPRESENTATION_CONTEXT() REPRESENTATION_CONTEXT('2D SPACE',''
  ) );
#6439 = ORIENTED_EDGE('',*,*,#6440,.T.);
#6440 = EDGE_CURVE('',#6420,#6441,#6443,.T.);
#6441 = VERTEX_POINT('',#6442);
#6442 = CARTESIAN_POINT('',(-198.35,93.,78.5));
#6443 = SURFACE_CURVE('',#6444,(#6448,#6454),.PCURVE_S1.);
#6444 = LINE('',#6445,#6446);
#6445 = CARTESIAN_POINT('',(-220.35,93.,78.5));
#6446 = VECTOR('',#6447,1.);
#6447 = DIRECTION('',(1.,0.,-0.));
#6448 = PCURVE('',#100,#6449);
#6449 = DEFINITIONAL_REPRESENTATION('',(#6450),#6453);
#6450 = B_SPLINE_CURVE_WITH_KNOTS('',1,(#6451,#6452),.UNSPECIFIED.,.F.,
  .F.,(2,2),(19.,22.),.PIECEWISE_BEZIER_KNOTS.);
#6451 = CARTESIAN_POINT('',(83.5,38.));
#6452 = CARTESIAN_POINT('',(83.5,41.));
#6453 = ( GEOMETRIC_REPRESENTATION_CONTEXT(2) 
PARAMETRIC_REPRESENTATION_CONTEXT() REPRESENTATION_CONTEXT('2D SPACE',''
  ) );
#6454 = PCURVE('',#2005,#6455);
#6455 = DEFINITIONAL_REPRESENTATION('',(#6456),#6459);
#6456 = B_SPLINE_CURVE_WITH_KNOTS('',1,(#6457,#6458),.UNSPECIFIED.,.F.,
  .F.,(2,2),(19.,22.),.PIECEWISE_BEZIER_KNOTS.);
#6457 = CARTESIAN_POINT('',(0.,3.01));
#6458 = CARTESIAN_POINT('',(3.,3.01));
#6459 = ( GEOMETRIC_REPRESENTATION_CONTEXT(2) 
PARAMETRIC_REPRESENTATION_CONTEXT() REPRESENTATION_CONTEXT('2D SPACE',''
  ) );
#6460 = ORIENTED_EDGE('',*,*,#6461,.F.);
#6461 = EDGE_CURVE('',#6399,#6441,#6462,.T.);
#6462 = SURFACE_CURVE('',#6463,(#6467,#6473),.PCURVE_S1.);
#6463 = LINE('',#6464,#6465);
#6464 = CARTESIAN_POINT('',(-198.35,93.,36.75));
#6465 = VECTOR('',#6466,1.);
#6466 = DIRECTION('',(-0.,0.,-1.));
#6467 = PCURVE('',#100,#6468);
#6468 = DEFINITIONAL_REPRESENTATION('',(#6469),#6472);
#6469 = B_SPLINE_CURVE_WITH_KNOTS('',1,(#6470,#6471),.UNSPECIFIED.,.F.,
  .F.,(2,2),(-55.75,-41.75),.PIECEWISE_BEZIER_KNOTS.);
#6470 = CARTESIAN_POINT('',(97.5,41.));
#6471 = CARTESIAN_POINT('',(83.5,41.));
#6472 = ( GEOMETRIC_REPRESENTATION_CONTEXT(2) 
PARAMETRIC_REPRESENTATION_CONTEXT() REPRESENTATION_CONTEXT('2D SPACE',''
  ) );
#6473 = PCURVE('',#2029,#6474);
#6474 = DEFINITIONAL_REPRESENTATION('',(#6475),#6478);
#6475 = B_SPLINE_CURVE_WITH_KNOTS('',1,(#6476,#6477),.UNSPECIFIED.,.F.,
  .F.,(2,2),(-55.75,-41.75),.PIECEWISE_BEZIER_KNOTS.);
#6476 = CARTESIAN_POINT('',(14.,-3.01));
#6477 = CARTESIAN_POINT('',(0.,-3.01));
#6478 = ( GEOMETRIC_REPRESENTATION_CONTEXT(2) 
PARAMETRIC_REPRESENTATION_CONTEXT() REPRESENTATION_CONTEXT('2D SPACE',''
  ) );
#6479 = FACE_BOUND('',#6480,.T.);
#6480 = EDGE_LOOP('',(#6481,#6504,#6525,#6546));
#6481 = ORIENTED_EDGE('',*,*,#6482,.F.);
#6482 = EDGE_CURVE('',#6483,#6485,#6487,.T.);
#6483 = VERTEX_POINT('',#6484);
#6484 = CARTESIAN_POINT('',(-195.35,93.,92.5));
#6485 = VERTEX_POINT('',#6486);
#6486 = CARTESIAN_POINT('',(-192.35,93.,92.5));
#6487 = SURFACE_CURVE('',#6488,(#6492,#6498),.PCURVE_S1.);
#6488 = LINE('',#6489,#6490);
#6489 = CARTESIAN_POINT('',(-217.35,93.,92.5));
#6490 = VECTOR('',#6491,1.);
#6491 = DIRECTION('',(1.,0.,-0.));
#6492 = PCURVE('',#100,#6493);
#6493 = DEFINITIONAL_REPRESENTATION('',(#6494),#6497);
#6494 = B_SPLINE_CURVE_WITH_KNOTS('',1,(#6495,#6496),.UNSPECIFIED.,.F.,
  .F.,(2,2),(22.,25.),.PIECEWISE_BEZIER_KNOTS.);
#6495 = CARTESIAN_POINT('',(97.5,44.));
#6496 = CARTESIAN_POINT('',(97.5,47.));
#6497 = ( GEOMETRIC_REPRESENTATION_CONTEXT(2) 
PARAMETRIC_REPRESENTATION_CONTEXT() REPRESENTATION_CONTEXT('2D SPACE',''
  ) );
#6498 = PCURVE('',#2059,#6499);
#6499 = DEFINITIONAL_REPRESENTATION('',(#6500),#6503);
#6500 = B_SPLINE_CURVE_WITH_KNOTS('',1,(#6501,#6502),.UNSPECIFIED.,.F.,
  .F.,(2,2),(22.,25.),.PIECEWISE_BEZIER_KNOTS.);
#6501 = CARTESIAN_POINT('',(0.,3.01));
#6502 = CARTESIAN_POINT('',(3.,3.01));
#6503 = ( GEOMETRIC_REPRESENTATION_CONTEXT(2) 
PARAMETRIC_REPRESENTATION_CONTEXT() REPRESENTATION_CONTEXT('2D SPACE',''
  ) );
#6504 = ORIENTED_EDGE('',*,*,#6505,.T.);
#6505 = EDGE_CURVE('',#6483,#6506,#6508,.T.);
#6506 = VERTEX_POINT('',#6507);
#6507 = CARTESIAN_POINT('',(-195.35,93.,78.5));
#6508 = SURFACE_CURVE('',#6509,(#6513,#6519),.PCURVE_S1.);
#6509 = LINE('',#6510,#6511);
#6510 = CARTESIAN_POINT('',(-195.35,93.,36.75));
#6511 = VECTOR('',#6512,1.);
#6512 = DIRECTION('',(-0.,0.,-1.));
#6513 = PCURVE('',#100,#6514);
#6514 = DEFINITIONAL_REPRESENTATION('',(#6515),#6518);
#6515 = B_SPLINE_CURVE_WITH_KNOTS('',1,(#6516,#6517),.UNSPECIFIED.,.F.,
  .F.,(2,2),(-55.75,-41.75),.PIECEWISE_BEZIER_KNOTS.);
#6516 = CARTESIAN_POINT('',(97.5,44.));
#6517 = CARTESIAN_POINT('',(83.5,44.));
#6518 = ( GEOMETRIC_REPRESENTATION_CONTEXT(2) 
PARAMETRIC_REPRESENTATION_CONTEXT() REPRESENTATION_CONTEXT('2D SPACE',''
  ) );
#6519 = PCURVE('',#2085,#6520);
#6520 = DEFINITIONAL_REPRESENTATION('',(#6521),#6524);
#6521 = B_SPLINE_CURVE_WITH_KNOTS('',1,(#6522,#6523),.UNSPECIFIED.,.F.,
  .F.,(2,2),(-55.75,-41.75),.PIECEWISE_BEZIER_KNOTS.);
#6522 = CARTESIAN_POINT('',(14.,-3.01));
#6523 = CARTESIAN_POINT('',(0.,-3.01));
#6524 = ( GEOMETRIC_REPRESENTATION_CONTEXT(2) 
PARAMETRIC_REPRESENTATION_CONTEXT() REPRESENTATION_CONTEXT('2D SPACE',''
  ) );
#6525 = ORIENTED_EDGE('',*,*,#6526,.T.);
#6526 = EDGE_CURVE('',#6506,#6527,#6529,.T.);
#6527 = VERTEX_POINT('',#6528);
#6528 = CARTESIAN_POINT('',(-192.35,93.,78.5));
#6529 = SURFACE_CURVE('',#6530,(#6534,#6540),.PCURVE_S1.);
#6530 = LINE('',#6531,#6532);
#6531 = CARTESIAN_POINT('',(-217.35,93.,78.5));
#6532 = VECTOR('',#6533,1.);
#6533 = DIRECTION('',(1.,0.,-0.));
#6534 = PCURVE('',#100,#6535);
#6535 = DEFINITIONAL_REPRESENTATION('',(#6536),#6539);
#6536 = B_SPLINE_CURVE_WITH_KNOTS('',1,(#6537,#6538),.UNSPECIFIED.,.F.,
  .F.,(2,2),(22.,25.),.PIECEWISE_BEZIER_KNOTS.);
#6537 = CARTESIAN_POINT('',(83.5,44.));
#6538 = CARTESIAN_POINT('',(83.5,47.));
#6539 = ( GEOMETRIC_REPRESENTATION_CONTEXT(2) 
PARAMETRIC_REPRESENTATION_CONTEXT() REPRESENTATION_CONTEXT('2D SPACE',''
  ) );
#6540 = PCURVE('',#2111,#6541);
#6541 = DEFINITIONAL_REPRESENTATION('',(#6542),#6545);
#6542 = B_SPLINE_CURVE_WITH_KNOTS('',1,(#6543,#6544),.UNSPECIFIED.,.F.,
  .F.,(2,2),(22.,25.),.PIECEWISE_BEZIER_KNOTS.);
#6543 = CARTESIAN_POINT('',(0.,3.01));
#6544 = CARTESIAN_POINT('',(3.,3.01));
#6545 = ( GEOMETRIC_REPRESENTATION_CONTEXT(2) 
PARAMETRIC_REPRESENTATION_CONTEXT() REPRESENTATION_CONTEXT('2D SPACE',''
  ) );
#6546 = ORIENTED_EDGE('',*,*,#6547,.F.);
#6547 = EDGE_CURVE('',#6485,#6527,#6548,.T.);
#6548 = SURFACE_CURVE('',#6549,(#6553,#6559),.PCURVE_S1.);
#6549 = LINE('',#6550,#6551);
#6550 = CARTESIAN_POINT('',(-192.35,93.,36.75));
#6551 = VECTOR('',#6552,1.);
#6552 = DIRECTION('',(-0.,0.,-1.));
#6553 = PCURVE('',#100,#6554);
#6554 = DEFINITIONAL_REPRESENTATION('',(#6555),#6558);
#6555 = B_SPLINE_CURVE_WITH_KNOTS('',1,(#6556,#6557),.UNSPECIFIED.,.F.,
  .F.,(2,2),(-55.75,-41.75),.PIECEWISE_BEZIER_KNOTS.);
#6556 = CARTESIAN_POINT('',(97.5,47.));
#6557 = CARTESIAN_POINT('',(83.5,47.));
#6558 = ( GEOMETRIC_REPRESENTATION_CONTEXT(2) 
PARAMETRIC_REPRESENTATION_CONTEXT() REPRESENTATION_CONTEXT('2D SPACE',''
  ) );
#6559 = PCURVE('',#2135,#6560);
#6560 = DEFINITIONAL_REPRESENTATION('',(#6561),#6564);
#6561 = B_SPLINE_CURVE_WITH_KNOTS('',1,(#6562,#6563),.UNSPECIFIED.,.F.,
  .F.,(2,2),(-55.75,-41.75),.PIECEWISE_BEZIER_KNOTS.);
#6562 = CARTESIAN_POINT('',(14.,-3.01));
#6563 = CARTESIAN_POINT('',(0.,-3.01));
#6564 = ( GEOMETRIC_REPRESENTATION_CONTEXT(2) 
PARAMETRIC_REPRESENTATION_CONTEXT() REPRESENTATION_CONTEXT('2D SPACE',''
  ) );
#6565 = FACE_BOUND('',#6566,.T.);
#6566 = EDGE_LOOP('',(#6567,#6590,#6611,#6632));
#6567 = ORIENTED_EDGE('',*,*,#6568,.F.);
#6568 = EDGE_CURVE('',#6569,#6571,#6573,.T.);
#6569 = VERTEX_POINT('',#6570);
#6570 = CARTESIAN_POINT('',(-189.35,93.,92.5));
#6571 = VERTEX_POINT('',#6572);
#6572 = CARTESIAN_POINT('',(-186.35,93.,92.5));
#6573 = SURFACE_CURVE('',#6574,(#6578,#6584),.PCURVE_S1.);
#6574 = LINE('',#6575,#6576);
#6575 = CARTESIAN_POINT('',(-214.35,93.,92.5));
#6576 = VECTOR('',#6577,1.);
#6577 = DIRECTION('',(1.,0.,-0.));
#6578 = PCURVE('',#100,#6579);
#6579 = DEFINITIONAL_REPRESENTATION('',(#6580),#6583);
#6580 = B_SPLINE_CURVE_WITH_KNOTS('',1,(#6581,#6582),.UNSPECIFIED.,.F.,
  .F.,(2,2),(25.,28.),.PIECEWISE_BEZIER_KNOTS.);
#6581 = CARTESIAN_POINT('',(97.5,50.));
#6582 = CARTESIAN_POINT('',(97.5,53.));
#6583 = ( GEOMETRIC_REPRESENTATION_CONTEXT(2) 
PARAMETRIC_REPRESENTATION_CONTEXT() REPRESENTATION_CONTEXT('2D SPACE',''
  ) );
#6584 = PCURVE('',#2165,#6585);
#6585 = DEFINITIONAL_REPRESENTATION('',(#6586),#6589);
#6586 = B_SPLINE_CURVE_WITH_KNOTS('',1,(#6587,#6588),.UNSPECIFIED.,.F.,
  .F.,(2,2),(25.,28.),.PIECEWISE_BEZIER_KNOTS.);
#6587 = CARTESIAN_POINT('',(0.,3.01));
#6588 = CARTESIAN_POINT('',(3.,3.01));
#6589 = ( GEOMETRIC_REPRESENTATION_CONTEXT(2) 
PARAMETRIC_REPRESENTATION_CONTEXT() REPRESENTATION_CONTEXT('2D SPACE',''
  ) );
#6590 = ORIENTED_EDGE('',*,*,#6591,.T.);
#6591 = EDGE_CURVE('',#6569,#6592,#6594,.T.);
#6592 = VERTEX_POINT('',#6593);
#6593 = CARTESIAN_POINT('',(-189.35,93.,78.5));
#6594 = SURFACE_CURVE('',#6595,(#6599,#6605),.PCURVE_S1.);
#6595 = LINE('',#6596,#6597);
#6596 = CARTESIAN_POINT('',(-189.35,93.,36.75));
#6597 = VECTOR('',#6598,1.);
#6598 = DIRECTION('',(-0.,0.,-1.));
#6599 = PCURVE('',#100,#6600);
#6600 = DEFINITIONAL_REPRESENTATION('',(#6601),#6604);
#6601 = B_SPLINE_CURVE_WITH_KNOTS('',1,(#6602,#6603),.UNSPECIFIED.,.F.,
  .F.,(2,2),(-55.75,-41.75),.PIECEWISE_BEZIER_KNOTS.);
#6602 = CARTESIAN_POINT('',(97.5,50.));
#6603 = CARTESIAN_POINT('',(83.5,50.));
#6604 = ( GEOMETRIC_REPRESENTATION_CONTEXT(2) 
PARAMETRIC_REPRESENTATION_CONTEXT() REPRESENTATION_CONTEXT('2D SPACE',''
  ) );
#6605 = PCURVE('',#2191,#6606);
#6606 = DEFINITIONAL_REPRESENTATION('',(#6607),#6610);
#6607 = B_SPLINE_CURVE_WITH_KNOTS('',1,(#6608,#6609),.UNSPECIFIED.,.F.,
  .F.,(2,2),(-55.75,-41.75),.PIECEWISE_BEZIER_KNOTS.);
#6608 = CARTESIAN_POINT('',(14.,-3.01));
#6609 = CARTESIAN_POINT('',(0.,-3.01));
#6610 = ( GEOMETRIC_REPRESENTATION_CONTEXT(2) 
PARAMETRIC_REPRESENTATION_CONTEXT() REPRESENTATION_CONTEXT('2D SPACE',''
  ) );
#6611 = ORIENTED_EDGE('',*,*,#6612,.T.);
#6612 = EDGE_CURVE('',#6592,#6613,#6615,.T.);
#6613 = VERTEX_POINT('',#6614);
#6614 = CARTESIAN_POINT('',(-186.35,93.,78.5));
#6615 = SURFACE_CURVE('',#6616,(#6620,#6626),.PCURVE_S1.);
#6616 = LINE('',#6617,#6618);
#6617 = CARTESIAN_POINT('',(-214.35,93.,78.5));
#6618 = VECTOR('',#6619,1.);
#6619 = DIRECTION('',(1.,0.,-0.));
#6620 = PCURVE('',#100,#6621);
#6621 = DEFINITIONAL_REPRESENTATION('',(#6622),#6625);
#6622 = B_SPLINE_CURVE_WITH_KNOTS('',1,(#6623,#6624),.UNSPECIFIED.,.F.,
  .F.,(2,2),(25.,28.),.PIECEWISE_BEZIER_KNOTS.);
#6623 = CARTESIAN_POINT('',(83.5,50.));
#6624 = CARTESIAN_POINT('',(83.5,53.));
#6625 = ( GEOMETRIC_REPRESENTATION_CONTEXT(2) 
PARAMETRIC_REPRESENTATION_CONTEXT() REPRESENTATION_CONTEXT('2D SPACE',''
  ) );
#6626 = PCURVE('',#2217,#6627);
#6627 = DEFINITIONAL_REPRESENTATION('',(#6628),#6631);
#6628 = B_SPLINE_CURVE_WITH_KNOTS('',1,(#6629,#6630),.UNSPECIFIED.,.F.,
  .F.,(2,2),(25.,28.),.PIECEWISE_BEZIER_KNOTS.);
#6629 = CARTESIAN_POINT('',(0.,3.01));
#6630 = CARTESIAN_POINT('',(3.,3.01));
#6631 = ( GEOMETRIC_REPRESENTATION_CONTEXT(2) 
PARAMETRIC_REPRESENTATION_CONTEXT() REPRESENTATION_CONTEXT('2D SPACE',''
  ) );
#6632 = ORIENTED_EDGE('',*,*,#6633,.F.);
#6633 = EDGE_CURVE('',#6571,#6613,#6634,.T.);
#6634 = SURFACE_CURVE('',#6635,(#6639,#6645),.PCURVE_S1.);
#6635 = LINE('',#6636,#6637);
#6636 = CARTESIAN_POINT('',(-186.35,93.,36.75));
#6637 = VECTOR('',#6638,1.);
#6638 = DIRECTION('',(-0.,0.,-1.));
#6639 = PCURVE('',#100,#6640);
#6640 = DEFINITIONAL_REPRESENTATION('',(#6641),#6644);
#6641 = B_SPLINE_CURVE_WITH_KNOTS('',1,(#6642,#6643),.UNSPECIFIED.,.F.,
  .F.,(2,2),(-55.75,-41.75),.PIECEWISE_BEZIER_KNOTS.);
#6642 = CARTESIAN_POINT('',(97.5,53.));
#6643 = CARTESIAN_POINT('',(83.5,53.));
#6644 = ( GEOMETRIC_REPRESENTATION_CONTEXT(2) 
PARAMETRIC_REPRESENTATION_CONTEXT() REPRESENTATION_CONTEXT('2D SPACE',''
  ) );
#6645 = PCURVE('',#2241,#6646);
#6646 = DEFINITIONAL_REPRESENTATION('',(#6647),#6650);
#6647 = B_SPLINE_CURVE_WITH_KNOTS('',1,(#6648,#6649),.UNSPECIFIED.,.F.,
  .F.,(2,2),(-55.75,-41.75),.PIECEWISE_BEZIER_KNOTS.);
#6648 = CARTESIAN_POINT('',(14.,-3.01));
#6649 = CARTESIAN_POINT('',(0.,-3.01));
#6650 = ( GEOMETRIC_REPRESENTATION_CONTEXT(2) 
PARAMETRIC_REPRESENTATION_CONTEXT() REPRESENTATION_CONTEXT('2D SPACE',''
  ) );
#6651 = FACE_BOUND('',#6652,.T.);
#6652 = EDGE_LOOP('',(#6653,#6676,#6697,#6718));
#6653 = ORIENTED_EDGE('',*,*,#6654,.F.);
#6654 = EDGE_CURVE('',#6655,#6657,#6659,.T.);
#6655 = VERTEX_POINT('',#6656);
#6656 = CARTESIAN_POINT('',(-183.35,93.,92.5));
#6657 = VERTEX_POINT('',#6658);
#6658 = CARTESIAN_POINT('',(-180.35,93.,92.5));
#6659 = SURFACE_CURVE('',#6660,(#6664,#6670),.PCURVE_S1.);
#6660 = LINE('',#6661,#6662);
#6661 = CARTESIAN_POINT('',(-211.35,93.,92.5));
#6662 = VECTOR('',#6663,1.);
#6663 = DIRECTION('',(1.,0.,-0.));
#6664 = PCURVE('',#100,#6665);
#6665 = DEFINITIONAL_REPRESENTATION('',(#6666),#6669);
#6666 = B_SPLINE_CURVE_WITH_KNOTS('',1,(#6667,#6668),.UNSPECIFIED.,.F.,
  .F.,(2,2),(28.,31.),.PIECEWISE_BEZIER_KNOTS.);
#6667 = CARTESIAN_POINT('',(97.5,56.));
#6668 = CARTESIAN_POINT('',(97.5,59.));
#6669 = ( GEOMETRIC_REPRESENTATION_CONTEXT(2) 
PARAMETRIC_REPRESENTATION_CONTEXT() REPRESENTATION_CONTEXT('2D SPACE',''
  ) );
#6670 = PCURVE('',#2271,#6671);
#6671 = DEFINITIONAL_REPRESENTATION('',(#6672),#6675);
#6672 = B_SPLINE_CURVE_WITH_KNOTS('',1,(#6673,#6674),.UNSPECIFIED.,.F.,
  .F.,(2,2),(28.,31.),.PIECEWISE_BEZIER_KNOTS.);
#6673 = CARTESIAN_POINT('',(0.,3.01));
#6674 = CARTESIAN_POINT('',(3.,3.01));
#6675 = ( GEOMETRIC_REPRESENTATION_CONTEXT(2) 
PARAMETRIC_REPRESENTATION_CONTEXT() REPRESENTATION_CONTEXT('2D SPACE',''
  ) );
#6676 = ORIENTED_EDGE('',*,*,#6677,.T.);
#6677 = EDGE_CURVE('',#6655,#6678,#6680,.T.);
#6678 = VERTEX_POINT('',#6679);
#6679 = CARTESIAN_POINT('',(-183.35,93.,78.5));
#6680 = SURFACE_CURVE('',#6681,(#6685,#6691),.PCURVE_S1.);
#6681 = LINE('',#6682,#6683);
#6682 = CARTESIAN_POINT('',(-183.35,93.,36.75));
#6683 = VECTOR('',#6684,1.);
#6684 = DIRECTION('',(-0.,0.,-1.));
#6685 = PCURVE('',#100,#6686);
#6686 = DEFINITIONAL_REPRESENTATION('',(#6687),#6690);
#6687 = B_SPLINE_CURVE_WITH_KNOTS('',1,(#6688,#6689),.UNSPECIFIED.,.F.,
  .F.,(2,2),(-55.75,-41.75),.PIECEWISE_BEZIER_KNOTS.);
#6688 = CARTESIAN_POINT('',(97.5,56.));
#6689 = CARTESIAN_POINT('',(83.5,56.));
#6690 = ( GEOMETRIC_REPRESENTATION_CONTEXT(2) 
PARAMETRIC_REPRESENTATION_CONTEXT() REPRESENTATION_CONTEXT('2D SPACE',''
  ) );
#6691 = PCURVE('',#2297,#6692);
#6692 = DEFINITIONAL_REPRESENTATION('',(#6693),#6696);
#6693 = B_SPLINE_CURVE_WITH_KNOTS('',1,(#6694,#6695),.UNSPECIFIED.,.F.,
  .F.,(2,2),(-55.75,-41.75),.PIECEWISE_BEZIER_KNOTS.);
#6694 = CARTESIAN_POINT('',(14.,-3.01));
#6695 = CARTESIAN_POINT('',(0.,-3.01));
#6696 = ( GEOMETRIC_REPRESENTATION_CONTEXT(2) 
PARAMETRIC_REPRESENTATION_CONTEXT() REPRESENTATION_CONTEXT('2D SPACE',''
  ) );
#6697 = ORIENTED_EDGE('',*,*,#6698,.T.);
#6698 = EDGE_CURVE('',#6678,#6699,#6701,.T.);
#6699 = VERTEX_POINT('',#6700);
#6700 = CARTESIAN_POINT('',(-180.35,93.,78.5));
#6701 = SURFACE_CURVE('',#6702,(#6706,#6712),.PCURVE_S1.);
#6702 = LINE('',#6703,#6704);
#6703 = CARTESIAN_POINT('',(-211.35,93.,78.5));
#6704 = VECTOR('',#6705,1.);
#6705 = DIRECTION('',(1.,0.,-0.));
#6706 = PCURVE('',#100,#6707);
#6707 = DEFINITIONAL_REPRESENTATION('',(#6708),#6711);
#6708 = B_SPLINE_CURVE_WITH_KNOTS('',1,(#6709,#6710),.UNSPECIFIED.,.F.,
  .F.,(2,2),(28.,31.),.PIECEWISE_BEZIER_KNOTS.);
#6709 = CARTESIAN_POINT('',(83.5,56.));
#6710 = CARTESIAN_POINT('',(83.5,59.));
#6711 = ( GEOMETRIC_REPRESENTATION_CONTEXT(2) 
PARAMETRIC_REPRESENTATION_CONTEXT() REPRESENTATION_CONTEXT('2D SPACE',''
  ) );
#6712 = PCURVE('',#2323,#6713);
#6713 = DEFINITIONAL_REPRESENTATION('',(#6714),#6717);
#6714 = B_SPLINE_CURVE_WITH_KNOTS('',1,(#6715,#6716),.UNSPECIFIED.,.F.,
  .F.,(2,2),(28.,31.),.PIECEWISE_BEZIER_KNOTS.);
#6715 = CARTESIAN_POINT('',(0.,3.01));
#6716 = CARTESIAN_POINT('',(3.,3.01));
#6717 = ( GEOMETRIC_REPRESENTATION_CONTEXT(2) 
PARAMETRIC_REPRESENTATION_CONTEXT() REPRESENTATION_CONTEXT('2D SPACE',''
  ) );
#6718 = ORIENTED_EDGE('',*,*,#6719,.F.);
#6719 = EDGE_CURVE('',#6657,#6699,#6720,.T.);
#6720 = SURFACE_CURVE('',#6721,(#6725,#6731),.PCURVE_S1.);
#6721 = LINE('',#6722,#6723);
#6722 = CARTESIAN_POINT('',(-180.35,93.,36.75));
#6723 = VECTOR('',#6724,1.);
#6724 = DIRECTION('',(-0.,0.,-1.));
#6725 = PCURVE('',#100,#6726);
#6726 = DEFINITIONAL_REPRESENTATION('',(#6727),#6730);
#6727 = B_SPLINE_CURVE_WITH_KNOTS('',1,(#6728,#6729),.UNSPECIFIED.,.F.,
  .F.,(2,2),(-55.75,-41.75),.PIECEWISE_BEZIER_KNOTS.);
#6728 = CARTESIAN_POINT('',(97.5,59.));
#6729 = CARTESIAN_POINT('',(83.5,59.));
#6730 = ( GEOMETRIC_REPRESENTATION_CONTEXT(2) 
PARAMETRIC_REPRESENTATION_CONTEXT() REPRESENTATION_CONTEXT('2D SPACE',''
  ) );
#6731 = PCURVE('',#2347,#6732);
#6732 = DEFINITIONAL_REPRESENTATION('',(#6733),#6736);
#6733 = B_SPLINE_CURVE_WITH_KNOTS('',1,(#6734,#6735),.UNSPECIFIED.,.F.,
  .F.,(2,2),(-55.75,-41.75),.PIECEWISE_BEZIER_KNOTS.);
#6734 = CARTESIAN_POINT('',(14.,-3.01));
#6735 = CARTESIAN_POINT('',(0.,-3.01));
#6736 = ( GEOMETRIC_REPRESENTATION_CONTEXT(2) 
PARAMETRIC_REPRESENTATION_CONTEXT() REPRESENTATION_CONTEXT('2D SPACE',''
  ) );
#6737 = FACE_BOUND('',#6738,.T.);
#6738 = EDGE_LOOP('',(#6739,#6762,#6783,#6804));
#6739 = ORIENTED_EDGE('',*,*,#6740,.F.);
#6740 = EDGE_CURVE('',#6741,#6743,#6745,.T.);
#6741 = VERTEX_POINT('',#6742);
#6742 = CARTESIAN_POINT('',(-177.35,93.,92.5));
#6743 = VERTEX_POINT('',#6744);
#6744 = CARTESIAN_POINT('',(-174.35,93.,92.5));
#6745 = SURFACE_CURVE('',#6746,(#6750,#6756),.PCURVE_S1.);
#6746 = LINE('',#6747,#6748);
#6747 = CARTESIAN_POINT('',(-208.35,93.,92.5));
#6748 = VECTOR('',#6749,1.);
#6749 = DIRECTION('',(1.,0.,-0.));
#6750 = PCURVE('',#100,#6751);
#6751 = DEFINITIONAL_REPRESENTATION('',(#6752),#6755);
#6752 = B_SPLINE_CURVE_WITH_KNOTS('',1,(#6753,#6754),.UNSPECIFIED.,.F.,
  .F.,(2,2),(31.,34.),.PIECEWISE_BEZIER_KNOTS.);
#6753 = CARTESIAN_POINT('',(97.5,62.));
#6754 = CARTESIAN_POINT('',(97.5,65.));
#6755 = ( GEOMETRIC_REPRESENTATION_CONTEXT(2) 
PARAMETRIC_REPRESENTATION_CONTEXT() REPRESENTATION_CONTEXT('2D SPACE',''
  ) );
#6756 = PCURVE('',#2377,#6757);
#6757 = DEFINITIONAL_REPRESENTATION('',(#6758),#6761);
#6758 = B_SPLINE_CURVE_WITH_KNOTS('',1,(#6759,#6760),.UNSPECIFIED.,.F.,
  .F.,(2,2),(31.,34.),.PIECEWISE_BEZIER_KNOTS.);
#6759 = CARTESIAN_POINT('',(0.,3.01));
#6760 = CARTESIAN_POINT('',(3.,3.01));
#6761 = ( GEOMETRIC_REPRESENTATION_CONTEXT(2) 
PARAMETRIC_REPRESENTATION_CONTEXT() REPRESENTATION_CONTEXT('2D SPACE',''
  ) );
#6762 = ORIENTED_EDGE('',*,*,#6763,.T.);
#6763 = EDGE_CURVE('',#6741,#6764,#6766,.T.);
#6764 = VERTEX_POINT('',#6765);
#6765 = CARTESIAN_POINT('',(-177.35,93.,78.5));
#6766 = SURFACE_CURVE('',#6767,(#6771,#6777),.PCURVE_S1.);
#6767 = LINE('',#6768,#6769);
#6768 = CARTESIAN_POINT('',(-177.35,93.,36.75));
#6769 = VECTOR('',#6770,1.);
#6770 = DIRECTION('',(-0.,0.,-1.));
#6771 = PCURVE('',#100,#6772);
#6772 = DEFINITIONAL_REPRESENTATION('',(#6773),#6776);
#6773 = B_SPLINE_CURVE_WITH_KNOTS('',1,(#6774,#6775),.UNSPECIFIED.,.F.,
  .F.,(2,2),(-55.75,-41.75),.PIECEWISE_BEZIER_KNOTS.);
#6774 = CARTESIAN_POINT('',(97.5,62.));
#6775 = CARTESIAN_POINT('',(83.5,62.));
#6776 = ( GEOMETRIC_REPRESENTATION_CONTEXT(2) 
PARAMETRIC_REPRESENTATION_CONTEXT() REPRESENTATION_CONTEXT('2D SPACE',''
  ) );
#6777 = PCURVE('',#2403,#6778);
#6778 = DEFINITIONAL_REPRESENTATION('',(#6779),#6782);
#6779 = B_SPLINE_CURVE_WITH_KNOTS('',1,(#6780,#6781),.UNSPECIFIED.,.F.,
  .F.,(2,2),(-55.75,-41.75),.PIECEWISE_BEZIER_KNOTS.);
#6780 = CARTESIAN_POINT('',(14.,-3.01));
#6781 = CARTESIAN_POINT('',(0.,-3.01));
#6782 = ( GEOMETRIC_REPRESENTATION_CONTEXT(2) 
PARAMETRIC_REPRESENTATION_CONTEXT() REPRESENTATION_CONTEXT('2D SPACE',''
  ) );
#6783 = ORIENTED_EDGE('',*,*,#6784,.T.);
#6784 = EDGE_CURVE('',#6764,#6785,#6787,.T.);
#6785 = VERTEX_POINT('',#6786);
#6786 = CARTESIAN_POINT('',(-174.35,93.,78.5));
#6787 = SURFACE_CURVE('',#6788,(#6792,#6798),.PCURVE_S1.);
#6788 = LINE('',#6789,#6790);
#6789 = CARTESIAN_POINT('',(-208.35,93.,78.5));
#6790 = VECTOR('',#6791,1.);
#6791 = DIRECTION('',(1.,0.,-0.));
#6792 = PCURVE('',#100,#6793);
#6793 = DEFINITIONAL_REPRESENTATION('',(#6794),#6797);
#6794 = B_SPLINE_CURVE_WITH_KNOTS('',1,(#6795,#6796),.UNSPECIFIED.,.F.,
  .F.,(2,2),(31.,34.),.PIECEWISE_BEZIER_KNOTS.);
#6795 = CARTESIAN_POINT('',(83.5,62.));
#6796 = CARTESIAN_POINT('',(83.5,65.));
#6797 = ( GEOMETRIC_REPRESENTATION_CONTEXT(2) 
PARAMETRIC_REPRESENTATION_CONTEXT() REPRESENTATION_CONTEXT('2D SPACE',''
  ) );
#6798 = PCURVE('',#2429,#6799);
#6799 = DEFINITIONAL_REPRESENTATION('',(#6800),#6803);
#6800 = B_SPLINE_CURVE_WITH_KNOTS('',1,(#6801,#6802),.UNSPECIFIED.,.F.,
  .F.,(2,2),(31.,34.),.PIECEWISE_BEZIER_KNOTS.);
#6801 = CARTESIAN_POINT('',(0.,3.01));
#6802 = CARTESIAN_POINT('',(3.,3.01));
#6803 = ( GEOMETRIC_REPRESENTATION_CONTEXT(2) 
PARAMETRIC_REPRESENTATION_CONTEXT() REPRESENTATION_CONTEXT('2D SPACE',''
  ) );
#6804 = ORIENTED_EDGE('',*,*,#6805,.F.);
#6805 = EDGE_CURVE('',#6743,#6785,#6806,.T.);
#6806 = SURFACE_CURVE('',#6807,(#6811,#6817),.PCURVE_S1.);
#6807 = LINE('',#6808,#6809);
#6808 = CARTESIAN_POINT('',(-174.35,93.,36.75));
#6809 = VECTOR('',#6810,1.);
#6810 = DIRECTION('',(-0.,0.,-1.));
#6811 = PCURVE('',#100,#6812);
#6812 = DEFINITIONAL_REPRESENTATION('',(#6813),#6816);
#6813 = B_SPLINE_CURVE_WITH_KNOTS('',1,(#6814,#6815),.UNSPECIFIED.,.F.,
  .F.,(2,2),(-55.75,-41.75),.PIECEWISE_BEZIER_KNOTS.);
#6814 = CARTESIAN_POINT('',(97.5,65.));
#6815 = CARTESIAN_POINT('',(83.5,65.));
#6816 = ( GEOMETRIC_REPRESENTATION_CONTEXT(2) 
PARAMETRIC_REPRESENTATION_CONTEXT() REPRESENTATION_CONTEXT('2D SPACE',''
  ) );
#6817 = PCURVE('',#2453,#6818);
#6818 = DEFINITIONAL_REPRESENTATION('',(#6819),#6822);
#6819 = B_SPLINE_CURVE_WITH_KNOTS('',1,(#6820,#6821),.UNSPECIFIED.,.F.,
  .F.,(2,2),(-55.75,-41.75),.PIECEWISE_BEZIER_KNOTS.);
#6820 = CARTESIAN_POINT('',(14.,-3.01));
#6821 = CARTESIAN_POINT('',(0.,-3.01));
#6822 = ( GEOMETRIC_REPRESENTATION_CONTEXT(2) 
PARAMETRIC_REPRESENTATION_CONTEXT() REPRESENTATION_CONTEXT('2D SPACE',''
  ) );
#6823 = FACE_BOUND('',#6824,.T.);
#6824 = EDGE_LOOP('',(#6825,#6848,#6869,#6890));
#6825 = ORIENTED_EDGE('',*,*,#6826,.F.);
#6826 = EDGE_CURVE('',#6827,#6829,#6831,.T.);
#6827 = VERTEX_POINT('',#6828);
#6828 = CARTESIAN_POINT('',(-171.35,93.,92.5));
#6829 = VERTEX_POINT('',#6830);
#6830 = CARTESIAN_POINT('',(-168.35,93.,92.5));
#6831 = SURFACE_CURVE('',#6832,(#6836,#6842),.PCURVE_S1.);
#6832 = LINE('',#6833,#6834);
#6833 = CARTESIAN_POINT('',(-205.35,93.,92.5));
#6834 = VECTOR('',#6835,1.);
#6835 = DIRECTION('',(1.,0.,-0.));
#6836 = PCURVE('',#100,#6837);
#6837 = DEFINITIONAL_REPRESENTATION('',(#6838),#6841);
#6838 = B_SPLINE_CURVE_WITH_KNOTS('',1,(#6839,#6840),.UNSPECIFIED.,.F.,
  .F.,(2,2),(34.,37.),.PIECEWISE_BEZIER_KNOTS.);
#6839 = CARTESIAN_POINT('',(97.5,68.));
#6840 = CARTESIAN_POINT('',(97.5,71.));
#6841 = ( GEOMETRIC_REPRESENTATION_CONTEXT(2) 
PARAMETRIC_REPRESENTATION_CONTEXT() REPRESENTATION_CONTEXT('2D SPACE',''
  ) );
#6842 = PCURVE('',#2483,#6843);
#6843 = DEFINITIONAL_REPRESENTATION('',(#6844),#6847);
#6844 = B_SPLINE_CURVE_WITH_KNOTS('',1,(#6845,#6846),.UNSPECIFIED.,.F.,
  .F.,(2,2),(34.,37.),.PIECEWISE_BEZIER_KNOTS.);
#6845 = CARTESIAN_POINT('',(0.,3.01));
#6846 = CARTESIAN_POINT('',(3.,3.01));
#6847 = ( GEOMETRIC_REPRESENTATION_CONTEXT(2) 
PARAMETRIC_REPRESENTATION_CONTEXT() REPRESENTATION_CONTEXT('2D SPACE',''
  ) );
#6848 = ORIENTED_EDGE('',*,*,#6849,.T.);
#6849 = EDGE_CURVE('',#6827,#6850,#6852,.T.);
#6850 = VERTEX_POINT('',#6851);
#6851 = CARTESIAN_POINT('',(-171.35,93.,78.5));
#6852 = SURFACE_CURVE('',#6853,(#6857,#6863),.PCURVE_S1.);
#6853 = LINE('',#6854,#6855);
#6854 = CARTESIAN_POINT('',(-171.35,93.,36.75));
#6855 = VECTOR('',#6856,1.);
#6856 = DIRECTION('',(-0.,0.,-1.));
#6857 = PCURVE('',#100,#6858);
#6858 = DEFINITIONAL_REPRESENTATION('',(#6859),#6862);
#6859 = B_SPLINE_CURVE_WITH_KNOTS('',1,(#6860,#6861),.UNSPECIFIED.,.F.,
  .F.,(2,2),(-55.75,-41.75),.PIECEWISE_BEZIER_KNOTS.);
#6860 = CARTESIAN_POINT('',(97.5,68.));
#6861 = CARTESIAN_POINT('',(83.5,68.));
#6862 = ( GEOMETRIC_REPRESENTATION_CONTEXT(2) 
PARAMETRIC_REPRESENTATION_CONTEXT() REPRESENTATION_CONTEXT('2D SPACE',''
  ) );
#6863 = PCURVE('',#2509,#6864);
#6864 = DEFINITIONAL_REPRESENTATION('',(#6865),#6868);
#6865 = B_SPLINE_CURVE_WITH_KNOTS('',1,(#6866,#6867),.UNSPECIFIED.,.F.,
  .F.,(2,2),(-55.75,-41.75),.PIECEWISE_BEZIER_KNOTS.);
#6866 = CARTESIAN_POINT('',(14.,-3.01));
#6867 = CARTESIAN_POINT('',(0.,-3.01));
#6868 = ( GEOMETRIC_REPRESENTATION_CONTEXT(2) 
PARAMETRIC_REPRESENTATION_CONTEXT() REPRESENTATION_CONTEXT('2D SPACE',''
  ) );
#6869 = ORIENTED_EDGE('',*,*,#6870,.T.);
#6870 = EDGE_CURVE('',#6850,#6871,#6873,.T.);
#6871 = VERTEX_POINT('',#6872);
#6872 = CARTESIAN_POINT('',(-168.35,93.,78.5));
#6873 = SURFACE_CURVE('',#6874,(#6878,#6884),.PCURVE_S1.);
#6874 = LINE('',#6875,#6876);
#6875 = CARTESIAN_POINT('',(-205.35,93.,78.5));
#6876 = VECTOR('',#6877,1.);
#6877 = DIRECTION('',(1.,0.,-0.));
#6878 = PCURVE('',#100,#6879);
#6879 = DEFINITIONAL_REPRESENTATION('',(#6880),#6883);
#6880 = B_SPLINE_CURVE_WITH_KNOTS('',1,(#6881,#6882),.UNSPECIFIED.,.F.,
  .F.,(2,2),(34.,37.),.PIECEWISE_BEZIER_KNOTS.);
#6881 = CARTESIAN_POINT('',(83.5,68.));
#6882 = CARTESIAN_POINT('',(83.5,71.));
#6883 = ( GEOMETRIC_REPRESENTATION_CONTEXT(2) 
PARAMETRIC_REPRESENTATION_CONTEXT() REPRESENTATION_CONTEXT('2D SPACE',''
  ) );
#6884 = PCURVE('',#2535,#6885);
#6885 = DEFINITIONAL_REPRESENTATION('',(#6886),#6889);
#6886 = B_SPLINE_CURVE_WITH_KNOTS('',1,(#6887,#6888),.UNSPECIFIED.,.F.,
  .F.,(2,2),(34.,37.),.PIECEWISE_BEZIER_KNOTS.);
#6887 = CARTESIAN_POINT('',(0.,3.01));
#6888 = CARTESIAN_POINT('',(3.,3.01));
#6889 = ( GEOMETRIC_REPRESENTATION_CONTEXT(2) 
PARAMETRIC_REPRESENTATION_CONTEXT() REPRESENTATION_CONTEXT('2D SPACE',''
  ) );
#6890 = ORIENTED_EDGE('',*,*,#6891,.F.);
#6891 = EDGE_CURVE('',#6829,#6871,#6892,.T.);
#6892 = SURFACE_CURVE('',#6893,(#6897,#6903),.PCURVE_S1.);
#6893 = LINE('',#6894,#6895);
#6894 = CARTESIAN_POINT('',(-168.35,93.,36.75));
#6895 = VECTOR('',#6896,1.);
#6896 = DIRECTION('',(-0.,0.,-1.));
#6897 = PCURVE('',#100,#6898);
#6898 = DEFINITIONAL_REPRESENTATION('',(#6899),#6902);
#6899 = B_SPLINE_CURVE_WITH_KNOTS('',1,(#6900,#6901),.UNSPECIFIED.,.F.,
  .F.,(2,2),(-55.75,-41.75),.PIECEWISE_BEZIER_KNOTS.);
#6900 = CARTESIAN_POINT('',(97.5,71.));
#6901 = CARTESIAN_POINT('',(83.5,71.));
#6902 = ( GEOMETRIC_REPRESENTATION_CONTEXT(2) 
PARAMETRIC_REPRESENTATION_CONTEXT() REPRESENTATION_CONTEXT('2D SPACE',''
  ) );
#6903 = PCURVE('',#2559,#6904);
#6904 = DEFINITIONAL_REPRESENTATION('',(#6905),#6908);
#6905 = B_SPLINE_CURVE_WITH_KNOTS('',1,(#6906,#6907),.UNSPECIFIED.,.F.,
  .F.,(2,2),(-55.75,-41.75),.PIECEWISE_BEZIER_KNOTS.);
#6906 = CARTESIAN_POINT('',(14.,-3.01));
#6907 = CARTESIAN_POINT('',(0.,-3.01));
#6908 = ( GEOMETRIC_REPRESENTATION_CONTEXT(2) 
PARAMETRIC_REPRESENTATION_CONTEXT() REPRESENTATION_CONTEXT('2D SPACE',''
  ) );
#6909 = FACE_BOUND('',#6910,.T.);
#6910 = EDGE_LOOP('',(#6911));
#6911 = ORIENTED_EDGE('',*,*,#6912,.F.);
#6912 = EDGE_CURVE('',#6913,#6913,#6915,.T.);
#6913 = VERTEX_POINT('',#6914);
#6914 = CARTESIAN_POINT('',(-161.225,93.,5.));
#6915 = SURFACE_CURVE('',#6916,(#6921,#6928),.PCURVE_S1.);
#6916 = CIRCLE('',#6917,3.125);
#6917 = AXIS2_PLACEMENT_3D('',#6918,#6919,#6920);
#6918 = CARTESIAN_POINT('',(-164.35,93.,5.));
#6919 = DIRECTION('',(0.,1.,2.22044604925E-16));
#6920 = DIRECTION('',(1.,0.,-0.));
#6921 = PCURVE('',#100,#6922);
#6922 = DEFINITIONAL_REPRESENTATION('',(#6923),#6927);
#6923 = CIRCLE('',#6924,3.125);
#6924 = AXIS2_PLACEMENT_2D('',#6925,#6926);
#6925 = CARTESIAN_POINT('',(10.,75.));
#6926 = DIRECTION('',(0.,1.));
#6927 = ( GEOMETRIC_REPRESENTATION_CONTEXT(2) 
PARAMETRIC_REPRESENTATION_CONTEXT() REPRESENTATION_CONTEXT('2D SPACE',''
  ) );
#6928 = PCURVE('',#6929,#6934);
#6929 = CYLINDRICAL_SURFACE('',#6930,3.125);
#6930 = AXIS2_PLACEMENT_3D('',#6931,#6932,#6933);
#6931 = CARTESIAN_POINT('',(-164.35,91.4,5.));
#6932 = DIRECTION('',(0.,1.,2.22044604925E-16));
#6933 = DIRECTION('',(1.,0.,-0.));
#6934 = DEFINITIONAL_REPRESENTATION('',(#6935),#6939);
#6935 = LINE('',#6936,#6937);
#6936 = CARTESIAN_POINT('',(0.,1.6));
#6937 = VECTOR('',#6938,1.);
#6938 = DIRECTION('',(1.,0.));
#6939 = ( GEOMETRIC_REPRESENTATION_CONTEXT(2) 
PARAMETRIC_REPRESENTATION_CONTEXT() REPRESENTATION_CONTEXT('2D SPACE',''
  ) );
#6940 = FACE_BOUND('',#6941,.T.);
#6941 = EDGE_LOOP('',(#6942,#6965,#6986,#7007));
#6942 = ORIENTED_EDGE('',*,*,#6943,.F.);
#6943 = EDGE_CURVE('',#6944,#6946,#6948,.T.);
#6944 = VERTEX_POINT('',#6945);
#6945 = CARTESIAN_POINT('',(-165.35,93.,23.));
#6946 = VERTEX_POINT('',#6947);
#6947 = CARTESIAN_POINT('',(-162.35,93.,23.));
#6948 = SURFACE_CURVE('',#6949,(#6953,#6959),.PCURVE_S1.);
#6949 = LINE('',#6950,#6951);
#6950 = CARTESIAN_POINT('',(-202.35,93.,23.));
#6951 = VECTOR('',#6952,1.);
#6952 = DIRECTION('',(1.,0.,-0.));
#6953 = PCURVE('',#100,#6954);
#6954 = DEFINITIONAL_REPRESENTATION('',(#6955),#6958);
#6955 = B_SPLINE_CURVE_WITH_KNOTS('',1,(#6956,#6957),.UNSPECIFIED.,.F.,
  .F.,(2,2),(37.,40.),.PIECEWISE_BEZIER_KNOTS.);
#6956 = CARTESIAN_POINT('',(28.,74.));
#6957 = CARTESIAN_POINT('',(28.,77.));
#6958 = ( GEOMETRIC_REPRESENTATION_CONTEXT(2) 
PARAMETRIC_REPRESENTATION_CONTEXT() REPRESENTATION_CONTEXT('2D SPACE',''
  ) );
#6959 = PCURVE('',#2620,#6960);
#6960 = DEFINITIONAL_REPRESENTATION('',(#6961),#6964);
#6961 = B_SPLINE_CURVE_WITH_KNOTS('',1,(#6962,#6963),.UNSPECIFIED.,.F.,
  .F.,(2,2),(37.,40.),.PIECEWISE_BEZIER_KNOTS.);
#6962 = CARTESIAN_POINT('',(0.,3.01));
#6963 = CARTESIAN_POINT('',(3.,3.01));
#6964 = ( GEOMETRIC_REPRESENTATION_CONTEXT(2) 
PARAMETRIC_REPRESENTATION_CONTEXT() REPRESENTATION_CONTEXT('2D SPACE',''
  ) );
#6965 = ORIENTED_EDGE('',*,*,#6966,.T.);
#6966 = EDGE_CURVE('',#6944,#6967,#6969,.T.);
#6967 = VERTEX_POINT('',#6968);
#6968 = CARTESIAN_POINT('',(-165.35,93.,9.));
#6969 = SURFACE_CURVE('',#6970,(#6974,#6980),.PCURVE_S1.);
#6970 = LINE('',#6971,#6972);
#6971 = CARTESIAN_POINT('',(-165.35,93.,2.));
#6972 = VECTOR('',#6973,1.);
#6973 = DIRECTION('',(-0.,0.,-1.));
#6974 = PCURVE('',#100,#6975);
#6975 = DEFINITIONAL_REPRESENTATION('',(#6976),#6979);
#6976 = B_SPLINE_CURVE_WITH_KNOTS('',1,(#6977,#6978),.UNSPECIFIED.,.F.,
  .F.,(2,2),(-21.,-7.),.PIECEWISE_BEZIER_KNOTS.);
#6977 = CARTESIAN_POINT('',(28.,74.));
#6978 = CARTESIAN_POINT('',(14.,74.));
#6979 = ( GEOMETRIC_REPRESENTATION_CONTEXT(2) 
PARAMETRIC_REPRESENTATION_CONTEXT() REPRESENTATION_CONTEXT('2D SPACE',''
  ) );
#6980 = PCURVE('',#2646,#6981);
#6981 = DEFINITIONAL_REPRESENTATION('',(#6982),#6985);
#6982 = B_SPLINE_CURVE_WITH_KNOTS('',1,(#6983,#6984),.UNSPECIFIED.,.F.,
  .F.,(2,2),(-21.,-7.),.PIECEWISE_BEZIER_KNOTS.);
#6983 = CARTESIAN_POINT('',(14.,-3.01));
#6984 = CARTESIAN_POINT('',(0.,-3.01));
#6985 = ( GEOMETRIC_REPRESENTATION_CONTEXT(2) 
PARAMETRIC_REPRESENTATION_CONTEXT() REPRESENTATION_CONTEXT('2D SPACE',''
  ) );
#6986 = ORIENTED_EDGE('',*,*,#6987,.T.);
#6987 = EDGE_CURVE('',#6967,#6988,#6990,.T.);
#6988 = VERTEX_POINT('',#6989);
#6989 = CARTESIAN_POINT('',(-162.35,93.,9.));
#6990 = SURFACE_CURVE('',#6991,(#6995,#7001),.PCURVE_S1.);
#6991 = LINE('',#6992,#6993);
#6992 = CARTESIAN_POINT('',(-202.35,93.,9.));
#6993 = VECTOR('',#6994,1.);
#6994 = DIRECTION('',(1.,0.,-0.));
#6995 = PCURVE('',#100,#6996);
#6996 = DEFINITIONAL_REPRESENTATION('',(#6997),#7000);
#6997 = B_SPLINE_CURVE_WITH_KNOTS('',1,(#6998,#6999),.UNSPECIFIED.,.F.,
  .F.,(2,2),(37.,40.),.PIECEWISE_BEZIER_KNOTS.);
#6998 = CARTESIAN_POINT('',(14.,74.));
#6999 = CARTESIAN_POINT('',(14.,77.));
#7000 = ( GEOMETRIC_REPRESENTATION_CONTEXT(2) 
PARAMETRIC_REPRESENTATION_CONTEXT() REPRESENTATION_CONTEXT('2D SPACE',''
  ) );
#7001 = PCURVE('',#2672,#7002);
#7002 = DEFINITIONAL_REPRESENTATION('',(#7003),#7006);
#7003 = B_SPLINE_CURVE_WITH_KNOTS('',1,(#7004,#7005),.UNSPECIFIED.,.F.,
  .F.,(2,2),(37.,40.),.PIECEWISE_BEZIER_KNOTS.);
#7004 = CARTESIAN_POINT('',(0.,3.01));
#7005 = CARTESIAN_POINT('',(3.,3.01));
#7006 = ( GEOMETRIC_REPRESENTATION_CONTEXT(2) 
PARAMETRIC_REPRESENTATION_CONTEXT() REPRESENTATION_CONTEXT('2D SPACE',''
  ) );
#7007 = ORIENTED_EDGE('',*,*,#7008,.F.);
#7008 = EDGE_CURVE('',#6946,#6988,#7009,.T.);
#7009 = SURFACE_CURVE('',#7010,(#7014,#7020),.PCURVE_S1.);
#7010 = LINE('',#7011,#7012);
#7011 = CARTESIAN_POINT('',(-162.35,93.,2.));
#7012 = VECTOR('',#7013,1.);
#7013 = DIRECTION('',(-0.,0.,-1.));
#7014 = PCURVE('',#100,#7015);
#7015 = DEFINITIONAL_REPRESENTATION('',(#7016),#7019);
#7016 = B_SPLINE_CURVE_WITH_KNOTS('',1,(#7017,#7018),.UNSPECIFIED.,.F.,
  .F.,(2,2),(-21.,-7.),.PIECEWISE_BEZIER_KNOTS.);
#7017 = CARTESIAN_POINT('',(28.,77.));
#7018 = CARTESIAN_POINT('',(14.,77.));
#7019 = ( GEOMETRIC_REPRESENTATION_CONTEXT(2) 
PARAMETRIC_REPRESENTATION_CONTEXT() REPRESENTATION_CONTEXT('2D SPACE',''
  ) );
#7020 = PCURVE('',#2696,#7021);
#7021 = DEFINITIONAL_REPRESENTATION('',(#7022),#7025);
#7022 = B_SPLINE_CURVE_WITH_KNOTS('',1,(#7023,#7024),.UNSPECIFIED.,.F.,
  .F.,(2,2),(-21.,-7.),.PIECEWISE_BEZIER_KNOTS.);
#7023 = CARTESIAN_POINT('',(14.,-3.01));
#7024 = CARTESIAN_POINT('',(0.,-3.01));
#7025 = ( GEOMETRIC_REPRESENTATION_CONTEXT(2) 
PARAMETRIC_REPRESENTATION_CONTEXT() REPRESENTATION_CONTEXT('2D SPACE',''
  ) );
#7026 = FACE_BOUND('',#7027,.T.);
#7027 = EDGE_LOOP('',(#7028,#7051,#7072,#7093));
#7028 = ORIENTED_EDGE('',*,*,#7029,.F.);
#7029 = EDGE_CURVE('',#7030,#7032,#7034,.T.);
#7030 = VERTEX_POINT('',#7031);
#7031 = CARTESIAN_POINT('',(-159.35,93.,23.));
#7032 = VERTEX_POINT('',#7033);
#7033 = CARTESIAN_POINT('',(-156.35,93.,23.));
#7034 = SURFACE_CURVE('',#7035,(#7039,#7045),.PCURVE_S1.);
#7035 = LINE('',#7036,#7037);
#7036 = CARTESIAN_POINT('',(-199.35,93.,23.));
#7037 = VECTOR('',#7038,1.);
#7038 = DIRECTION('',(1.,0.,-0.));
#7039 = PCURVE('',#100,#7040);
#7040 = DEFINITIONAL_REPRESENTATION('',(#7041),#7044);
#7041 = B_SPLINE_CURVE_WITH_KNOTS('',1,(#7042,#7043),.UNSPECIFIED.,.F.,
  .F.,(2,2),(40.,43.),.PIECEWISE_BEZIER_KNOTS.);
#7042 = CARTESIAN_POINT('',(28.,80.));
#7043 = CARTESIAN_POINT('',(28.,83.));
#7044 = ( GEOMETRIC_REPRESENTATION_CONTEXT(2) 
PARAMETRIC_REPRESENTATION_CONTEXT() REPRESENTATION_CONTEXT('2D SPACE',''
  ) );
#7045 = PCURVE('',#2726,#7046);
#7046 = DEFINITIONAL_REPRESENTATION('',(#7047),#7050);
#7047 = B_SPLINE_CURVE_WITH_KNOTS('',1,(#7048,#7049),.UNSPECIFIED.,.F.,
  .F.,(2,2),(40.,43.),.PIECEWISE_BEZIER_KNOTS.);
#7048 = CARTESIAN_POINT('',(0.,3.01));
#7049 = CARTESIAN_POINT('',(3.,3.01));
#7050 = ( GEOMETRIC_REPRESENTATION_CONTEXT(2) 
PARAMETRIC_REPRESENTATION_CONTEXT() REPRESENTATION_CONTEXT('2D SPACE',''
  ) );
#7051 = ORIENTED_EDGE('',*,*,#7052,.T.);
#7052 = EDGE_CURVE('',#7030,#7053,#7055,.T.);
#7053 = VERTEX_POINT('',#7054);
#7054 = CARTESIAN_POINT('',(-159.35,93.,9.));
#7055 = SURFACE_CURVE('',#7056,(#7060,#7066),.PCURVE_S1.);
#7056 = LINE('',#7057,#7058);
#7057 = CARTESIAN_POINT('',(-159.35,93.,2.));
#7058 = VECTOR('',#7059,1.);
#7059 = DIRECTION('',(-0.,0.,-1.));
#7060 = PCURVE('',#100,#7061);
#7061 = DEFINITIONAL_REPRESENTATION('',(#7062),#7065);
#7062 = B_SPLINE_CURVE_WITH_KNOTS('',1,(#7063,#7064),.UNSPECIFIED.,.F.,
  .F.,(2,2),(-21.,-7.),.PIECEWISE_BEZIER_KNOTS.);
#7063 = CARTESIAN_POINT('',(28.,80.));
#7064 = CARTESIAN_POINT('',(14.,80.));
#7065 = ( GEOMETRIC_REPRESENTATION_CONTEXT(2) 
PARAMETRIC_REPRESENTATION_CONTEXT() REPRESENTATION_CONTEXT('2D SPACE',''
  ) );
#7066 = PCURVE('',#2752,#7067);
#7067 = DEFINITIONAL_REPRESENTATION('',(#7068),#7071);
#7068 = B_SPLINE_CURVE_WITH_KNOTS('',1,(#7069,#7070),.UNSPECIFIED.,.F.,
  .F.,(2,2),(-21.,-7.),.PIECEWISE_BEZIER_KNOTS.);
#7069 = CARTESIAN_POINT('',(14.,-3.01));
#7070 = CARTESIAN_POINT('',(0.,-3.01));
#7071 = ( GEOMETRIC_REPRESENTATION_CONTEXT(2) 
PARAMETRIC_REPRESENTATION_CONTEXT() REPRESENTATION_CONTEXT('2D SPACE',''
  ) );
#7072 = ORIENTED_EDGE('',*,*,#7073,.T.);
#7073 = EDGE_CURVE('',#7053,#7074,#7076,.T.);
#7074 = VERTEX_POINT('',#7075);
#7075 = CARTESIAN_POINT('',(-156.35,93.,9.));
#7076 = SURFACE_CURVE('',#7077,(#7081,#7087),.PCURVE_S1.);
#7077 = LINE('',#7078,#7079);
#7078 = CARTESIAN_POINT('',(-199.35,93.,9.));
#7079 = VECTOR('',#7080,1.);
#7080 = DIRECTION('',(1.,0.,-0.));
#7081 = PCURVE('',#100,#7082);
#7082 = DEFINITIONAL_REPRESENTATION('',(#7083),#7086);
#7083 = B_SPLINE_CURVE_WITH_KNOTS('',1,(#7084,#7085),.UNSPECIFIED.,.F.,
  .F.,(2,2),(40.,43.),.PIECEWISE_BEZIER_KNOTS.);
#7084 = CARTESIAN_POINT('',(14.,80.));
#7085 = CARTESIAN_POINT('',(14.,83.));
#7086 = ( GEOMETRIC_REPRESENTATION_CONTEXT(2) 
PARAMETRIC_REPRESENTATION_CONTEXT() REPRESENTATION_CONTEXT('2D SPACE',''
  ) );
#7087 = PCURVE('',#2778,#7088);
#7088 = DEFINITIONAL_REPRESENTATION('',(#7089),#7092);
#7089 = B_SPLINE_CURVE_WITH_KNOTS('',1,(#7090,#7091),.UNSPECIFIED.,.F.,
  .F.,(2,2),(40.,43.),.PIECEWISE_BEZIER_KNOTS.);
#7090 = CARTESIAN_POINT('',(0.,3.01));
#7091 = CARTESIAN_POINT('',(3.,3.01));
#7092 = ( GEOMETRIC_REPRESENTATION_CONTEXT(2) 
PARAMETRIC_REPRESENTATION_CONTEXT() REPRESENTATION_CONTEXT('2D SPACE',''
  ) );
#7093 = ORIENTED_EDGE('',*,*,#7094,.F.);
#7094 = EDGE_CURVE('',#7032,#7074,#7095,.T.);
#7095 = SURFACE_CURVE('',#7096,(#7100,#7106),.PCURVE_S1.);
#7096 = LINE('',#7097,#7098);
#7097 = CARTESIAN_POINT('',(-156.35,93.,2.));
#7098 = VECTOR('',#7099,1.);
#7099 = DIRECTION('',(-0.,0.,-1.));
#7100 = PCURVE('',#100,#7101);
#7101 = DEFINITIONAL_REPRESENTATION('',(#7102),#7105);
#7102 = B_SPLINE_CURVE_WITH_KNOTS('',1,(#7103,#7104),.UNSPECIFIED.,.F.,
  .F.,(2,2),(-21.,-7.),.PIECEWISE_BEZIER_KNOTS.);
#7103 = CARTESIAN_POINT('',(28.,83.));
#7104 = CARTESIAN_POINT('',(14.,83.));
#7105 = ( GEOMETRIC_REPRESENTATION_CONTEXT(2) 
PARAMETRIC_REPRESENTATION_CONTEXT() REPRESENTATION_CONTEXT('2D SPACE',''
  ) );
#7106 = PCURVE('',#2802,#7107);
#7107 = DEFINITIONAL_REPRESENTATION('',(#7108),#7111);
#7108 = B_SPLINE_CURVE_WITH_KNOTS('',1,(#7109,#7110),.UNSPECIFIED.,.F.,
  .F.,(2,2),(-21.,-7.),.PIECEWISE_BEZIER_KNOTS.);
#7109 = CARTESIAN_POINT('',(14.,-3.01));
#7110 = CARTESIAN_POINT('',(0.,-3.01));
#7111 = ( GEOMETRIC_REPRESENTATION_CONTEXT(2) 
PARAMETRIC_REPRESENTATION_CONTEXT() REPRESENTATION_CONTEXT('2D SPACE',''
  ) );
#7112 = FACE_BOUND('',#7113,.T.);
#7113 = EDGE_LOOP('',(#7114,#7137,#7158,#7179));
#7114 = ORIENTED_EDGE('',*,*,#7115,.F.);
#7115 = EDGE_CURVE('',#7116,#7118,#7120,.T.);
#7116 = VERTEX_POINT('',#7117);
#7117 = CARTESIAN_POINT('',(-153.35,93.,23.));
#7118 = VERTEX_POINT('',#7119);
#7119 = CARTESIAN_POINT('',(-150.35,93.,23.));
#7120 = SURFACE_CURVE('',#7121,(#7125,#7131),.PCURVE_S1.);
#7121 = LINE('',#7122,#7123);
#7122 = CARTESIAN_POINT('',(-196.35,93.,23.));
#7123 = VECTOR('',#7124,1.);
#7124 = DIRECTION('',(1.,0.,-0.));
#7125 = PCURVE('',#100,#7126);
#7126 = DEFINITIONAL_REPRESENTATION('',(#7127),#7130);
#7127 = B_SPLINE_CURVE_WITH_KNOTS('',1,(#7128,#7129),.UNSPECIFIED.,.F.,
  .F.,(2,2),(43.,46.),.PIECEWISE_BEZIER_KNOTS.);
#7128 = CARTESIAN_POINT('',(28.,86.));
#7129 = CARTESIAN_POINT('',(28.,89.));
#7130 = ( GEOMETRIC_REPRESENTATION_CONTEXT(2) 
PARAMETRIC_REPRESENTATION_CONTEXT() REPRESENTATION_CONTEXT('2D SPACE',''
  ) );
#7131 = PCURVE('',#2832,#7132);
#7132 = DEFINITIONAL_REPRESENTATION('',(#7133),#7136);
#7133 = B_SPLINE_CURVE_WITH_KNOTS('',1,(#7134,#7135),.UNSPECIFIED.,.F.,
  .F.,(2,2),(43.,46.),.PIECEWISE_BEZIER_KNOTS.);
#7134 = CARTESIAN_POINT('',(0.,3.01));
#7135 = CARTESIAN_POINT('',(3.,3.01));
#7136 = ( GEOMETRIC_REPRESENTATION_CONTEXT(2) 
PARAMETRIC_REPRESENTATION_CONTEXT() REPRESENTATION_CONTEXT('2D SPACE',''
  ) );
#7137 = ORIENTED_EDGE('',*,*,#7138,.T.);
#7138 = EDGE_CURVE('',#7116,#7139,#7141,.T.);
#7139 = VERTEX_POINT('',#7140);
#7140 = CARTESIAN_POINT('',(-153.35,93.,9.));
#7141 = SURFACE_CURVE('',#7142,(#7146,#7152),.PCURVE_S1.);
#7142 = LINE('',#7143,#7144);
#7143 = CARTESIAN_POINT('',(-153.35,93.,2.));
#7144 = VECTOR('',#7145,1.);
#7145 = DIRECTION('',(-0.,0.,-1.));
#7146 = PCURVE('',#100,#7147);
#7147 = DEFINITIONAL_REPRESENTATION('',(#7148),#7151);
#7148 = B_SPLINE_CURVE_WITH_KNOTS('',1,(#7149,#7150),.UNSPECIFIED.,.F.,
  .F.,(2,2),(-21.,-7.),.PIECEWISE_BEZIER_KNOTS.);
#7149 = CARTESIAN_POINT('',(28.,86.));
#7150 = CARTESIAN_POINT('',(14.,86.));
#7151 = ( GEOMETRIC_REPRESENTATION_CONTEXT(2) 
PARAMETRIC_REPRESENTATION_CONTEXT() REPRESENTATION_CONTEXT('2D SPACE',''
  ) );
#7152 = PCURVE('',#2858,#7153);
#7153 = DEFINITIONAL_REPRESENTATION('',(#7154),#7157);
#7154 = B_SPLINE_CURVE_WITH_KNOTS('',1,(#7155,#7156),.UNSPECIFIED.,.F.,
  .F.,(2,2),(-21.,-7.),.PIECEWISE_BEZIER_KNOTS.);
#7155 = CARTESIAN_POINT('',(14.,-3.01));
#7156 = CARTESIAN_POINT('',(0.,-3.01));
#7157 = ( GEOMETRIC_REPRESENTATION_CONTEXT(2) 
PARAMETRIC_REPRESENTATION_CONTEXT() REPRESENTATION_CONTEXT('2D SPACE',''
  ) );
#7158 = ORIENTED_EDGE('',*,*,#7159,.T.);
#7159 = EDGE_CURVE('',#7139,#7160,#7162,.T.);
#7160 = VERTEX_POINT('',#7161);
#7161 = CARTESIAN_POINT('',(-150.35,93.,9.));
#7162 = SURFACE_CURVE('',#7163,(#7167,#7173),.PCURVE_S1.);
#7163 = LINE('',#7164,#7165);
#7164 = CARTESIAN_POINT('',(-196.35,93.,9.));
#7165 = VECTOR('',#7166,1.);
#7166 = DIRECTION('',(1.,0.,-0.));
#7167 = PCURVE('',#100,#7168);
#7168 = DEFINITIONAL_REPRESENTATION('',(#7169),#7172);
#7169 = B_SPLINE_CURVE_WITH_KNOTS('',1,(#7170,#7171),.UNSPECIFIED.,.F.,
  .F.,(2,2),(43.,46.),.PIECEWISE_BEZIER_KNOTS.);
#7170 = CARTESIAN_POINT('',(14.,86.));
#7171 = CARTESIAN_POINT('',(14.,89.));
#7172 = ( GEOMETRIC_REPRESENTATION_CONTEXT(2) 
PARAMETRIC_REPRESENTATION_CONTEXT() REPRESENTATION_CONTEXT('2D SPACE',''
  ) );
#7173 = PCURVE('',#2884,#7174);
#7174 = DEFINITIONAL_REPRESENTATION('',(#7175),#7178);
#7175 = B_SPLINE_CURVE_WITH_KNOTS('',1,(#7176,#7177),.UNSPECIFIED.,.F.,
  .F.,(2,2),(43.,46.),.PIECEWISE_BEZIER_KNOTS.);
#7176 = CARTESIAN_POINT('',(0.,3.01));
#7177 = CARTESIAN_POINT('',(3.,3.01));
#7178 = ( GEOMETRIC_REPRESENTATION_CONTEXT(2) 
PARAMETRIC_REPRESENTATION_CONTEXT() REPRESENTATION_CONTEXT('2D SPACE',''
  ) );
#7179 = ORIENTED_EDGE('',*,*,#7180,.F.);
#7180 = EDGE_CURVE('',#7118,#7160,#7181,.T.);
#7181 = SURFACE_CURVE('',#7182,(#7186,#7192),.PCURVE_S1.);
#7182 = LINE('',#7183,#7184);
#7183 = CARTESIAN_POINT('',(-150.35,93.,2.));
#7184 = VECTOR('',#7185,1.);
#7185 = DIRECTION('',(-0.,0.,-1.));
#7186 = PCURVE('',#100,#7187);
#7187 = DEFINITIONAL_REPRESENTATION('',(#7188),#7191);
#7188 = B_SPLINE_CURVE_WITH_KNOTS('',1,(#7189,#7190),.UNSPECIFIED.,.F.,
  .F.,(2,2),(-21.,-7.),.PIECEWISE_BEZIER_KNOTS.);
#7189 = CARTESIAN_POINT('',(28.,89.));
#7190 = CARTESIAN_POINT('',(14.,89.));
#7191 = ( GEOMETRIC_REPRESENTATION_CONTEXT(2) 
PARAMETRIC_REPRESENTATION_CONTEXT() REPRESENTATION_CONTEXT('2D SPACE',''
  ) );
#7192 = PCURVE('',#2908,#7193);
#7193 = DEFINITIONAL_REPRESENTATION('',(#7194),#7197);
#7194 = B_SPLINE_CURVE_WITH_KNOTS('',1,(#7195,#7196),.UNSPECIFIED.,.F.,
  .F.,(2,2),(-21.,-7.),.PIECEWISE_BEZIER_KNOTS.);
#7195 = CARTESIAN_POINT('',(14.,-3.01));
#7196 = CARTESIAN_POINT('',(0.,-3.01));
#7197 = ( GEOMETRIC_REPRESENTATION_CONTEXT(2) 
PARAMETRIC_REPRESENTATION_CONTEXT() REPRESENTATION_CONTEXT('2D SPACE',''
  ) );
#7198 = FACE_BOUND('',#7199,.T.);
#7199 = EDGE_LOOP('',(#7200,#7223,#7244,#7265));
#7200 = ORIENTED_EDGE('',*,*,#7201,.F.);
#7201 = EDGE_CURVE('',#7202,#7204,#7206,.T.);
#7202 = VERTEX_POINT('',#7203);
#7203 = CARTESIAN_POINT('',(-147.35,93.,23.));
#7204 = VERTEX_POINT('',#7205);
#7205 = CARTESIAN_POINT('',(-144.35,93.,23.));
#7206 = SURFACE_CURVE('',#7207,(#7211,#7217),.PCURVE_S1.);
#7207 = LINE('',#7208,#7209);
#7208 = CARTESIAN_POINT('',(-193.35,93.,23.));
#7209 = VECTOR('',#7210,1.);
#7210 = DIRECTION('',(1.,0.,-0.));
#7211 = PCURVE('',#100,#7212);
#7212 = DEFINITIONAL_REPRESENTATION('',(#7213),#7216);
#7213 = B_SPLINE_CURVE_WITH_KNOTS('',1,(#7214,#7215),.UNSPECIFIED.,.F.,
  .F.,(2,2),(46.,49.),.PIECEWISE_BEZIER_KNOTS.);
#7214 = CARTESIAN_POINT('',(28.,92.));
#7215 = CARTESIAN_POINT('',(28.,95.));
#7216 = ( GEOMETRIC_REPRESENTATION_CONTEXT(2) 
PARAMETRIC_REPRESENTATION_CONTEXT() REPRESENTATION_CONTEXT('2D SPACE',''
  ) );
#7217 = PCURVE('',#2938,#7218);
#7218 = DEFINITIONAL_REPRESENTATION('',(#7219),#7222);
#7219 = B_SPLINE_CURVE_WITH_KNOTS('',1,(#7220,#7221),.UNSPECIFIED.,.F.,
  .F.,(2,2),(46.,49.),.PIECEWISE_BEZIER_KNOTS.);
#7220 = CARTESIAN_POINT('',(0.,3.01));
#7221 = CARTESIAN_POINT('',(3.,3.01));
#7222 = ( GEOMETRIC_REPRESENTATION_CONTEXT(2) 
PARAMETRIC_REPRESENTATION_CONTEXT() REPRESENTATION_CONTEXT('2D SPACE',''
  ) );
#7223 = ORIENTED_EDGE('',*,*,#7224,.T.);
#7224 = EDGE_CURVE('',#7202,#7225,#7227,.T.);
#7225 = VERTEX_POINT('',#7226);
#7226 = CARTESIAN_POINT('',(-147.35,93.,9.));
#7227 = SURFACE_CURVE('',#7228,(#7232,#7238),.PCURVE_S1.);
#7228 = LINE('',#7229,#7230);
#7229 = CARTESIAN_POINT('',(-147.35,93.,2.));
#7230 = VECTOR('',#7231,1.);
#7231 = DIRECTION('',(-0.,0.,-1.));
#7232 = PCURVE('',#100,#7233);
#7233 = DEFINITIONAL_REPRESENTATION('',(#7234),#7237);
#7234 = B_SPLINE_CURVE_WITH_KNOTS('',1,(#7235,#7236),.UNSPECIFIED.,.F.,
  .F.,(2,2),(-21.,-7.),.PIECEWISE_BEZIER_KNOTS.);
#7235 = CARTESIAN_POINT('',(28.,92.));
#7236 = CARTESIAN_POINT('',(14.,92.));
#7237 = ( GEOMETRIC_REPRESENTATION_CONTEXT(2) 
PARAMETRIC_REPRESENTATION_CONTEXT() REPRESENTATION_CONTEXT('2D SPACE',''
  ) );
#7238 = PCURVE('',#2964,#7239);
#7239 = DEFINITIONAL_REPRESENTATION('',(#7240),#7243);
#7240 = B_SPLINE_CURVE_WITH_KNOTS('',1,(#7241,#7242),.UNSPECIFIED.,.F.,
  .F.,(2,2),(-21.,-7.),.PIECEWISE_BEZIER_KNOTS.);
#7241 = CARTESIAN_POINT('',(14.,-3.01));
#7242 = CARTESIAN_POINT('',(0.,-3.01));
#7243 = ( GEOMETRIC_REPRESENTATION_CONTEXT(2) 
PARAMETRIC_REPRESENTATION_CONTEXT() REPRESENTATION_CONTEXT('2D SPACE',''
  ) );
#7244 = ORIENTED_EDGE('',*,*,#7245,.T.);
#7245 = EDGE_CURVE('',#7225,#7246,#7248,.T.);
#7246 = VERTEX_POINT('',#7247);
#7247 = CARTESIAN_POINT('',(-144.35,93.,9.));
#7248 = SURFACE_CURVE('',#7249,(#7253,#7259),.PCURVE_S1.);
#7249 = LINE('',#7250,#7251);
#7250 = CARTESIAN_POINT('',(-193.35,93.,9.));
#7251 = VECTOR('',#7252,1.);
#7252 = DIRECTION('',(1.,0.,-0.));
#7253 = PCURVE('',#100,#7254);
#7254 = DEFINITIONAL_REPRESENTATION('',(#7255),#7258);
#7255 = B_SPLINE_CURVE_WITH_KNOTS('',1,(#7256,#7257),.UNSPECIFIED.,.F.,
  .F.,(2,2),(46.,49.),.PIECEWISE_BEZIER_KNOTS.);
#7256 = CARTESIAN_POINT('',(14.,92.));
#7257 = CARTESIAN_POINT('',(14.,95.));
#7258 = ( GEOMETRIC_REPRESENTATION_CONTEXT(2) 
PARAMETRIC_REPRESENTATION_CONTEXT() REPRESENTATION_CONTEXT('2D SPACE',''
  ) );
#7259 = PCURVE('',#2990,#7260);
#7260 = DEFINITIONAL_REPRESENTATION('',(#7261),#7264);
#7261 = B_SPLINE_CURVE_WITH_KNOTS('',1,(#7262,#7263),.UNSPECIFIED.,.F.,
  .F.,(2,2),(46.,49.),.PIECEWISE_BEZIER_KNOTS.);
#7262 = CARTESIAN_POINT('',(0.,3.01));
#7263 = CARTESIAN_POINT('',(3.,3.01));
#7264 = ( GEOMETRIC_REPRESENTATION_CONTEXT(2) 
PARAMETRIC_REPRESENTATION_CONTEXT() REPRESENTATION_CONTEXT('2D SPACE',''
  ) );
#7265 = ORIENTED_EDGE('',*,*,#7266,.F.);
#7266 = EDGE_CURVE('',#7204,#7246,#7267,.T.);
#7267 = SURFACE_CURVE('',#7268,(#7272,#7278),.PCURVE_S1.);
#7268 = LINE('',#7269,#7270);
#7269 = CARTESIAN_POINT('',(-144.35,93.,2.));
#7270 = VECTOR('',#7271,1.);
#7271 = DIRECTION('',(-0.,0.,-1.));
#7272 = PCURVE('',#100,#7273);
#7273 = DEFINITIONAL_REPRESENTATION('',(#7274),#7277);
#7274 = B_SPLINE_CURVE_WITH_KNOTS('',1,(#7275,#7276),.UNSPECIFIED.,.F.,
  .F.,(2,2),(-21.,-7.),.PIECEWISE_BEZIER_KNOTS.);
#7275 = CARTESIAN_POINT('',(28.,95.));
#7276 = CARTESIAN_POINT('',(14.,95.));
#7277 = ( GEOMETRIC_REPRESENTATION_CONTEXT(2) 
PARAMETRIC_REPRESENTATION_CONTEXT() REPRESENTATION_CONTEXT('2D SPACE',''
  ) );
#7278 = PCURVE('',#3014,#7279);
#7279 = DEFINITIONAL_REPRESENTATION('',(#7280),#7283);
#7280 = B_SPLINE_CURVE_WITH_KNOTS('',1,(#7281,#7282),.UNSPECIFIED.,.F.,
  .F.,(2,2),(-21.,-7.),.PIECEWISE_BEZIER_KNOTS.);
#7281 = CARTESIAN_POINT('',(14.,-3.01));
#7282 = CARTESIAN_POINT('',(0.,-3.01));
#7283 = ( GEOMETRIC_REPRESENTATION_CONTEXT(2) 
PARAMETRIC_REPRESENTATION_CONTEXT() REPRESENTATION_CONTEXT('2D SPACE',''
  ) );
#7284 = FACE_BOUND('',#7285,.T.);
#7285 = EDGE_LOOP('',(#7286,#7309,#7330,#7351));
#7286 = ORIENTED_EDGE('',*,*,#7287,.F.);
#7287 = EDGE_CURVE('',#7288,#7290,#7292,.T.);
#7288 = VERTEX_POINT('',#7289);
#7289 = CARTESIAN_POINT('',(-141.35,93.,23.));
#7290 = VERTEX_POINT('',#7291);
#7291 = CARTESIAN_POINT('',(-138.35,93.,23.));
#7292 = SURFACE_CURVE('',#7293,(#7297,#7303),.PCURVE_S1.);
#7293 = LINE('',#7294,#7295);
#7294 = CARTESIAN_POINT('',(-190.35,93.,23.));
#7295 = VECTOR('',#7296,1.);
#7296 = DIRECTION('',(1.,0.,-0.));
#7297 = PCURVE('',#100,#7298);
#7298 = DEFINITIONAL_REPRESENTATION('',(#7299),#7302);
#7299 = B_SPLINE_CURVE_WITH_KNOTS('',1,(#7300,#7301),.UNSPECIFIED.,.F.,
  .F.,(2,2),(49.,52.),.PIECEWISE_BEZIER_KNOTS.);
#7300 = CARTESIAN_POINT('',(28.,98.));
#7301 = CARTESIAN_POINT('',(28.,101.));
#7302 = ( GEOMETRIC_REPRESENTATION_CONTEXT(2) 
PARAMETRIC_REPRESENTATION_CONTEXT() REPRESENTATION_CONTEXT('2D SPACE',''
  ) );
#7303 = PCURVE('',#3044,#7304);
#7304 = DEFINITIONAL_REPRESENTATION('',(#7305),#7308);
#7305 = B_SPLINE_CURVE_WITH_KNOTS('',1,(#7306,#7307),.UNSPECIFIED.,.F.,
  .F.,(2,2),(49.,52.),.PIECEWISE_BEZIER_KNOTS.);
#7306 = CARTESIAN_POINT('',(0.,3.01));
#7307 = CARTESIAN_POINT('',(3.,3.01));
#7308 = ( GEOMETRIC_REPRESENTATION_CONTEXT(2) 
PARAMETRIC_REPRESENTATION_CONTEXT() REPRESENTATION_CONTEXT('2D SPACE',''
  ) );
#7309 = ORIENTED_EDGE('',*,*,#7310,.T.);
#7310 = EDGE_CURVE('',#7288,#7311,#7313,.T.);
#7311 = VERTEX_POINT('',#7312);
#7312 = CARTESIAN_POINT('',(-141.35,93.,9.));
#7313 = SURFACE_CURVE('',#7314,(#7318,#7324),.PCURVE_S1.);
#7314 = LINE('',#7315,#7316);
#7315 = CARTESIAN_POINT('',(-141.35,93.,2.));
#7316 = VECTOR('',#7317,1.);
#7317 = DIRECTION('',(-0.,0.,-1.));
#7318 = PCURVE('',#100,#7319);
#7319 = DEFINITIONAL_REPRESENTATION('',(#7320),#7323);
#7320 = B_SPLINE_CURVE_WITH_KNOTS('',1,(#7321,#7322),.UNSPECIFIED.,.F.,
  .F.,(2,2),(-21.,-7.),.PIECEWISE_BEZIER_KNOTS.);
#7321 = CARTESIAN_POINT('',(28.,98.));
#7322 = CARTESIAN_POINT('',(14.,98.));
#7323 = ( GEOMETRIC_REPRESENTATION_CONTEXT(2) 
PARAMETRIC_REPRESENTATION_CONTEXT() REPRESENTATION_CONTEXT('2D SPACE',''
  ) );
#7324 = PCURVE('',#3070,#7325);
#7325 = DEFINITIONAL_REPRESENTATION('',(#7326),#7329);
#7326 = B_SPLINE_CURVE_WITH_KNOTS('',1,(#7327,#7328),.UNSPECIFIED.,.F.,
  .F.,(2,2),(-21.,-7.),.PIECEWISE_BEZIER_KNOTS.);
#7327 = CARTESIAN_POINT('',(14.,-3.01));
#7328 = CARTESIAN_POINT('',(0.,-3.01));
#7329 = ( GEOMETRIC_REPRESENTATION_CONTEXT(2) 
PARAMETRIC_REPRESENTATION_CONTEXT() REPRESENTATION_CONTEXT('2D SPACE',''
  ) );
#7330 = ORIENTED_EDGE('',*,*,#7331,.T.);
#7331 = EDGE_CURVE('',#7311,#7332,#7334,.T.);
#7332 = VERTEX_POINT('',#7333);
#7333 = CARTESIAN_POINT('',(-138.35,93.,9.));
#7334 = SURFACE_CURVE('',#7335,(#7339,#7345),.PCURVE_S1.);
#7335 = LINE('',#7336,#7337);
#7336 = CARTESIAN_POINT('',(-190.35,93.,9.));
#7337 = VECTOR('',#7338,1.);
#7338 = DIRECTION('',(1.,0.,-0.));
#7339 = PCURVE('',#100,#7340);
#7340 = DEFINITIONAL_REPRESENTATION('',(#7341),#7344);
#7341 = B_SPLINE_CURVE_WITH_KNOTS('',1,(#7342,#7343),.UNSPECIFIED.,.F.,
  .F.,(2,2),(49.,52.),.PIECEWISE_BEZIER_KNOTS.);
#7342 = CARTESIAN_POINT('',(14.,98.));
#7343 = CARTESIAN_POINT('',(14.,101.));
#7344 = ( GEOMETRIC_REPRESENTATION_CONTEXT(2) 
PARAMETRIC_REPRESENTATION_CONTEXT() REPRESENTATION_CONTEXT('2D SPACE',''
  ) );
#7345 = PCURVE('',#3096,#7346);
#7346 = DEFINITIONAL_REPRESENTATION('',(#7347),#7350);
#7347 = B_SPLINE_CURVE_WITH_KNOTS('',1,(#7348,#7349),.UNSPECIFIED.,.F.,
  .F.,(2,2),(49.,52.),.PIECEWISE_BEZIER_KNOTS.);
#7348 = CARTESIAN_POINT('',(0.,3.01));
#7349 = CARTESIAN_POINT('',(3.,3.01));
#7350 = ( GEOMETRIC_REPRESENTATION_CONTEXT(2) 
PARAMETRIC_REPRESENTATION_CONTEXT() REPRESENTATION_CONTEXT('2D SPACE',''
  ) );
#7351 = ORIENTED_EDGE('',*,*,#7352,.F.);
#7352 = EDGE_CURVE('',#7290,#7332,#7353,.T.);
#7353 = SURFACE_CURVE('',#7354,(#7358,#7364),.PCURVE_S1.);
#7354 = LINE('',#7355,#7356);
#7355 = CARTESIAN_POINT('',(-138.35,93.,2.));
#7356 = VECTOR('',#7357,1.);
#7357 = DIRECTION('',(-0.,0.,-1.));
#7358 = PCURVE('',#100,#7359);
#7359 = DEFINITIONAL_REPRESENTATION('',(#7360),#7363);
#7360 = B_SPLINE_CURVE_WITH_KNOTS('',1,(#7361,#7362),.UNSPECIFIED.,.F.,
  .F.,(2,2),(-21.,-7.),.PIECEWISE_BEZIER_KNOTS.);
#7361 = CARTESIAN_POINT('',(28.,101.));
#7362 = CARTESIAN_POINT('',(14.,101.));
#7363 = ( GEOMETRIC_REPRESENTATION_CONTEXT(2) 
PARAMETRIC_REPRESENTATION_CONTEXT() REPRESENTATION_CONTEXT('2D SPACE',''
  ) );
#7364 = PCURVE('',#3120,#7365);
#7365 = DEFINITIONAL_REPRESENTATION('',(#7366),#7369);
#7366 = B_SPLINE_CURVE_WITH_KNOTS('',1,(#7367,#7368),.UNSPECIFIED.,.F.,
  .F.,(2,2),(-21.,-7.),.PIECEWISE_BEZIER_KNOTS.);
#7367 = CARTESIAN_POINT('',(14.,-3.01));
#7368 = CARTESIAN_POINT('',(0.,-3.01));
#7369 = ( GEOMETRIC_REPRESENTATION_CONTEXT(2) 
PARAMETRIC_REPRESENTATION_CONTEXT() REPRESENTATION_CONTEXT('2D SPACE',''
  ) );
#7370 = FACE_BOUND('',#7371,.T.);
#7371 = EDGE_LOOP('',(#7372,#7395,#7416,#7437));
#7372 = ORIENTED_EDGE('',*,*,#7373,.F.);
#7373 = EDGE_CURVE('',#7374,#7376,#7378,.T.);
#7374 = VERTEX_POINT('',#7375);
#7375 = CARTESIAN_POINT('',(-135.35,93.,23.));
#7376 = VERTEX_POINT('',#7377);
#7377 = CARTESIAN_POINT('',(-132.35,93.,23.));
#7378 = SURFACE_CURVE('',#7379,(#7383,#7389),.PCURVE_S1.);
#7379 = LINE('',#7380,#7381);
#7380 = CARTESIAN_POINT('',(-187.35,93.,23.));
#7381 = VECTOR('',#7382,1.);
#7382 = DIRECTION('',(1.,0.,-0.));
#7383 = PCURVE('',#100,#7384);
#7384 = DEFINITIONAL_REPRESENTATION('',(#7385),#7388);
#7385 = B_SPLINE_CURVE_WITH_KNOTS('',1,(#7386,#7387),.UNSPECIFIED.,.F.,
  .F.,(2,2),(52.,55.),.PIECEWISE_BEZIER_KNOTS.);
#7386 = CARTESIAN_POINT('',(28.,104.));
#7387 = CARTESIAN_POINT('',(28.,107.));
#7388 = ( GEOMETRIC_REPRESENTATION_CONTEXT(2) 
PARAMETRIC_REPRESENTATION_CONTEXT() REPRESENTATION_CONTEXT('2D SPACE',''
  ) );
#7389 = PCURVE('',#3150,#7390);
#7390 = DEFINITIONAL_REPRESENTATION('',(#7391),#7394);
#7391 = B_SPLINE_CURVE_WITH_KNOTS('',1,(#7392,#7393),.UNSPECIFIED.,.F.,
  .F.,(2,2),(52.,55.),.PIECEWISE_BEZIER_KNOTS.);
#7392 = CARTESIAN_POINT('',(0.,3.01));
#7393 = CARTESIAN_POINT('',(3.,3.01));
#7394 = ( GEOMETRIC_REPRESENTATION_CONTEXT(2) 
PARAMETRIC_REPRESENTATION_CONTEXT() REPRESENTATION_CONTEXT('2D SPACE',''
  ) );
#7395 = ORIENTED_EDGE('',*,*,#7396,.T.);
#7396 = EDGE_CURVE('',#7374,#7397,#7399,.T.);
#7397 = VERTEX_POINT('',#7398);
#7398 = CARTESIAN_POINT('',(-135.35,93.,9.));
#7399 = SURFACE_CURVE('',#7400,(#7404,#7410),.PCURVE_S1.);
#7400 = LINE('',#7401,#7402);
#7401 = CARTESIAN_POINT('',(-135.35,93.,2.));
#7402 = VECTOR('',#7403,1.);
#7403 = DIRECTION('',(-0.,0.,-1.));
#7404 = PCURVE('',#100,#7405);
#7405 = DEFINITIONAL_REPRESENTATION('',(#7406),#7409);
#7406 = B_SPLINE_CURVE_WITH_KNOTS('',1,(#7407,#7408),.UNSPECIFIED.,.F.,
  .F.,(2,2),(-21.,-7.),.PIECEWISE_BEZIER_KNOTS.);
#7407 = CARTESIAN_POINT('',(28.,104.));
#7408 = CARTESIAN_POINT('',(14.,104.));
#7409 = ( GEOMETRIC_REPRESENTATION_CONTEXT(2) 
PARAMETRIC_REPRESENTATION_CONTEXT() REPRESENTATION_CONTEXT('2D SPACE',''
  ) );
#7410 = PCURVE('',#3176,#7411);
#7411 = DEFINITIONAL_REPRESENTATION('',(#7412),#7415);
#7412 = B_SPLINE_CURVE_WITH_KNOTS('',1,(#7413,#7414),.UNSPECIFIED.,.F.,
  .F.,(2,2),(-21.,-7.),.PIECEWISE_BEZIER_KNOTS.);
#7413 = CARTESIAN_POINT('',(14.,-3.01));
#7414 = CARTESIAN_POINT('',(0.,-3.01));
#7415 = ( GEOMETRIC_REPRESENTATION_CONTEXT(2) 
PARAMETRIC_REPRESENTATION_CONTEXT() REPRESENTATION_CONTEXT('2D SPACE',''
  ) );
#7416 = ORIENTED_EDGE('',*,*,#7417,.T.);
#7417 = EDGE_CURVE('',#7397,#7418,#7420,.T.);
#7418 = VERTEX_POINT('',#7419);
#7419 = CARTESIAN_POINT('',(-132.35,93.,9.));
#7420 = SURFACE_CURVE('',#7421,(#7425,#7431),.PCURVE_S1.);
#7421 = LINE('',#7422,#7423);
#7422 = CARTESIAN_POINT('',(-187.35,93.,9.));
#7423 = VECTOR('',#7424,1.);
#7424 = DIRECTION('',(1.,0.,-0.));
#7425 = PCURVE('',#100,#7426);
#7426 = DEFINITIONAL_REPRESENTATION('',(#7427),#7430);
#7427 = B_SPLINE_CURVE_WITH_KNOTS('',1,(#7428,#7429),.UNSPECIFIED.,.F.,
  .F.,(2,2),(52.,55.),.PIECEWISE_BEZIER_KNOTS.);
#7428 = CARTESIAN_POINT('',(14.,104.));
#7429 = CARTESIAN_POINT('',(14.,107.));
#7430 = ( GEOMETRIC_REPRESENTATION_CONTEXT(2) 
PARAMETRIC_REPRESENTATION_CONTEXT() REPRESENTATION_CONTEXT('2D SPACE',''
  ) );
#7431 = PCURVE('',#3202,#7432);
#7432 = DEFINITIONAL_REPRESENTATION('',(#7433),#7436);
#7433 = B_SPLINE_CURVE_WITH_KNOTS('',1,(#7434,#7435),.UNSPECIFIED.,.F.,
  .F.,(2,2),(52.,55.),.PIECEWISE_BEZIER_KNOTS.);
#7434 = CARTESIAN_POINT('',(0.,3.01));
#7435 = CARTESIAN_POINT('',(3.,3.01));
#7436 = ( GEOMETRIC_REPRESENTATION_CONTEXT(2) 
PARAMETRIC_REPRESENTATION_CONTEXT() REPRESENTATION_CONTEXT('2D SPACE',''
  ) );
#7437 = ORIENTED_EDGE('',*,*,#7438,.F.);
#7438 = EDGE_CURVE('',#7376,#7418,#7439,.T.);
#7439 = SURFACE_CURVE('',#7440,(#7444,#7450),.PCURVE_S1.);
#7440 = LINE('',#7441,#7442);
#7441 = CARTESIAN_POINT('',(-132.35,93.,2.));
#7442 = VECTOR('',#7443,1.);
#7443 = DIRECTION('',(-0.,0.,-1.));
#7444 = PCURVE('',#100,#7445);
#7445 = DEFINITIONAL_REPRESENTATION('',(#7446),#7449);
#7446 = B_SPLINE_CURVE_WITH_KNOTS('',1,(#7447,#7448),.UNSPECIFIED.,.F.,
  .F.,(2,2),(-21.,-7.),.PIECEWISE_BEZIER_KNOTS.);
#7447 = CARTESIAN_POINT('',(28.,107.));
#7448 = CARTESIAN_POINT('',(14.,107.));
#7449 = ( GEOMETRIC_REPRESENTATION_CONTEXT(2) 
PARAMETRIC_REPRESENTATION_CONTEXT() REPRESENTATION_CONTEXT('2D SPACE',''
  ) );
#7450 = PCURVE('',#3226,#7451);
#7451 = DEFINITIONAL_REPRESENTATION('',(#7452),#7455);
#7452 = B_SPLINE_CURVE_WITH_KNOTS('',1,(#7453,#7454),.UNSPECIFIED.,.F.,
  .F.,(2,2),(-21.,-7.),.PIECEWISE_BEZIER_KNOTS.);
#7453 = CARTESIAN_POINT('',(14.,-3.01));
#7454 = CARTESIAN_POINT('',(0.,-3.01));
#7455 = ( GEOMETRIC_REPRESENTATION_CONTEXT(2) 
PARAMETRIC_REPRESENTATION_CONTEXT() REPRESENTATION_CONTEXT('2D SPACE',''
  ) );
#7456 = FACE_BOUND('',#7457,.T.);
#7457 = EDGE_LOOP('',(#7458,#7481,#7502,#7523));
#7458 = ORIENTED_EDGE('',*,*,#7459,.F.);
#7459 = EDGE_CURVE('',#7460,#7462,#7464,.T.);
#7460 = VERTEX_POINT('',#7461);
#7461 = CARTESIAN_POINT('',(-129.35,93.,23.));
#7462 = VERTEX_POINT('',#7463);
#7463 = CARTESIAN_POINT('',(-126.35,93.,23.));
#7464 = SURFACE_CURVE('',#7465,(#7469,#7475),.PCURVE_S1.);
#7465 = LINE('',#7466,#7467);
#7466 = CARTESIAN_POINT('',(-184.35,93.,23.));
#7467 = VECTOR('',#7468,1.);
#7468 = DIRECTION('',(1.,0.,-0.));
#7469 = PCURVE('',#100,#7470);
#7470 = DEFINITIONAL_REPRESENTATION('',(#7471),#7474);
#7471 = B_SPLINE_CURVE_WITH_KNOTS('',1,(#7472,#7473),.UNSPECIFIED.,.F.,
  .F.,(2,2),(55.,58.),.PIECEWISE_BEZIER_KNOTS.);
#7472 = CARTESIAN_POINT('',(28.,110.));
#7473 = CARTESIAN_POINT('',(28.,113.));
#7474 = ( GEOMETRIC_REPRESENTATION_CONTEXT(2) 
PARAMETRIC_REPRESENTATION_CONTEXT() REPRESENTATION_CONTEXT('2D SPACE',''
  ) );
#7475 = PCURVE('',#3318,#7476);
#7476 = DEFINITIONAL_REPRESENTATION('',(#7477),#7480);
#7477 = B_SPLINE_CURVE_WITH_KNOTS('',1,(#7478,#7479),.UNSPECIFIED.,.F.,
  .F.,(2,2),(55.,58.),.PIECEWISE_BEZIER_KNOTS.);
#7478 = CARTESIAN_POINT('',(0.,3.01));
#7479 = CARTESIAN_POINT('',(3.,3.01));
#7480 = ( GEOMETRIC_REPRESENTATION_CONTEXT(2) 
PARAMETRIC_REPRESENTATION_CONTEXT() REPRESENTATION_CONTEXT('2D SPACE',''
  ) );
#7481 = ORIENTED_EDGE('',*,*,#7482,.T.);
#7482 = EDGE_CURVE('',#7460,#7483,#7485,.T.);
#7483 = VERTEX_POINT('',#7484);
#7484 = CARTESIAN_POINT('',(-129.35,93.,9.));
#7485 = SURFACE_CURVE('',#7486,(#7490,#7496),.PCURVE_S1.);
#7486 = LINE('',#7487,#7488);
#7487 = CARTESIAN_POINT('',(-129.35,93.,2.));
#7488 = VECTOR('',#7489,1.);
#7489 = DIRECTION('',(-0.,0.,-1.));
#7490 = PCURVE('',#100,#7491);
#7491 = DEFINITIONAL_REPRESENTATION('',(#7492),#7495);
#7492 = B_SPLINE_CURVE_WITH_KNOTS('',1,(#7493,#7494),.UNSPECIFIED.,.F.,
  .F.,(2,2),(-21.,-7.),.PIECEWISE_BEZIER_KNOTS.);
#7493 = CARTESIAN_POINT('',(28.,110.));
#7494 = CARTESIAN_POINT('',(14.,110.));
#7495 = ( GEOMETRIC_REPRESENTATION_CONTEXT(2) 
PARAMETRIC_REPRESENTATION_CONTEXT() REPRESENTATION_CONTEXT('2D SPACE',''
  ) );
#7496 = PCURVE('',#3344,#7497);
#7497 = DEFINITIONAL_REPRESENTATION('',(#7498),#7501);
#7498 = B_SPLINE_CURVE_WITH_KNOTS('',1,(#7499,#7500),.UNSPECIFIED.,.F.,
  .F.,(2,2),(-21.,-7.),.PIECEWISE_BEZIER_KNOTS.);
#7499 = CARTESIAN_POINT('',(14.,-3.01));
#7500 = CARTESIAN_POINT('',(0.,-3.01));
#7501 = ( GEOMETRIC_REPRESENTATION_CONTEXT(2) 
PARAMETRIC_REPRESENTATION_CONTEXT() REPRESENTATION_CONTEXT('2D SPACE',''
  ) );
#7502 = ORIENTED_EDGE('',*,*,#7503,.T.);
#7503 = EDGE_CURVE('',#7483,#7504,#7506,.T.);
#7504 = VERTEX_POINT('',#7505);
#7505 = CARTESIAN_POINT('',(-126.35,93.,9.));
#7506 = SURFACE_CURVE('',#7507,(#7511,#7517),.PCURVE_S1.);
#7507 = LINE('',#7508,#7509);
#7508 = CARTESIAN_POINT('',(-184.35,93.,9.));
#7509 = VECTOR('',#7510,1.);
#7510 = DIRECTION('',(1.,0.,-0.));
#7511 = PCURVE('',#100,#7512);
#7512 = DEFINITIONAL_REPRESENTATION('',(#7513),#7516);
#7513 = B_SPLINE_CURVE_WITH_KNOTS('',1,(#7514,#7515),.UNSPECIFIED.,.F.,
  .F.,(2,2),(55.,58.),.PIECEWISE_BEZIER_KNOTS.);
#7514 = CARTESIAN_POINT('',(14.,110.));
#7515 = CARTESIAN_POINT('',(14.,113.));
#7516 = ( GEOMETRIC_REPRESENTATION_CONTEXT(2) 
PARAMETRIC_REPRESENTATION_CONTEXT() REPRESENTATION_CONTEXT('2D SPACE',''
  ) );
#7517 = PCURVE('',#3370,#7518);
#7518 = DEFINITIONAL_REPRESENTATION('',(#7519),#7522);
#7519 = B_SPLINE_CURVE_WITH_KNOTS('',1,(#7520,#7521),.UNSPECIFIED.,.F.,
  .F.,(2,2),(55.,58.),.PIECEWISE_BEZIER_KNOTS.);
#7520 = CARTESIAN_POINT('',(0.,3.01));
#7521 = CARTESIAN_POINT('',(3.,3.01));
#7522 = ( GEOMETRIC_REPRESENTATION_CONTEXT(2) 
PARAMETRIC_REPRESENTATION_CONTEXT() REPRESENTATION_CONTEXT('2D SPACE',''
  ) );
#7523 = ORIENTED_EDGE('',*,*,#7524,.F.);
#7524 = EDGE_CURVE('',#7462,#7504,#7525,.T.);
#7525 = SURFACE_CURVE('',#7526,(#7530,#7536),.PCURVE_S1.);
#7526 = LINE('',#7527,#7528);
#7527 = CARTESIAN_POINT('',(-126.35,93.,2.));
#7528 = VECTOR('',#7529,1.);
#7529 = DIRECTION('',(-0.,0.,-1.));
#7530 = PCURVE('',#100,#7531);
#7531 = DEFINITIONAL_REPRESENTATION('',(#7532),#7535);
#7532 = B_SPLINE_CURVE_WITH_KNOTS('',1,(#7533,#7534),.UNSPECIFIED.,.F.,
  .F.,(2,2),(-21.,-7.),.PIECEWISE_BEZIER_KNOTS.);
#7533 = CARTESIAN_POINT('',(28.,113.));
#7534 = CARTESIAN_POINT('',(14.,113.));
#7535 = ( GEOMETRIC_REPRESENTATION_CONTEXT(2) 
PARAMETRIC_REPRESENTATION_CONTEXT() REPRESENTATION_CONTEXT('2D SPACE',''
  ) );
#7536 = PCURVE('',#3394,#7537);
#7537 = DEFINITIONAL_REPRESENTATION('',(#7538),#7541);
#7538 = B_SPLINE_CURVE_WITH_KNOTS('',1,(#7539,#7540),.UNSPECIFIED.,.F.,
  .F.,(2,2),(-21.,-7.),.PIECEWISE_BEZIER_KNOTS.);
#7539 = CARTESIAN_POINT('',(14.,-3.01));
#7540 = CARTESIAN_POINT('',(0.,-3.01));
#7541 = ( GEOMETRIC_REPRESENTATION_CONTEXT(2) 
PARAMETRIC_REPRESENTATION_CONTEXT() REPRESENTATION_CONTEXT('2D SPACE',''
  ) );
#7542 = FACE_BOUND('',#7543,.T.);
#7543 = EDGE_LOOP('',(#7544));
#7544 = ORIENTED_EDGE('',*,*,#7545,.F.);
#7545 = EDGE_CURVE('',#7546,#7546,#7548,.T.);
#7546 = VERTEX_POINT('',#7547);
#7547 = CARTESIAN_POINT('',(-140.125,93.,35.));
#7548 = SURFACE_CURVE('',#7549,(#7554,#7561),.PCURVE_S1.);
#7549 = CIRCLE('',#7550,4.225);
#7550 = AXIS2_PLACEMENT_3D('',#7551,#7552,#7553);
#7551 = CARTESIAN_POINT('',(-144.35,93.,35.));
#7552 = DIRECTION('',(0.,1.,2.22044604925E-16));
#7553 = DIRECTION('',(1.,0.,-0.));
#7554 = PCURVE('',#100,#7555);
#7555 = DEFINITIONAL_REPRESENTATION('',(#7556),#7560);
#7556 = CIRCLE('',#7557,4.225);
#7557 = AXIS2_PLACEMENT_2D('',#7558,#7559);
#7558 = CARTESIAN_POINT('',(40.,95.));
#7559 = DIRECTION('',(0.,1.));
#7560 = ( GEOMETRIC_REPRESENTATION_CONTEXT(2) 
PARAMETRIC_REPRESENTATION_CONTEXT() REPRESENTATION_CONTEXT('2D SPACE',''
  ) );
#7561 = PCURVE('',#3256,#7562);
#7562 = DEFINITIONAL_REPRESENTATION('',(#7563),#7567);
#7563 = LINE('',#7564,#7565);
#7564 = CARTESIAN_POINT('',(0.,3.01));
#7565 = VECTOR('',#7566,1.);
#7566 = DIRECTION('',(1.,0.));
#7567 = ( GEOMETRIC_REPRESENTATION_CONTEXT(2) 
PARAMETRIC_REPRESENTATION_CONTEXT() REPRESENTATION_CONTEXT('2D SPACE',''
  ) );
#7568 = FACE_BOUND('',#7569,.T.);
#7569 = EDGE_LOOP('',(#7570));
#7570 = ORIENTED_EDGE('',*,*,#7571,.F.);
#7571 = EDGE_CURVE('',#7572,#7572,#7574,.T.);
#7572 = VERTEX_POINT('',#7573);
#7573 = CARTESIAN_POINT('',(-111.225,93.,5.));
#7574 = SURFACE_CURVE('',#7575,(#7580,#7587),.PCURVE_S1.);
#7575 = CIRCLE('',#7576,3.125);
#7576 = AXIS2_PLACEMENT_3D('',#7577,#7578,#7579);
#7577 = CARTESIAN_POINT('',(-114.35,93.,5.));
#7578 = DIRECTION('',(0.,1.,2.22044604925E-16));
#7579 = DIRECTION('',(1.,0.,-0.));
#7580 = PCURVE('',#100,#7581);
#7581 = DEFINITIONAL_REPRESENTATION('',(#7582),#7586);
#7582 = CIRCLE('',#7583,3.125);
#7583 = AXIS2_PLACEMENT_2D('',#7584,#7585);
#7584 = CARTESIAN_POINT('',(10.,125.));
#7585 = DIRECTION('',(0.,1.));
#7586 = ( GEOMETRIC_REPRESENTATION_CONTEXT(2) 
PARAMETRIC_REPRESENTATION_CONTEXT() REPRESENTATION_CONTEXT('2D SPACE',''
  ) );
#7587 = PCURVE('',#7588,#7593);
#7588 = CYLINDRICAL_SURFACE('',#7589,3.125);
#7589 = AXIS2_PLACEMENT_3D('',#7590,#7591,#7592);
#7590 = CARTESIAN_POINT('',(-114.35,91.4,5.));
#7591 = DIRECTION('',(0.,1.,2.22044604925E-16));
#7592 = DIRECTION('',(1.,0.,-0.));
#7593 = DEFINITIONAL_REPRESENTATION('',(#7594),#7598);
#7594 = LINE('',#7595,#7596);
#7595 = CARTESIAN_POINT('',(0.,1.6));
#7596 = VECTOR('',#7597,1.);
#7597 = DIRECTION('',(1.,0.));
#7598 = ( GEOMETRIC_REPRESENTATION_CONTEXT(2) 
PARAMETRIC_REPRESENTATION_CONTEXT() REPRESENTATION_CONTEXT('2D SPACE',''
  ) );
#7599 = FACE_BOUND('',#7600,.T.);
#7600 = EDGE_LOOP('',(#7601,#7624,#7645,#7666));
#7601 = ORIENTED_EDGE('',*,*,#7602,.F.);
#7602 = EDGE_CURVE('',#7603,#7605,#7607,.T.);
#7603 = VERTEX_POINT('',#7604);
#7604 = CARTESIAN_POINT('',(-123.35,93.,23.));
#7605 = VERTEX_POINT('',#7606);
#7606 = CARTESIAN_POINT('',(-120.35,93.,23.));
#7607 = SURFACE_CURVE('',#7608,(#7612,#7618),.PCURVE_S1.);
#7608 = LINE('',#7609,#7610);
#7609 = CARTESIAN_POINT('',(-181.35,93.,23.));
#7610 = VECTOR('',#7611,1.);
#7611 = DIRECTION('',(1.,0.,-0.));
#7612 = PCURVE('',#100,#7613);
#7613 = DEFINITIONAL_REPRESENTATION('',(#7614),#7617);
#7614 = B_SPLINE_CURVE_WITH_KNOTS('',1,(#7615,#7616),.UNSPECIFIED.,.F.,
  .F.,(2,2),(58.,61.),.PIECEWISE_BEZIER_KNOTS.);
#7615 = CARTESIAN_POINT('',(28.,116.));
#7616 = CARTESIAN_POINT('',(28.,119.));
#7617 = ( GEOMETRIC_REPRESENTATION_CONTEXT(2) 
PARAMETRIC_REPRESENTATION_CONTEXT() REPRESENTATION_CONTEXT('2D SPACE',''
  ) );
#7618 = PCURVE('',#3424,#7619);
#7619 = DEFINITIONAL_REPRESENTATION('',(#7620),#7623);
#7620 = B_SPLINE_CURVE_WITH_KNOTS('',1,(#7621,#7622),.UNSPECIFIED.,.F.,
  .F.,(2,2),(58.,61.),.PIECEWISE_BEZIER_KNOTS.);
#7621 = CARTESIAN_POINT('',(0.,3.01));
#7622 = CARTESIAN_POINT('',(3.,3.01));
#7623 = ( GEOMETRIC_REPRESENTATION_CONTEXT(2) 
PARAMETRIC_REPRESENTATION_CONTEXT() REPRESENTATION_CONTEXT('2D SPACE',''
  ) );
#7624 = ORIENTED_EDGE('',*,*,#7625,.T.);
#7625 = EDGE_CURVE('',#7603,#7626,#7628,.T.);
#7626 = VERTEX_POINT('',#7627);
#7627 = CARTESIAN_POINT('',(-123.35,93.,9.));
#7628 = SURFACE_CURVE('',#7629,(#7633,#7639),.PCURVE_S1.);
#7629 = LINE('',#7630,#7631);
#7630 = CARTESIAN_POINT('',(-123.35,93.,2.));
#7631 = VECTOR('',#7632,1.);
#7632 = DIRECTION('',(-0.,0.,-1.));
#7633 = PCURVE('',#100,#7634);
#7634 = DEFINITIONAL_REPRESENTATION('',(#7635),#7638);
#7635 = B_SPLINE_CURVE_WITH_KNOTS('',1,(#7636,#7637),.UNSPECIFIED.,.F.,
  .F.,(2,2),(-21.,-7.),.PIECEWISE_BEZIER_KNOTS.);
#7636 = CARTESIAN_POINT('',(28.,116.));
#7637 = CARTESIAN_POINT('',(14.,116.));
#7638 = ( GEOMETRIC_REPRESENTATION_CONTEXT(2) 
PARAMETRIC_REPRESENTATION_CONTEXT() REPRESENTATION_CONTEXT('2D SPACE',''
  ) );
#7639 = PCURVE('',#3450,#7640);
#7640 = DEFINITIONAL_REPRESENTATION('',(#7641),#7644);
#7641 = B_SPLINE_CURVE_WITH_KNOTS('',1,(#7642,#7643),.UNSPECIFIED.,.F.,
  .F.,(2,2),(-21.,-7.),.PIECEWISE_BEZIER_KNOTS.);
#7642 = CARTESIAN_POINT('',(14.,-3.01));
#7643 = CARTESIAN_POINT('',(0.,-3.01));
#7644 = ( GEOMETRIC_REPRESENTATION_CONTEXT(2) 
PARAMETRIC_REPRESENTATION_CONTEXT() REPRESENTATION_CONTEXT('2D SPACE',''
  ) );
#7645 = ORIENTED_EDGE('',*,*,#7646,.T.);
#7646 = EDGE_CURVE('',#7626,#7647,#7649,.T.);
#7647 = VERTEX_POINT('',#7648);
#7648 = CARTESIAN_POINT('',(-120.35,93.,9.));
#7649 = SURFACE_CURVE('',#7650,(#7654,#7660),.PCURVE_S1.);
#7650 = LINE('',#7651,#7652);
#7651 = CARTESIAN_POINT('',(-181.35,93.,9.));
#7652 = VECTOR('',#7653,1.);
#7653 = DIRECTION('',(1.,0.,-0.));
#7654 = PCURVE('',#100,#7655);
#7655 = DEFINITIONAL_REPRESENTATION('',(#7656),#7659);
#7656 = B_SPLINE_CURVE_WITH_KNOTS('',1,(#7657,#7658),.UNSPECIFIED.,.F.,
  .F.,(2,2),(58.,61.),.PIECEWISE_BEZIER_KNOTS.);
#7657 = CARTESIAN_POINT('',(14.,116.));
#7658 = CARTESIAN_POINT('',(14.,119.));
#7659 = ( GEOMETRIC_REPRESENTATION_CONTEXT(2) 
PARAMETRIC_REPRESENTATION_CONTEXT() REPRESENTATION_CONTEXT('2D SPACE',''
  ) );
#7660 = PCURVE('',#3476,#7661);
#7661 = DEFINITIONAL_REPRESENTATION('',(#7662),#7665);
#7662 = B_SPLINE_CURVE_WITH_KNOTS('',1,(#7663,#7664),.UNSPECIFIED.,.F.,
  .F.,(2,2),(58.,61.),.PIECEWISE_BEZIER_KNOTS.);
#7663 = CARTESIAN_POINT('',(0.,3.01));
#7664 = CARTESIAN_POINT('',(3.,3.01));
#7665 = ( GEOMETRIC_REPRESENTATION_CONTEXT(2) 
PARAMETRIC_REPRESENTATION_CONTEXT() REPRESENTATION_CONTEXT('2D SPACE',''
  ) );
#7666 = ORIENTED_EDGE('',*,*,#7667,.F.);
#7667 = EDGE_CURVE('',#7605,#7647,#7668,.T.);
#7668 = SURFACE_CURVE('',#7669,(#7673,#7679),.PCURVE_S1.);
#7669 = LINE('',#7670,#7671);
#7670 = CARTESIAN_POINT('',(-120.35,93.,2.));
#7671 = VECTOR('',#7672,1.);
#7672 = DIRECTION('',(-0.,0.,-1.));
#7673 = PCURVE('',#100,#7674);
#7674 = DEFINITIONAL_REPRESENTATION('',(#7675),#7678);
#7675 = B_SPLINE_CURVE_WITH_KNOTS('',1,(#7676,#7677),.UNSPECIFIED.,.F.,
  .F.,(2,2),(-21.,-7.),.PIECEWISE_BEZIER_KNOTS.);
#7676 = CARTESIAN_POINT('',(28.,119.));
#7677 = CARTESIAN_POINT('',(14.,119.));
#7678 = ( GEOMETRIC_REPRESENTATION_CONTEXT(2) 
PARAMETRIC_REPRESENTATION_CONTEXT() REPRESENTATION_CONTEXT('2D SPACE',''
  ) );
#7679 = PCURVE('',#3500,#7680);
#7680 = DEFINITIONAL_REPRESENTATION('',(#7681),#7684);
#7681 = B_SPLINE_CURVE_WITH_KNOTS('',1,(#7682,#7683),.UNSPECIFIED.,.F.,
  .F.,(2,2),(-21.,-7.),.PIECEWISE_BEZIER_KNOTS.);
#7682 = CARTESIAN_POINT('',(14.,-3.01));
#7683 = CARTESIAN_POINT('',(0.,-3.01));
#7684 = ( GEOMETRIC_REPRESENTATION_CONTEXT(2) 
PARAMETRIC_REPRESENTATION_CONTEXT() REPRESENTATION_CONTEXT('2D SPACE',''
  ) );
#7685 = FACE_BOUND('',#7686,.T.);
#7686 = EDGE_LOOP('',(#7687,#7710,#7731,#7752));
#7687 = ORIENTED_EDGE('',*,*,#7688,.F.);
#7688 = EDGE_CURVE('',#7689,#7691,#7693,.T.);
#7689 = VERTEX_POINT('',#7690);
#7690 = CARTESIAN_POINT('',(-117.35,93.,23.));
#7691 = VERTEX_POINT('',#7692);
#7692 = CARTESIAN_POINT('',(-114.35,93.,23.));
#7693 = SURFACE_CURVE('',#7694,(#7698,#7704),.PCURVE_S1.);
#7694 = LINE('',#7695,#7696);
#7695 = CARTESIAN_POINT('',(-178.35,93.,23.));
#7696 = VECTOR('',#7697,1.);
#7697 = DIRECTION('',(1.,0.,-0.));
#7698 = PCURVE('',#100,#7699);
#7699 = DEFINITIONAL_REPRESENTATION('',(#7700),#7703);
#7700 = B_SPLINE_CURVE_WITH_KNOTS('',1,(#7701,#7702),.UNSPECIFIED.,.F.,
  .F.,(2,2),(61.,64.),.PIECEWISE_BEZIER_KNOTS.);
#7701 = CARTESIAN_POINT('',(28.,122.));
#7702 = CARTESIAN_POINT('',(28.,125.));
#7703 = ( GEOMETRIC_REPRESENTATION_CONTEXT(2) 
PARAMETRIC_REPRESENTATION_CONTEXT() REPRESENTATION_CONTEXT('2D SPACE',''
  ) );
#7704 = PCURVE('',#3530,#7705);
#7705 = DEFINITIONAL_REPRESENTATION('',(#7706),#7709);
#7706 = B_SPLINE_CURVE_WITH_KNOTS('',1,(#7707,#7708),.UNSPECIFIED.,.F.,
  .F.,(2,2),(61.,64.),.PIECEWISE_BEZIER_KNOTS.);
#7707 = CARTESIAN_POINT('',(0.,3.01));
#7708 = CARTESIAN_POINT('',(3.,3.01));
#7709 = ( GEOMETRIC_REPRESENTATION_CONTEXT(2) 
PARAMETRIC_REPRESENTATION_CONTEXT() REPRESENTATION_CONTEXT('2D SPACE',''
  ) );
#7710 = ORIENTED_EDGE('',*,*,#7711,.T.);
#7711 = EDGE_CURVE('',#7689,#7712,#7714,.T.);
#7712 = VERTEX_POINT('',#7713);
#7713 = CARTESIAN_POINT('',(-117.35,93.,9.));
#7714 = SURFACE_CURVE('',#7715,(#7719,#7725),.PCURVE_S1.);
#7715 = LINE('',#7716,#7717);
#7716 = CARTESIAN_POINT('',(-117.35,93.,2.));
#7717 = VECTOR('',#7718,1.);
#7718 = DIRECTION('',(-0.,0.,-1.));
#7719 = PCURVE('',#100,#7720);
#7720 = DEFINITIONAL_REPRESENTATION('',(#7721),#7724);
#7721 = B_SPLINE_CURVE_WITH_KNOTS('',1,(#7722,#7723),.UNSPECIFIED.,.F.,
  .F.,(2,2),(-21.,-7.),.PIECEWISE_BEZIER_KNOTS.);
#7722 = CARTESIAN_POINT('',(28.,122.));
#7723 = CARTESIAN_POINT('',(14.,122.));
#7724 = ( GEOMETRIC_REPRESENTATION_CONTEXT(2) 
PARAMETRIC_REPRESENTATION_CONTEXT() REPRESENTATION_CONTEXT('2D SPACE',''
  ) );
#7725 = PCURVE('',#3556,#7726);
#7726 = DEFINITIONAL_REPRESENTATION('',(#7727),#7730);
#7727 = B_SPLINE_CURVE_WITH_KNOTS('',1,(#7728,#7729),.UNSPECIFIED.,.F.,
  .F.,(2,2),(-21.,-7.),.PIECEWISE_BEZIER_KNOTS.);
#7728 = CARTESIAN_POINT('',(14.,-3.01));
#7729 = CARTESIAN_POINT('',(0.,-3.01));
#7730 = ( GEOMETRIC_REPRESENTATION_CONTEXT(2) 
PARAMETRIC_REPRESENTATION_CONTEXT() REPRESENTATION_CONTEXT('2D SPACE',''
  ) );
#7731 = ORIENTED_EDGE('',*,*,#7732,.T.);
#7732 = EDGE_CURVE('',#7712,#7733,#7735,.T.);
#7733 = VERTEX_POINT('',#7734);
#7734 = CARTESIAN_POINT('',(-114.35,93.,9.));
#7735 = SURFACE_CURVE('',#7736,(#7740,#7746),.PCURVE_S1.);
#7736 = LINE('',#7737,#7738);
#7737 = CARTESIAN_POINT('',(-178.35,93.,9.));
#7738 = VECTOR('',#7739,1.);
#7739 = DIRECTION('',(1.,0.,-0.));
#7740 = PCURVE('',#100,#7741);
#7741 = DEFINITIONAL_REPRESENTATION('',(#7742),#7745);
#7742 = B_SPLINE_CURVE_WITH_KNOTS('',1,(#7743,#7744),.UNSPECIFIED.,.F.,
  .F.,(2,2),(61.,64.),.PIECEWISE_BEZIER_KNOTS.);
#7743 = CARTESIAN_POINT('',(14.,122.));
#7744 = CARTESIAN_POINT('',(14.,125.));
#7745 = ( GEOMETRIC_REPRESENTATION_CONTEXT(2) 
PARAMETRIC_REPRESENTATION_CONTEXT() REPRESENTATION_CONTEXT('2D SPACE',''
  ) );
#7746 = PCURVE('',#3582,#7747);
#7747 = DEFINITIONAL_REPRESENTATION('',(#7748),#7751);
#7748 = B_SPLINE_CURVE_WITH_KNOTS('',1,(#7749,#7750),.UNSPECIFIED.,.F.,
  .F.,(2,2),(61.,64.),.PIECEWISE_BEZIER_KNOTS.);
#7749 = CARTESIAN_POINT('',(0.,3.01));
#7750 = CARTESIAN_POINT('',(3.,3.01));
#7751 = ( GEOMETRIC_REPRESENTATION_CONTEXT(2) 
PARAMETRIC_REPRESENTATION_CONTEXT() REPRESENTATION_CONTEXT('2D SPACE',''
  ) );
#7752 = ORIENTED_EDGE('',*,*,#7753,.F.);
#7753 = EDGE_CURVE('',#7691,#7733,#7754,.T.);
#7754 = SURFACE_CURVE('',#7755,(#7759,#7765),.PCURVE_S1.);
#7755 = LINE('',#7756,#7757);
#7756 = CARTESIAN_POINT('',(-114.35,93.,2.));
#7757 = VECTOR('',#7758,1.);
#7758 = DIRECTION('',(-0.,0.,-1.));
#7759 = PCURVE('',#100,#7760);
#7760 = DEFINITIONAL_REPRESENTATION('',(#7761),#7764);
#7761 = B_SPLINE_CURVE_WITH_KNOTS('',1,(#7762,#7763),.UNSPECIFIED.,.F.,
  .F.,(2,2),(-21.,-7.),.PIECEWISE_BEZIER_KNOTS.);
#7762 = CARTESIAN_POINT('',(28.,125.));
#7763 = CARTESIAN_POINT('',(14.,125.));
#7764 = ( GEOMETRIC_REPRESENTATION_CONTEXT(2) 
PARAMETRIC_REPRESENTATION_CONTEXT() REPRESENTATION_CONTEXT('2D SPACE',''
  ) );
#7765 = PCURVE('',#3606,#7766);
#7766 = DEFINITIONAL_REPRESENTATION('',(#7767),#7770);
#7767 = B_SPLINE_CURVE_WITH_KNOTS('',1,(#7768,#7769),.UNSPECIFIED.,.F.,
  .F.,(2,2),(-21.,-7.),.PIECEWISE_BEZIER_KNOTS.);
#7768 = CARTESIAN_POINT('',(14.,-3.01));
#7769 = CARTESIAN_POINT('',(0.,-3.01));
#7770 = ( GEOMETRIC_REPRESENTATION_CONTEXT(2) 
PARAMETRIC_REPRESENTATION_CONTEXT() REPRESENTATION_CONTEXT('2D SPACE',''
  ) );
#7771 = FACE_BOUND('',#7772,.T.);
#7772 = EDGE_LOOP('',(#7773,#7796,#7817,#7838));
#7773 = ORIENTED_EDGE('',*,*,#7774,.F.);
#7774 = EDGE_CURVE('',#7775,#7777,#7779,.T.);
#7775 = VERTEX_POINT('',#7776);
#7776 = CARTESIAN_POINT('',(-111.35,93.,23.));
#7777 = VERTEX_POINT('',#7778);
#7778 = CARTESIAN_POINT('',(-108.35,93.,23.));
#7779 = SURFACE_CURVE('',#7780,(#7784,#7790),.PCURVE_S1.);
#7780 = LINE('',#7781,#7782);
#7781 = CARTESIAN_POINT('',(-175.35,93.,23.));
#7782 = VECTOR('',#7783,1.);
#7783 = DIRECTION('',(1.,0.,-0.));
#7784 = PCURVE('',#100,#7785);
#7785 = DEFINITIONAL_REPRESENTATION('',(#7786),#7789);
#7786 = B_SPLINE_CURVE_WITH_KNOTS('',1,(#7787,#7788),.UNSPECIFIED.,.F.,
  .F.,(2,2),(64.,67.),.PIECEWISE_BEZIER_KNOTS.);
#7787 = CARTESIAN_POINT('',(28.,128.));
#7788 = CARTESIAN_POINT('',(28.,131.));
#7789 = ( GEOMETRIC_REPRESENTATION_CONTEXT(2) 
PARAMETRIC_REPRESENTATION_CONTEXT() REPRESENTATION_CONTEXT('2D SPACE',''
  ) );
#7790 = PCURVE('',#3636,#7791);
#7791 = DEFINITIONAL_REPRESENTATION('',(#7792),#7795);
#7792 = B_SPLINE_CURVE_WITH_KNOTS('',1,(#7793,#7794),.UNSPECIFIED.,.F.,
  .F.,(2,2),(64.,67.),.PIECEWISE_BEZIER_KNOTS.);
#7793 = CARTESIAN_POINT('',(0.,3.01));
#7794 = CARTESIAN_POINT('',(3.,3.01));
#7795 = ( GEOMETRIC_REPRESENTATION_CONTEXT(2) 
PARAMETRIC_REPRESENTATION_CONTEXT() REPRESENTATION_CONTEXT('2D SPACE',''
  ) );
#7796 = ORIENTED_EDGE('',*,*,#7797,.T.);
#7797 = EDGE_CURVE('',#7775,#7798,#7800,.T.);
#7798 = VERTEX_POINT('',#7799);
#7799 = CARTESIAN_POINT('',(-111.35,93.,9.));
#7800 = SURFACE_CURVE('',#7801,(#7805,#7811),.PCURVE_S1.);
#7801 = LINE('',#7802,#7803);
#7802 = CARTESIAN_POINT('',(-111.35,93.,2.));
#7803 = VECTOR('',#7804,1.);
#7804 = DIRECTION('',(-0.,0.,-1.));
#7805 = PCURVE('',#100,#7806);
#7806 = DEFINITIONAL_REPRESENTATION('',(#7807),#7810);
#7807 = B_SPLINE_CURVE_WITH_KNOTS('',1,(#7808,#7809),.UNSPECIFIED.,.F.,
  .F.,(2,2),(-21.,-7.),.PIECEWISE_BEZIER_KNOTS.);
#7808 = CARTESIAN_POINT('',(28.,128.));
#7809 = CARTESIAN_POINT('',(14.,128.));
#7810 = ( GEOMETRIC_REPRESENTATION_CONTEXT(2) 
PARAMETRIC_REPRESENTATION_CONTEXT() REPRESENTATION_CONTEXT('2D SPACE',''
  ) );
#7811 = PCURVE('',#3662,#7812);
#7812 = DEFINITIONAL_REPRESENTATION('',(#7813),#7816);
#7813 = B_SPLINE_CURVE_WITH_KNOTS('',1,(#7814,#7815),.UNSPECIFIED.,.F.,
  .F.,(2,2),(-21.,-7.),.PIECEWISE_BEZIER_KNOTS.);
#7814 = CARTESIAN_POINT('',(14.,-3.01));
#7815 = CARTESIAN_POINT('',(0.,-3.01));
#7816 = ( GEOMETRIC_REPRESENTATION_CONTEXT(2) 
PARAMETRIC_REPRESENTATION_CONTEXT() REPRESENTATION_CONTEXT('2D SPACE',''
  ) );
#7817 = ORIENTED_EDGE('',*,*,#7818,.T.);
#7818 = EDGE_CURVE('',#7798,#7819,#7821,.T.);
#7819 = VERTEX_POINT('',#7820);
#7820 = CARTESIAN_POINT('',(-108.35,93.,9.));
#7821 = SURFACE_CURVE('',#7822,(#7826,#7832),.PCURVE_S1.);
#7822 = LINE('',#7823,#7824);
#7823 = CARTESIAN_POINT('',(-175.35,93.,9.));
#7824 = VECTOR('',#7825,1.);
#7825 = DIRECTION('',(1.,0.,-0.));
#7826 = PCURVE('',#100,#7827);
#7827 = DEFINITIONAL_REPRESENTATION('',(#7828),#7831);
#7828 = B_SPLINE_CURVE_WITH_KNOTS('',1,(#7829,#7830),.UNSPECIFIED.,.F.,
  .F.,(2,2),(64.,67.),.PIECEWISE_BEZIER_KNOTS.);
#7829 = CARTESIAN_POINT('',(14.,128.));
#7830 = CARTESIAN_POINT('',(14.,131.));
#7831 = ( GEOMETRIC_REPRESENTATION_CONTEXT(2) 
PARAMETRIC_REPRESENTATION_CONTEXT() REPRESENTATION_CONTEXT('2D SPACE',''
  ) );
#7832 = PCURVE('',#3688,#7833);
#7833 = DEFINITIONAL_REPRESENTATION('',(#7834),#7837);
#7834 = B_SPLINE_CURVE_WITH_KNOTS('',1,(#7835,#7836),.UNSPECIFIED.,.F.,
  .F.,(2,2),(64.,67.),.PIECEWISE_BEZIER_KNOTS.);
#7835 = CARTESIAN_POINT('',(0.,3.01));
#7836 = CARTESIAN_POINT('',(3.,3.01));
#7837 = ( GEOMETRIC_REPRESENTATION_CONTEXT(2) 
PARAMETRIC_REPRESENTATION_CONTEXT() REPRESENTATION_CONTEXT('2D SPACE',''
  ) );
#7838 = ORIENTED_EDGE('',*,*,#7839,.F.);
#7839 = EDGE_CURVE('',#7777,#7819,#7840,.T.);
#7840 = SURFACE_CURVE('',#7841,(#7845,#7851),.PCURVE_S1.);
#7841 = LINE('',#7842,#7843);
#7842 = CARTESIAN_POINT('',(-108.35,93.,2.));
#7843 = VECTOR('',#7844,1.);
#7844 = DIRECTION('',(-0.,0.,-1.));
#7845 = PCURVE('',#100,#7846);
#7846 = DEFINITIONAL_REPRESENTATION('',(#7847),#7850);
#7847 = B_SPLINE_CURVE_WITH_KNOTS('',1,(#7848,#7849),.UNSPECIFIED.,.F.,
  .F.,(2,2),(-21.,-7.),.PIECEWISE_BEZIER_KNOTS.);
#7848 = CARTESIAN_POINT('',(28.,131.));
#7849 = CARTESIAN_POINT('',(14.,131.));
#7850 = ( GEOMETRIC_REPRESENTATION_CONTEXT(2) 
PARAMETRIC_REPRESENTATION_CONTEXT() REPRESENTATION_CONTEXT('2D SPACE',''
  ) );
#7851 = PCURVE('',#3712,#7852);
#7852 = DEFINITIONAL_REPRESENTATION('',(#7853),#7856);
#7853 = B_SPLINE_CURVE_WITH_KNOTS('',1,(#7854,#7855),.UNSPECIFIED.,.F.,
  .F.,(2,2),(-21.,-7.),.PIECEWISE_BEZIER_KNOTS.);
#7854 = CARTESIAN_POINT('',(14.,-3.01));
#7855 = CARTESIAN_POINT('',(0.,-3.01));
#7856 = ( GEOMETRIC_REPRESENTATION_CONTEXT(2) 
PARAMETRIC_REPRESENTATION_CONTEXT() REPRESENTATION_CONTEXT('2D SPACE',''
  ) );
#7857 = FACE_BOUND('',#7858,.T.);
#7858 = EDGE_LOOP('',(#7859));
#7859 = ORIENTED_EDGE('',*,*,#7860,.F.);
#7860 = EDGE_CURVE('',#7861,#7861,#7863,.T.);
#7861 = VERTEX_POINT('',#7862);
#7862 = CARTESIAN_POINT('',(-91.225,93.,30.45));
#7863 = SURFACE_CURVE('',#7864,(#7869,#7876),.PCURVE_S1.);
#7864 = CIRCLE('',#7865,3.125);
#7865 = AXIS2_PLACEMENT_3D('',#7866,#7867,#7868);
#7866 = CARTESIAN_POINT('',(-94.35,93.,30.45));
#7867 = DIRECTION('',(0.,1.,2.22044604925E-16));
#7868 = DIRECTION('',(1.,0.,-0.));
#7869 = PCURVE('',#100,#7870);
#7870 = DEFINITIONAL_REPRESENTATION('',(#7871),#7875);
#7871 = CIRCLE('',#7872,3.125);
#7872 = AXIS2_PLACEMENT_2D('',#7873,#7874);
#7873 = CARTESIAN_POINT('',(35.45,145.));
#7874 = DIRECTION('',(0.,1.));
#7875 = ( GEOMETRIC_REPRESENTATION_CONTEXT(2) 
PARAMETRIC_REPRESENTATION_CONTEXT() REPRESENTATION_CONTEXT('2D SPACE',''
  ) );
#7876 = PCURVE('',#7877,#7882);
#7877 = CYLINDRICAL_SURFACE('',#7878,3.125);
#7878 = AXIS2_PLACEMENT_3D('',#7879,#7880,#7881);
#7879 = CARTESIAN_POINT('',(-94.35,91.4,30.45));
#7880 = DIRECTION('',(0.,1.,2.22044604925E-16));
#7881 = DIRECTION('',(1.,0.,-0.));
#7882 = DEFINITIONAL_REPRESENTATION('',(#7883),#7887);
#7883 = LINE('',#7884,#7885);
#7884 = CARTESIAN_POINT('',(0.,1.6));
#7885 = VECTOR('',#7886,1.);
#7886 = DIRECTION('',(1.,0.));
#7887 = ( GEOMETRIC_REPRESENTATION_CONTEXT(2) 
PARAMETRIC_REPRESENTATION_CONTEXT() REPRESENTATION_CONTEXT('2D SPACE',''
  ) );
#7888 = FACE_BOUND('',#7889,.T.);
#7889 = EDGE_LOOP('',(#7890,#7913,#7934,#7955));
#7890 = ORIENTED_EDGE('',*,*,#7891,.F.);
#7891 = EDGE_CURVE('',#7892,#7894,#7896,.T.);
#7892 = VERTEX_POINT('',#7893);
#7893 = CARTESIAN_POINT('',(-165.35,93.,92.5));
#7894 = VERTEX_POINT('',#7895);
#7895 = CARTESIAN_POINT('',(-162.35,93.,92.5));
#7896 = SURFACE_CURVE('',#7897,(#7901,#7907),.PCURVE_S1.);
#7897 = LINE('',#7898,#7899);
#7898 = CARTESIAN_POINT('',(-202.35,93.,92.5));
#7899 = VECTOR('',#7900,1.);
#7900 = DIRECTION('',(1.,0.,-0.));
#7901 = PCURVE('',#100,#7902);
#7902 = DEFINITIONAL_REPRESENTATION('',(#7903),#7906);
#7903 = B_SPLINE_CURVE_WITH_KNOTS('',1,(#7904,#7905),.UNSPECIFIED.,.F.,
  .F.,(2,2),(37.,40.),.PIECEWISE_BEZIER_KNOTS.);
#7904 = CARTESIAN_POINT('',(97.5,74.));
#7905 = CARTESIAN_POINT('',(97.5,77.));
#7906 = ( GEOMETRIC_REPRESENTATION_CONTEXT(2) 
PARAMETRIC_REPRESENTATION_CONTEXT() REPRESENTATION_CONTEXT('2D SPACE',''
  ) );
#7907 = PCURVE('',#3773,#7908);
#7908 = DEFINITIONAL_REPRESENTATION('',(#7909),#7912);
#7909 = B_SPLINE_CURVE_WITH_KNOTS('',1,(#7910,#7911),.UNSPECIFIED.,.F.,
  .F.,(2,2),(37.,40.),.PIECEWISE_BEZIER_KNOTS.);
#7910 = CARTESIAN_POINT('',(0.,3.01));
#7911 = CARTESIAN_POINT('',(3.,3.01));
#7912 = ( GEOMETRIC_REPRESENTATION_CONTEXT(2) 
PARAMETRIC_REPRESENTATION_CONTEXT() REPRESENTATION_CONTEXT('2D SPACE',''
  ) );
#7913 = ORIENTED_EDGE('',*,*,#7914,.T.);
#7914 = EDGE_CURVE('',#7892,#7915,#7917,.T.);
#7915 = VERTEX_POINT('',#7916);
#7916 = CARTESIAN_POINT('',(-165.35,93.,78.5));
#7917 = SURFACE_CURVE('',#7918,(#7922,#7928),.PCURVE_S1.);
#7918 = LINE('',#7919,#7920);
#7919 = CARTESIAN_POINT('',(-165.35,93.,36.75));
#7920 = VECTOR('',#7921,1.);
#7921 = DIRECTION('',(-0.,0.,-1.));
#7922 = PCURVE('',#100,#7923);
#7923 = DEFINITIONAL_REPRESENTATION('',(#7924),#7927);
#7924 = B_SPLINE_CURVE_WITH_KNOTS('',1,(#7925,#7926),.UNSPECIFIED.,.F.,
  .F.,(2,2),(-55.75,-41.75),.PIECEWISE_BEZIER_KNOTS.);
#7925 = CARTESIAN_POINT('',(97.5,74.));
#7926 = CARTESIAN_POINT('',(83.5,74.));
#7927 = ( GEOMETRIC_REPRESENTATION_CONTEXT(2) 
PARAMETRIC_REPRESENTATION_CONTEXT() REPRESENTATION_CONTEXT('2D SPACE',''
  ) );
#7928 = PCURVE('',#3799,#7929);
#7929 = DEFINITIONAL_REPRESENTATION('',(#7930),#7933);
#7930 = B_SPLINE_CURVE_WITH_KNOTS('',1,(#7931,#7932),.UNSPECIFIED.,.F.,
  .F.,(2,2),(-55.75,-41.75),.PIECEWISE_BEZIER_KNOTS.);
#7931 = CARTESIAN_POINT('',(14.,-3.01));
#7932 = CARTESIAN_POINT('',(0.,-3.01));
#7933 = ( GEOMETRIC_REPRESENTATION_CONTEXT(2) 
PARAMETRIC_REPRESENTATION_CONTEXT() REPRESENTATION_CONTEXT('2D SPACE',''
  ) );
#7934 = ORIENTED_EDGE('',*,*,#7935,.T.);
#7935 = EDGE_CURVE('',#7915,#7936,#7938,.T.);
#7936 = VERTEX_POINT('',#7937);
#7937 = CARTESIAN_POINT('',(-162.35,93.,78.5));
#7938 = SURFACE_CURVE('',#7939,(#7943,#7949),.PCURVE_S1.);
#7939 = LINE('',#7940,#7941);
#7940 = CARTESIAN_POINT('',(-202.35,93.,78.5));
#7941 = VECTOR('',#7942,1.);
#7942 = DIRECTION('',(1.,0.,-0.));
#7943 = PCURVE('',#100,#7944);
#7944 = DEFINITIONAL_REPRESENTATION('',(#7945),#7948);
#7945 = B_SPLINE_CURVE_WITH_KNOTS('',1,(#7946,#7947),.UNSPECIFIED.,.F.,
  .F.,(2,2),(37.,40.),.PIECEWISE_BEZIER_KNOTS.);
#7946 = CARTESIAN_POINT('',(83.5,74.));
#7947 = CARTESIAN_POINT('',(83.5,77.));
#7948 = ( GEOMETRIC_REPRESENTATION_CONTEXT(2) 
PARAMETRIC_REPRESENTATION_CONTEXT() REPRESENTATION_CONTEXT('2D SPACE',''
  ) );
#7949 = PCURVE('',#3825,#7950);
#7950 = DEFINITIONAL_REPRESENTATION('',(#7951),#7954);
#7951 = B_SPLINE_CURVE_WITH_KNOTS('',1,(#7952,#7953),.UNSPECIFIED.,.F.,
  .F.,(2,2),(37.,40.),.PIECEWISE_BEZIER_KNOTS.);
#7952 = CARTESIAN_POINT('',(0.,3.01));
#7953 = CARTESIAN_POINT('',(3.,3.01));
#7954 = ( GEOMETRIC_REPRESENTATION_CONTEXT(2) 
PARAMETRIC_REPRESENTATION_CONTEXT() REPRESENTATION_CONTEXT('2D SPACE',''
  ) );
#7955 = ORIENTED_EDGE('',*,*,#7956,.F.);
#7956 = EDGE_CURVE('',#7894,#7936,#7957,.T.);
#7957 = SURFACE_CURVE('',#7958,(#7962,#7968),.PCURVE_S1.);
#7958 = LINE('',#7959,#7960);
#7959 = CARTESIAN_POINT('',(-162.35,93.,36.75));
#7960 = VECTOR('',#7961,1.);
#7961 = DIRECTION('',(-0.,0.,-1.));
#7962 = PCURVE('',#100,#7963);
#7963 = DEFINITIONAL_REPRESENTATION('',(#7964),#7967);
#7964 = B_SPLINE_CURVE_WITH_KNOTS('',1,(#7965,#7966),.UNSPECIFIED.,.F.,
  .F.,(2,2),(-55.75,-41.75),.PIECEWISE_BEZIER_KNOTS.);
#7965 = CARTESIAN_POINT('',(97.5,77.));
#7966 = CARTESIAN_POINT('',(83.5,77.));
#7967 = ( GEOMETRIC_REPRESENTATION_CONTEXT(2) 
PARAMETRIC_REPRESENTATION_CONTEXT() REPRESENTATION_CONTEXT('2D SPACE',''
  ) );
#7968 = PCURVE('',#3849,#7969);
#7969 = DEFINITIONAL_REPRESENTATION('',(#7970),#7973);
#7970 = B_SPLINE_CURVE_WITH_KNOTS('',1,(#7971,#7972),.UNSPECIFIED.,.F.,
  .F.,(2,2),(-55.75,-41.75),.PIECEWISE_BEZIER_KNOTS.);
#7971 = CARTESIAN_POINT('',(14.,-3.01));
#7972 = CARTESIAN_POINT('',(0.,-3.01));
#7973 = ( GEOMETRIC_REPRESENTATION_CONTEXT(2) 
PARAMETRIC_REPRESENTATION_CONTEXT() REPRESENTATION_CONTEXT('2D SPACE',''
  ) );
#7974 = FACE_BOUND('',#7975,.T.);
#7975 = EDGE_LOOP('',(#7976,#7999,#8020,#8041));
#7976 = ORIENTED_EDGE('',*,*,#7977,.F.);
#7977 = EDGE_CURVE('',#7978,#7980,#7982,.T.);
#7978 = VERTEX_POINT('',#7979);
#7979 = CARTESIAN_POINT('',(-159.35,93.,92.5));
#7980 = VERTEX_POINT('',#7981);
#7981 = CARTESIAN_POINT('',(-156.35,93.,92.5));
#7982 = SURFACE_CURVE('',#7983,(#7987,#7993),.PCURVE_S1.);
#7983 = LINE('',#7984,#7985);
#7984 = CARTESIAN_POINT('',(-199.35,93.,92.5));
#7985 = VECTOR('',#7986,1.);
#7986 = DIRECTION('',(1.,0.,-0.));
#7987 = PCURVE('',#100,#7988);
#7988 = DEFINITIONAL_REPRESENTATION('',(#7989),#7992);
#7989 = B_SPLINE_CURVE_WITH_KNOTS('',1,(#7990,#7991),.UNSPECIFIED.,.F.,
  .F.,(2,2),(40.,43.),.PIECEWISE_BEZIER_KNOTS.);
#7990 = CARTESIAN_POINT('',(97.5,80.));
#7991 = CARTESIAN_POINT('',(97.5,83.));
#7992 = ( GEOMETRIC_REPRESENTATION_CONTEXT(2) 
PARAMETRIC_REPRESENTATION_CONTEXT() REPRESENTATION_CONTEXT('2D SPACE',''
  ) );
#7993 = PCURVE('',#3879,#7994);
#7994 = DEFINITIONAL_REPRESENTATION('',(#7995),#7998);
#7995 = B_SPLINE_CURVE_WITH_KNOTS('',1,(#7996,#7997),.UNSPECIFIED.,.F.,
  .F.,(2,2),(40.,43.),.PIECEWISE_BEZIER_KNOTS.);
#7996 = CARTESIAN_POINT('',(0.,3.01));
#7997 = CARTESIAN_POINT('',(3.,3.01));
#7998 = ( GEOMETRIC_REPRESENTATION_CONTEXT(2) 
PARAMETRIC_REPRESENTATION_CONTEXT() REPRESENTATION_CONTEXT('2D SPACE',''
  ) );
#7999 = ORIENTED_EDGE('',*,*,#8000,.T.);
#8000 = EDGE_CURVE('',#7978,#8001,#8003,.T.);
#8001 = VERTEX_POINT('',#8002);
#8002 = CARTESIAN_POINT('',(-159.35,93.,78.5));
#8003 = SURFACE_CURVE('',#8004,(#8008,#8014),.PCURVE_S1.);
#8004 = LINE('',#8005,#8006);
#8005 = CARTESIAN_POINT('',(-159.35,93.,36.75));
#8006 = VECTOR('',#8007,1.);
#8007 = DIRECTION('',(-0.,0.,-1.));
#8008 = PCURVE('',#100,#8009);
#8009 = DEFINITIONAL_REPRESENTATION('',(#8010),#8013);
#8010 = B_SPLINE_CURVE_WITH_KNOTS('',1,(#8011,#8012),.UNSPECIFIED.,.F.,
  .F.,(2,2),(-55.75,-41.75),.PIECEWISE_BEZIER_KNOTS.);
#8011 = CARTESIAN_POINT('',(97.5,80.));
#8012 = CARTESIAN_POINT('',(83.5,80.));
#8013 = ( GEOMETRIC_REPRESENTATION_CONTEXT(2) 
PARAMETRIC_REPRESENTATION_CONTEXT() REPRESENTATION_CONTEXT('2D SPACE',''
  ) );
#8014 = PCURVE('',#3905,#8015);
#8015 = DEFINITIONAL_REPRESENTATION('',(#8016),#8019);
#8016 = B_SPLINE_CURVE_WITH_KNOTS('',1,(#8017,#8018),.UNSPECIFIED.,.F.,
  .F.,(2,2),(-55.75,-41.75),.PIECEWISE_BEZIER_KNOTS.);
#8017 = CARTESIAN_POINT('',(14.,-3.01));
#8018 = CARTESIAN_POINT('',(0.,-3.01));
#8019 = ( GEOMETRIC_REPRESENTATION_CONTEXT(2) 
PARAMETRIC_REPRESENTATION_CONTEXT() REPRESENTATION_CONTEXT('2D SPACE',''
  ) );
#8020 = ORIENTED_EDGE('',*,*,#8021,.T.);
#8021 = EDGE_CURVE('',#8001,#8022,#8024,.T.);
#8022 = VERTEX_POINT('',#8023);
#8023 = CARTESIAN_POINT('',(-156.35,93.,78.5));
#8024 = SURFACE_CURVE('',#8025,(#8029,#8035),.PCURVE_S1.);
#8025 = LINE('',#8026,#8027);
#8026 = CARTESIAN_POINT('',(-199.35,93.,78.5));
#8027 = VECTOR('',#8028,1.);
#8028 = DIRECTION('',(1.,0.,-0.));
#8029 = PCURVE('',#100,#8030);
#8030 = DEFINITIONAL_REPRESENTATION('',(#8031),#8034);
#8031 = B_SPLINE_CURVE_WITH_KNOTS('',1,(#8032,#8033),.UNSPECIFIED.,.F.,
  .F.,(2,2),(40.,43.),.PIECEWISE_BEZIER_KNOTS.);
#8032 = CARTESIAN_POINT('',(83.5,80.));
#8033 = CARTESIAN_POINT('',(83.5,83.));
#8034 = ( GEOMETRIC_REPRESENTATION_CONTEXT(2) 
PARAMETRIC_REPRESENTATION_CONTEXT() REPRESENTATION_CONTEXT('2D SPACE',''
  ) );
#8035 = PCURVE('',#3931,#8036);
#8036 = DEFINITIONAL_REPRESENTATION('',(#8037),#8040);
#8037 = B_SPLINE_CURVE_WITH_KNOTS('',1,(#8038,#8039),.UNSPECIFIED.,.F.,
  .F.,(2,2),(40.,43.),.PIECEWISE_BEZIER_KNOTS.);
#8038 = CARTESIAN_POINT('',(0.,3.01));
#8039 = CARTESIAN_POINT('',(3.,3.01));
#8040 = ( GEOMETRIC_REPRESENTATION_CONTEXT(2) 
PARAMETRIC_REPRESENTATION_CONTEXT() REPRESENTATION_CONTEXT('2D SPACE',''
  ) );
#8041 = ORIENTED_EDGE('',*,*,#8042,.F.);
#8042 = EDGE_CURVE('',#7980,#8022,#8043,.T.);
#8043 = SURFACE_CURVE('',#8044,(#8048,#8054),.PCURVE_S1.);
#8044 = LINE('',#8045,#8046);
#8045 = CARTESIAN_POINT('',(-156.35,93.,36.75));
#8046 = VECTOR('',#8047,1.);
#8047 = DIRECTION('',(-0.,0.,-1.));
#8048 = PCURVE('',#100,#8049);
#8049 = DEFINITIONAL_REPRESENTATION('',(#8050),#8053);
#8050 = B_SPLINE_CURVE_WITH_KNOTS('',1,(#8051,#8052),.UNSPECIFIED.,.F.,
  .F.,(2,2),(-55.75,-41.75),.PIECEWISE_BEZIER_KNOTS.);
#8051 = CARTESIAN_POINT('',(97.5,83.));
#8052 = CARTESIAN_POINT('',(83.5,83.));
#8053 = ( GEOMETRIC_REPRESENTATION_CONTEXT(2) 
PARAMETRIC_REPRESENTATION_CONTEXT() REPRESENTATION_CONTEXT('2D SPACE',''
  ) );
#8054 = PCURVE('',#3955,#8055);
#8055 = DEFINITIONAL_REPRESENTATION('',(#8056),#8059);
#8056 = B_SPLINE_CURVE_WITH_KNOTS('',1,(#8057,#8058),.UNSPECIFIED.,.F.,
  .F.,(2,2),(-55.75,-41.75),.PIECEWISE_BEZIER_KNOTS.);
#8057 = CARTESIAN_POINT('',(14.,-3.01));
#8058 = CARTESIAN_POINT('',(0.,-3.01));
#8059 = ( GEOMETRIC_REPRESENTATION_CONTEXT(2) 
PARAMETRIC_REPRESENTATION_CONTEXT() REPRESENTATION_CONTEXT('2D SPACE',''
  ) );
#8060 = FACE_BOUND('',#8061,.T.);
#8061 = EDGE_LOOP('',(#8062,#8085,#8106,#8127));
#8062 = ORIENTED_EDGE('',*,*,#8063,.F.);
#8063 = EDGE_CURVE('',#8064,#8066,#8068,.T.);
#8064 = VERTEX_POINT('',#8065);
#8065 = CARTESIAN_POINT('',(-153.35,93.,92.5));
#8066 = VERTEX_POINT('',#8067);
#8067 = CARTESIAN_POINT('',(-150.35,93.,92.5));
#8068 = SURFACE_CURVE('',#8069,(#8073,#8079),.PCURVE_S1.);
#8069 = LINE('',#8070,#8071);
#8070 = CARTESIAN_POINT('',(-196.35,93.,92.5));
#8071 = VECTOR('',#8072,1.);
#8072 = DIRECTION('',(1.,0.,-0.));
#8073 = PCURVE('',#100,#8074);
#8074 = DEFINITIONAL_REPRESENTATION('',(#8075),#8078);
#8075 = B_SPLINE_CURVE_WITH_KNOTS('',1,(#8076,#8077),.UNSPECIFIED.,.F.,
  .F.,(2,2),(43.,46.),.PIECEWISE_BEZIER_KNOTS.);
#8076 = CARTESIAN_POINT('',(97.5,86.));
#8077 = CARTESIAN_POINT('',(97.5,89.));
#8078 = ( GEOMETRIC_REPRESENTATION_CONTEXT(2) 
PARAMETRIC_REPRESENTATION_CONTEXT() REPRESENTATION_CONTEXT('2D SPACE',''
  ) );
#8079 = PCURVE('',#3985,#8080);
#8080 = DEFINITIONAL_REPRESENTATION('',(#8081),#8084);
#8081 = B_SPLINE_CURVE_WITH_KNOTS('',1,(#8082,#8083),.UNSPECIFIED.,.F.,
  .F.,(2,2),(43.,46.),.PIECEWISE_BEZIER_KNOTS.);
#8082 = CARTESIAN_POINT('',(0.,3.01));
#8083 = CARTESIAN_POINT('',(3.,3.01));
#8084 = ( GEOMETRIC_REPRESENTATION_CONTEXT(2) 
PARAMETRIC_REPRESENTATION_CONTEXT() REPRESENTATION_CONTEXT('2D SPACE',''
  ) );
#8085 = ORIENTED_EDGE('',*,*,#8086,.T.);
#8086 = EDGE_CURVE('',#8064,#8087,#8089,.T.);
#8087 = VERTEX_POINT('',#8088);
#8088 = CARTESIAN_POINT('',(-153.35,93.,78.5));
#8089 = SURFACE_CURVE('',#8090,(#8094,#8100),.PCURVE_S1.);
#8090 = LINE('',#8091,#8092);
#8091 = CARTESIAN_POINT('',(-153.35,93.,36.75));
#8092 = VECTOR('',#8093,1.);
#8093 = DIRECTION('',(-0.,0.,-1.));
#8094 = PCURVE('',#100,#8095);
#8095 = DEFINITIONAL_REPRESENTATION('',(#8096),#8099);
#8096 = B_SPLINE_CURVE_WITH_KNOTS('',1,(#8097,#8098),.UNSPECIFIED.,.F.,
  .F.,(2,2),(-55.75,-41.75),.PIECEWISE_BEZIER_KNOTS.);
#8097 = CARTESIAN_POINT('',(97.5,86.));
#8098 = CARTESIAN_POINT('',(83.5,86.));
#8099 = ( GEOMETRIC_REPRESENTATION_CONTEXT(2) 
PARAMETRIC_REPRESENTATION_CONTEXT() REPRESENTATION_CONTEXT('2D SPACE',''
  ) );
#8100 = PCURVE('',#4011,#8101);
#8101 = DEFINITIONAL_REPRESENTATION('',(#8102),#8105);
#8102 = B_SPLINE_CURVE_WITH_KNOTS('',1,(#8103,#8104),.UNSPECIFIED.,.F.,
  .F.,(2,2),(-55.75,-41.75),.PIECEWISE_BEZIER_KNOTS.);
#8103 = CARTESIAN_POINT('',(14.,-3.01));
#8104 = CARTESIAN_POINT('',(0.,-3.01));
#8105 = ( GEOMETRIC_REPRESENTATION_CONTEXT(2) 
PARAMETRIC_REPRESENTATION_CONTEXT() REPRESENTATION_CONTEXT('2D SPACE',''
  ) );
#8106 = ORIENTED_EDGE('',*,*,#8107,.T.);
#8107 = EDGE_CURVE('',#8087,#8108,#8110,.T.);
#8108 = VERTEX_POINT('',#8109);
#8109 = CARTESIAN_POINT('',(-150.35,93.,78.5));
#8110 = SURFACE_CURVE('',#8111,(#8115,#8121),.PCURVE_S1.);
#8111 = LINE('',#8112,#8113);
#8112 = CARTESIAN_POINT('',(-196.35,93.,78.5));
#8113 = VECTOR('',#8114,1.);
#8114 = DIRECTION('',(1.,0.,-0.));
#8115 = PCURVE('',#100,#8116);
#8116 = DEFINITIONAL_REPRESENTATION('',(#8117),#8120);
#8117 = B_SPLINE_CURVE_WITH_KNOTS('',1,(#8118,#8119),.UNSPECIFIED.,.F.,
  .F.,(2,2),(43.,46.),.PIECEWISE_BEZIER_KNOTS.);
#8118 = CARTESIAN_POINT('',(83.5,86.));
#8119 = CARTESIAN_POINT('',(83.5,89.));
#8120 = ( GEOMETRIC_REPRESENTATION_CONTEXT(2) 
PARAMETRIC_REPRESENTATION_CONTEXT() REPRESENTATION_CONTEXT('2D SPACE',''
  ) );
#8121 = PCURVE('',#4037,#8122);
#8122 = DEFINITIONAL_REPRESENTATION('',(#8123),#8126);
#8123 = B_SPLINE_CURVE_WITH_KNOTS('',1,(#8124,#8125),.UNSPECIFIED.,.F.,
  .F.,(2,2),(43.,46.),.PIECEWISE_BEZIER_KNOTS.);
#8124 = CARTESIAN_POINT('',(0.,3.01));
#8125 = CARTESIAN_POINT('',(3.,3.01));
#8126 = ( GEOMETRIC_REPRESENTATION_CONTEXT(2) 
PARAMETRIC_REPRESENTATION_CONTEXT() REPRESENTATION_CONTEXT('2D SPACE',''
  ) );
#8127 = ORIENTED_EDGE('',*,*,#8128,.F.);
#8128 = EDGE_CURVE('',#8066,#8108,#8129,.T.);
#8129 = SURFACE_CURVE('',#8130,(#8134,#8140),.PCURVE_S1.);
#8130 = LINE('',#8131,#8132);
#8131 = CARTESIAN_POINT('',(-150.35,93.,36.75));
#8132 = VECTOR('',#8133,1.);
#8133 = DIRECTION('',(-0.,0.,-1.));
#8134 = PCURVE('',#100,#8135);
#8135 = DEFINITIONAL_REPRESENTATION('',(#8136),#8139);
#8136 = B_SPLINE_CURVE_WITH_KNOTS('',1,(#8137,#8138),.UNSPECIFIED.,.F.,
  .F.,(2,2),(-55.75,-41.75),.PIECEWISE_BEZIER_KNOTS.);
#8137 = CARTESIAN_POINT('',(97.5,89.));
#8138 = CARTESIAN_POINT('',(83.5,89.));
#8139 = ( GEOMETRIC_REPRESENTATION_CONTEXT(2) 
PARAMETRIC_REPRESENTATION_CONTEXT() REPRESENTATION_CONTEXT('2D SPACE',''
  ) );
#8140 = PCURVE('',#4061,#8141);
#8141 = DEFINITIONAL_REPRESENTATION('',(#8142),#8145);
#8142 = B_SPLINE_CURVE_WITH_KNOTS('',1,(#8143,#8144),.UNSPECIFIED.,.F.,
  .F.,(2,2),(-55.75,-41.75),.PIECEWISE_BEZIER_KNOTS.);
#8143 = CARTESIAN_POINT('',(14.,-3.01));
#8144 = CARTESIAN_POINT('',(0.,-3.01));
#8145 = ( GEOMETRIC_REPRESENTATION_CONTEXT(2) 
PARAMETRIC_REPRESENTATION_CONTEXT() REPRESENTATION_CONTEXT('2D SPACE',''
  ) );
#8146 = FACE_BOUND('',#8147,.T.);
#8147 = EDGE_LOOP('',(#8148,#8171,#8192,#8213));
#8148 = ORIENTED_EDGE('',*,*,#8149,.F.);
#8149 = EDGE_CURVE('',#8150,#8152,#8154,.T.);
#8150 = VERTEX_POINT('',#8151);
#8151 = CARTESIAN_POINT('',(-147.35,93.,92.5));
#8152 = VERTEX_POINT('',#8153);
#8153 = CARTESIAN_POINT('',(-144.35,93.,92.5));
#8154 = SURFACE_CURVE('',#8155,(#8159,#8165),.PCURVE_S1.);
#8155 = LINE('',#8156,#8157);
#8156 = CARTESIAN_POINT('',(-193.35,93.,92.5));
#8157 = VECTOR('',#8158,1.);
#8158 = DIRECTION('',(1.,0.,-0.));
#8159 = PCURVE('',#100,#8160);
#8160 = DEFINITIONAL_REPRESENTATION('',(#8161),#8164);
#8161 = B_SPLINE_CURVE_WITH_KNOTS('',1,(#8162,#8163),.UNSPECIFIED.,.F.,
  .F.,(2,2),(46.,49.),.PIECEWISE_BEZIER_KNOTS.);
#8162 = CARTESIAN_POINT('',(97.5,92.));
#8163 = CARTESIAN_POINT('',(97.5,95.));
#8164 = ( GEOMETRIC_REPRESENTATION_CONTEXT(2) 
PARAMETRIC_REPRESENTATION_CONTEXT() REPRESENTATION_CONTEXT('2D SPACE',''
  ) );
#8165 = PCURVE('',#4091,#8166);
#8166 = DEFINITIONAL_REPRESENTATION('',(#8167),#8170);
#8167 = B_SPLINE_CURVE_WITH_KNOTS('',1,(#8168,#8169),.UNSPECIFIED.,.F.,
  .F.,(2,2),(46.,49.),.PIECEWISE_BEZIER_KNOTS.);
#8168 = CARTESIAN_POINT('',(0.,3.01));
#8169 = CARTESIAN_POINT('',(3.,3.01));
#8170 = ( GEOMETRIC_REPRESENTATION_CONTEXT(2) 
PARAMETRIC_REPRESENTATION_CONTEXT() REPRESENTATION_CONTEXT('2D SPACE',''
  ) );
#8171 = ORIENTED_EDGE('',*,*,#8172,.T.);
#8172 = EDGE_CURVE('',#8150,#8173,#8175,.T.);
#8173 = VERTEX_POINT('',#8174);
#8174 = CARTESIAN_POINT('',(-147.35,93.,78.5));
#8175 = SURFACE_CURVE('',#8176,(#8180,#8186),.PCURVE_S1.);
#8176 = LINE('',#8177,#8178);
#8177 = CARTESIAN_POINT('',(-147.35,93.,36.75));
#8178 = VECTOR('',#8179,1.);
#8179 = DIRECTION('',(-0.,0.,-1.));
#8180 = PCURVE('',#100,#8181);
#8181 = DEFINITIONAL_REPRESENTATION('',(#8182),#8185);
#8182 = B_SPLINE_CURVE_WITH_KNOTS('',1,(#8183,#8184),.UNSPECIFIED.,.F.,
  .F.,(2,2),(-55.75,-41.75),.PIECEWISE_BEZIER_KNOTS.);
#8183 = CARTESIAN_POINT('',(97.5,92.));
#8184 = CARTESIAN_POINT('',(83.5,92.));
#8185 = ( GEOMETRIC_REPRESENTATION_CONTEXT(2) 
PARAMETRIC_REPRESENTATION_CONTEXT() REPRESENTATION_CONTEXT('2D SPACE',''
  ) );
#8186 = PCURVE('',#4117,#8187);
#8187 = DEFINITIONAL_REPRESENTATION('',(#8188),#8191);
#8188 = B_SPLINE_CURVE_WITH_KNOTS('',1,(#8189,#8190),.UNSPECIFIED.,.F.,
  .F.,(2,2),(-55.75,-41.75),.PIECEWISE_BEZIER_KNOTS.);
#8189 = CARTESIAN_POINT('',(14.,-3.01));
#8190 = CARTESIAN_POINT('',(0.,-3.01));
#8191 = ( GEOMETRIC_REPRESENTATION_CONTEXT(2) 
PARAMETRIC_REPRESENTATION_CONTEXT() REPRESENTATION_CONTEXT('2D SPACE',''
  ) );
#8192 = ORIENTED_EDGE('',*,*,#8193,.T.);
#8193 = EDGE_CURVE('',#8173,#8194,#8196,.T.);
#8194 = VERTEX_POINT('',#8195);
#8195 = CARTESIAN_POINT('',(-144.35,93.,78.5));
#8196 = SURFACE_CURVE('',#8197,(#8201,#8207),.PCURVE_S1.);
#8197 = LINE('',#8198,#8199);
#8198 = CARTESIAN_POINT('',(-193.35,93.,78.5));
#8199 = VECTOR('',#8200,1.);
#8200 = DIRECTION('',(1.,0.,-0.));
#8201 = PCURVE('',#100,#8202);
#8202 = DEFINITIONAL_REPRESENTATION('',(#8203),#8206);
#8203 = B_SPLINE_CURVE_WITH_KNOTS('',1,(#8204,#8205),.UNSPECIFIED.,.F.,
  .F.,(2,2),(46.,49.),.PIECEWISE_BEZIER_KNOTS.);
#8204 = CARTESIAN_POINT('',(83.5,92.));
#8205 = CARTESIAN_POINT('',(83.5,95.));
#8206 = ( GEOMETRIC_REPRESENTATION_CONTEXT(2) 
PARAMETRIC_REPRESENTATION_CONTEXT() REPRESENTATION_CONTEXT('2D SPACE',''
  ) );
#8207 = PCURVE('',#4143,#8208);
#8208 = DEFINITIONAL_REPRESENTATION('',(#8209),#8212);
#8209 = B_SPLINE_CURVE_WITH_KNOTS('',1,(#8210,#8211),.UNSPECIFIED.,.F.,
  .F.,(2,2),(46.,49.),.PIECEWISE_BEZIER_KNOTS.);
#8210 = CARTESIAN_POINT('',(0.,3.01));
#8211 = CARTESIAN_POINT('',(3.,3.01));
#8212 = ( GEOMETRIC_REPRESENTATION_CONTEXT(2) 
PARAMETRIC_REPRESENTATION_CONTEXT() REPRESENTATION_CONTEXT('2D SPACE',''
  ) );
#8213 = ORIENTED_EDGE('',*,*,#8214,.F.);
#8214 = EDGE_CURVE('',#8152,#8194,#8215,.T.);
#8215 = SURFACE_CURVE('',#8216,(#8220,#8226),.PCURVE_S1.);
#8216 = LINE('',#8217,#8218);
#8217 = CARTESIAN_POINT('',(-144.35,93.,36.75));
#8218 = VECTOR('',#8219,1.);
#8219 = DIRECTION('',(-0.,0.,-1.));
#8220 = PCURVE('',#100,#8221);
#8221 = DEFINITIONAL_REPRESENTATION('',(#8222),#8225);
#8222 = B_SPLINE_CURVE_WITH_KNOTS('',1,(#8223,#8224),.UNSPECIFIED.,.F.,
  .F.,(2,2),(-55.75,-41.75),.PIECEWISE_BEZIER_KNOTS.);
#8223 = CARTESIAN_POINT('',(97.5,95.));
#8224 = CARTESIAN_POINT('',(83.5,95.));
#8225 = ( GEOMETRIC_REPRESENTATION_CONTEXT(2) 
PARAMETRIC_REPRESENTATION_CONTEXT() REPRESENTATION_CONTEXT('2D SPACE',''
  ) );
#8226 = PCURVE('',#4167,#8227);
#8227 = DEFINITIONAL_REPRESENTATION('',(#8228),#8231);
#8228 = B_SPLINE_CURVE_WITH_KNOTS('',1,(#8229,#8230),.UNSPECIFIED.,.F.,
  .F.,(2,2),(-55.75,-41.75),.PIECEWISE_BEZIER_KNOTS.);
#8229 = CARTESIAN_POINT('',(14.,-3.01));
#8230 = CARTESIAN_POINT('',(0.,-3.01));
#8231 = ( GEOMETRIC_REPRESENTATION_CONTEXT(2) 
PARAMETRIC_REPRESENTATION_CONTEXT() REPRESENTATION_CONTEXT('2D SPACE',''
  ) );
#8232 = FACE_BOUND('',#8233,.T.);
#8233 = EDGE_LOOP('',(#8234,#8257,#8278,#8299));
#8234 = ORIENTED_EDGE('',*,*,#8235,.F.);
#8235 = EDGE_CURVE('',#8236,#8238,#8240,.T.);
#8236 = VERTEX_POINT('',#8237);
#8237 = CARTESIAN_POINT('',(-141.35,93.,92.5));
#8238 = VERTEX_POINT('',#8239);
#8239 = CARTESIAN_POINT('',(-138.35,93.,92.5));
#8240 = SURFACE_CURVE('',#8241,(#8245,#8251),.PCURVE_S1.);
#8241 = LINE('',#8242,#8243);
#8242 = CARTESIAN_POINT('',(-190.35,93.,92.5));
#8243 = VECTOR('',#8244,1.);
#8244 = DIRECTION('',(1.,0.,-0.));
#8245 = PCURVE('',#100,#8246);
#8246 = DEFINITIONAL_REPRESENTATION('',(#8247),#8250);
#8247 = B_SPLINE_CURVE_WITH_KNOTS('',1,(#8248,#8249),.UNSPECIFIED.,.F.,
  .F.,(2,2),(49.,52.),.PIECEWISE_BEZIER_KNOTS.);
#8248 = CARTESIAN_POINT('',(97.5,98.));
#8249 = CARTESIAN_POINT('',(97.5,101.));
#8250 = ( GEOMETRIC_REPRESENTATION_CONTEXT(2) 
PARAMETRIC_REPRESENTATION_CONTEXT() REPRESENTATION_CONTEXT('2D SPACE',''
  ) );
#8251 = PCURVE('',#4197,#8252);
#8252 = DEFINITIONAL_REPRESENTATION('',(#8253),#8256);
#8253 = B_SPLINE_CURVE_WITH_KNOTS('',1,(#8254,#8255),.UNSPECIFIED.,.F.,
  .F.,(2,2),(49.,52.),.PIECEWISE_BEZIER_KNOTS.);
#8254 = CARTESIAN_POINT('',(0.,3.01));
#8255 = CARTESIAN_POINT('',(3.,3.01));
#8256 = ( GEOMETRIC_REPRESENTATION_CONTEXT(2) 
PARAMETRIC_REPRESENTATION_CONTEXT() REPRESENTATION_CONTEXT('2D SPACE',''
  ) );
#8257 = ORIENTED_EDGE('',*,*,#8258,.T.);
#8258 = EDGE_CURVE('',#8236,#8259,#8261,.T.);
#8259 = VERTEX_POINT('',#8260);
#8260 = CARTESIAN_POINT('',(-141.35,93.,78.5));
#8261 = SURFACE_CURVE('',#8262,(#8266,#8272),.PCURVE_S1.);
#8262 = LINE('',#8263,#8264);
#8263 = CARTESIAN_POINT('',(-141.35,93.,36.75));
#8264 = VECTOR('',#8265,1.);
#8265 = DIRECTION('',(-0.,0.,-1.));
#8266 = PCURVE('',#100,#8267);
#8267 = DEFINITIONAL_REPRESENTATION('',(#8268),#8271);
#8268 = B_SPLINE_CURVE_WITH_KNOTS('',1,(#8269,#8270),.UNSPECIFIED.,.F.,
  .F.,(2,2),(-55.75,-41.75),.PIECEWISE_BEZIER_KNOTS.);
#8269 = CARTESIAN_POINT('',(97.5,98.));
#8270 = CARTESIAN_POINT('',(83.5,98.));
#8271 = ( GEOMETRIC_REPRESENTATION_CONTEXT(2) 
PARAMETRIC_REPRESENTATION_CONTEXT() REPRESENTATION_CONTEXT('2D SPACE',''
  ) );
#8272 = PCURVE('',#4223,#8273);
#8273 = DEFINITIONAL_REPRESENTATION('',(#8274),#8277);
#8274 = B_SPLINE_CURVE_WITH_KNOTS('',1,(#8275,#8276),.UNSPECIFIED.,.F.,
  .F.,(2,2),(-55.75,-41.75),.PIECEWISE_BEZIER_KNOTS.);
#8275 = CARTESIAN_POINT('',(14.,-3.01));
#8276 = CARTESIAN_POINT('',(0.,-3.01));
#8277 = ( GEOMETRIC_REPRESENTATION_CONTEXT(2) 
PARAMETRIC_REPRESENTATION_CONTEXT() REPRESENTATION_CONTEXT('2D SPACE',''
  ) );
#8278 = ORIENTED_EDGE('',*,*,#8279,.T.);
#8279 = EDGE_CURVE('',#8259,#8280,#8282,.T.);
#8280 = VERTEX_POINT('',#8281);
#8281 = CARTESIAN_POINT('',(-138.35,93.,78.5));
#8282 = SURFACE_CURVE('',#8283,(#8287,#8293),.PCURVE_S1.);
#8283 = LINE('',#8284,#8285);
#8284 = CARTESIAN_POINT('',(-190.35,93.,78.5));
#8285 = VECTOR('',#8286,1.);
#8286 = DIRECTION('',(1.,0.,-0.));
#8287 = PCURVE('',#100,#8288);
#8288 = DEFINITIONAL_REPRESENTATION('',(#8289),#8292);
#8289 = B_SPLINE_CURVE_WITH_KNOTS('',1,(#8290,#8291),.UNSPECIFIED.,.F.,
  .F.,(2,2),(49.,52.),.PIECEWISE_BEZIER_KNOTS.);
#8290 = CARTESIAN_POINT('',(83.5,98.));
#8291 = CARTESIAN_POINT('',(83.5,101.));
#8292 = ( GEOMETRIC_REPRESENTATION_CONTEXT(2) 
PARAMETRIC_REPRESENTATION_CONTEXT() REPRESENTATION_CONTEXT('2D SPACE',''
  ) );
#8293 = PCURVE('',#4249,#8294);
#8294 = DEFINITIONAL_REPRESENTATION('',(#8295),#8298);
#8295 = B_SPLINE_CURVE_WITH_KNOTS('',1,(#8296,#8297),.UNSPECIFIED.,.F.,
  .F.,(2,2),(49.,52.),.PIECEWISE_BEZIER_KNOTS.);
#8296 = CARTESIAN_POINT('',(0.,3.01));
#8297 = CARTESIAN_POINT('',(3.,3.01));
#8298 = ( GEOMETRIC_REPRESENTATION_CONTEXT(2) 
PARAMETRIC_REPRESENTATION_CONTEXT() REPRESENTATION_CONTEXT('2D SPACE',''
  ) );
#8299 = ORIENTED_EDGE('',*,*,#8300,.F.);
#8300 = EDGE_CURVE('',#8238,#8280,#8301,.T.);
#8301 = SURFACE_CURVE('',#8302,(#8306,#8312),.PCURVE_S1.);
#8302 = LINE('',#8303,#8304);
#8303 = CARTESIAN_POINT('',(-138.35,93.,36.75));
#8304 = VECTOR('',#8305,1.);
#8305 = DIRECTION('',(-0.,0.,-1.));
#8306 = PCURVE('',#100,#8307);
#8307 = DEFINITIONAL_REPRESENTATION('',(#8308),#8311);
#8308 = B_SPLINE_CURVE_WITH_KNOTS('',1,(#8309,#8310),.UNSPECIFIED.,.F.,
  .F.,(2,2),(-55.75,-41.75),.PIECEWISE_BEZIER_KNOTS.);
#8309 = CARTESIAN_POINT('',(97.5,101.));
#8310 = CARTESIAN_POINT('',(83.5,101.));
#8311 = ( GEOMETRIC_REPRESENTATION_CONTEXT(2) 
PARAMETRIC_REPRESENTATION_CONTEXT() REPRESENTATION_CONTEXT('2D SPACE',''
  ) );
#8312 = PCURVE('',#4273,#8313);
#8313 = DEFINITIONAL_REPRESENTATION('',(#8314),#8317);
#8314 = B_SPLINE_CURVE_WITH_KNOTS('',1,(#8315,#8316),.UNSPECIFIED.,.F.,
  .F.,(2,2),(-55.75,-41.75),.PIECEWISE_BEZIER_KNOTS.);
#8315 = CARTESIAN_POINT('',(14.,-3.01));
#8316 = CARTESIAN_POINT('',(0.,-3.01));
#8317 = ( GEOMETRIC_REPRESENTATION_CONTEXT(2) 
PARAMETRIC_REPRESENTATION_CONTEXT() REPRESENTATION_CONTEXT('2D SPACE',''
  ) );
#8318 = FACE_BOUND('',#8319,.T.);
#8319 = EDGE_LOOP('',(#8320,#8343,#8364,#8385));
#8320 = ORIENTED_EDGE('',*,*,#8321,.F.);
#8321 = EDGE_CURVE('',#8322,#8324,#8326,.T.);
#8322 = VERTEX_POINT('',#8323);
#8323 = CARTESIAN_POINT('',(-135.35,93.,92.5));
#8324 = VERTEX_POINT('',#8325);
#8325 = CARTESIAN_POINT('',(-132.35,93.,92.5));
#8326 = SURFACE_CURVE('',#8327,(#8331,#8337),.PCURVE_S1.);
#8327 = LINE('',#8328,#8329);
#8328 = CARTESIAN_POINT('',(-187.35,93.,92.5));
#8329 = VECTOR('',#8330,1.);
#8330 = DIRECTION('',(1.,0.,-0.));
#8331 = PCURVE('',#100,#8332);
#8332 = DEFINITIONAL_REPRESENTATION('',(#8333),#8336);
#8333 = B_SPLINE_CURVE_WITH_KNOTS('',1,(#8334,#8335),.UNSPECIFIED.,.F.,
  .F.,(2,2),(52.,55.),.PIECEWISE_BEZIER_KNOTS.);
#8334 = CARTESIAN_POINT('',(97.5,104.));
#8335 = CARTESIAN_POINT('',(97.5,107.));
#8336 = ( GEOMETRIC_REPRESENTATION_CONTEXT(2) 
PARAMETRIC_REPRESENTATION_CONTEXT() REPRESENTATION_CONTEXT('2D SPACE',''
  ) );
#8337 = PCURVE('',#4303,#8338);
#8338 = DEFINITIONAL_REPRESENTATION('',(#8339),#8342);
#8339 = B_SPLINE_CURVE_WITH_KNOTS('',1,(#8340,#8341),.UNSPECIFIED.,.F.,
  .F.,(2,2),(52.,55.),.PIECEWISE_BEZIER_KNOTS.);
#8340 = CARTESIAN_POINT('',(0.,3.01));
#8341 = CARTESIAN_POINT('',(3.,3.01));
#8342 = ( GEOMETRIC_REPRESENTATION_CONTEXT(2) 
PARAMETRIC_REPRESENTATION_CONTEXT() REPRESENTATION_CONTEXT('2D SPACE',''
  ) );
#8343 = ORIENTED_EDGE('',*,*,#8344,.T.);
#8344 = EDGE_CURVE('',#8322,#8345,#8347,.T.);
#8345 = VERTEX_POINT('',#8346);
#8346 = CARTESIAN_POINT('',(-135.35,93.,78.5));
#8347 = SURFACE_CURVE('',#8348,(#8352,#8358),.PCURVE_S1.);
#8348 = LINE('',#8349,#8350);
#8349 = CARTESIAN_POINT('',(-135.35,93.,36.75));
#8350 = VECTOR('',#8351,1.);
#8351 = DIRECTION('',(-0.,0.,-1.));
#8352 = PCURVE('',#100,#8353);
#8353 = DEFINITIONAL_REPRESENTATION('',(#8354),#8357);
#8354 = B_SPLINE_CURVE_WITH_KNOTS('',1,(#8355,#8356),.UNSPECIFIED.,.F.,
  .F.,(2,2),(-55.75,-41.75),.PIECEWISE_BEZIER_KNOTS.);
#8355 = CARTESIAN_POINT('',(97.5,104.));
#8356 = CARTESIAN_POINT('',(83.5,104.));
#8357 = ( GEOMETRIC_REPRESENTATION_CONTEXT(2) 
PARAMETRIC_REPRESENTATION_CONTEXT() REPRESENTATION_CONTEXT('2D SPACE',''
  ) );
#8358 = PCURVE('',#4329,#8359);
#8359 = DEFINITIONAL_REPRESENTATION('',(#8360),#8363);
#8360 = B_SPLINE_CURVE_WITH_KNOTS('',1,(#8361,#8362),.UNSPECIFIED.,.F.,
  .F.,(2,2),(-55.75,-41.75),.PIECEWISE_BEZIER_KNOTS.);
#8361 = CARTESIAN_POINT('',(14.,-3.01));
#8362 = CARTESIAN_POINT('',(0.,-3.01));
#8363 = ( GEOMETRIC_REPRESENTATION_CONTEXT(2) 
PARAMETRIC_REPRESENTATION_CONTEXT() REPRESENTATION_CONTEXT('2D SPACE',''
  ) );
#8364 = ORIENTED_EDGE('',*,*,#8365,.T.);
#8365 = EDGE_CURVE('',#8345,#8366,#8368,.T.);
#8366 = VERTEX_POINT('',#8367);
#8367 = CARTESIAN_POINT('',(-132.35,93.,78.5));
#8368 = SURFACE_CURVE('',#8369,(#8373,#8379),.PCURVE_S1.);
#8369 = LINE('',#8370,#8371);
#8370 = CARTESIAN_POINT('',(-187.35,93.,78.5));
#8371 = VECTOR('',#8372,1.);
#8372 = DIRECTION('',(1.,0.,-0.));
#8373 = PCURVE('',#100,#8374);
#8374 = DEFINITIONAL_REPRESENTATION('',(#8375),#8378);
#8375 = B_SPLINE_CURVE_WITH_KNOTS('',1,(#8376,#8377),.UNSPECIFIED.,.F.,
  .F.,(2,2),(52.,55.),.PIECEWISE_BEZIER_KNOTS.);
#8376 = CARTESIAN_POINT('',(83.5,104.));
#8377 = CARTESIAN_POINT('',(83.5,107.));
#8378 = ( GEOMETRIC_REPRESENTATION_CONTEXT(2) 
PARAMETRIC_REPRESENTATION_CONTEXT() REPRESENTATION_CONTEXT('2D SPACE',''
  ) );
#8379 = PCURVE('',#4355,#8380);
#8380 = DEFINITIONAL_REPRESENTATION('',(#8381),#8384);
#8381 = B_SPLINE_CURVE_WITH_KNOTS('',1,(#8382,#8383),.UNSPECIFIED.,.F.,
  .F.,(2,2),(52.,55.),.PIECEWISE_BEZIER_KNOTS.);
#8382 = CARTESIAN_POINT('',(0.,3.01));
#8383 = CARTESIAN_POINT('',(3.,3.01));
#8384 = ( GEOMETRIC_REPRESENTATION_CONTEXT(2) 
PARAMETRIC_REPRESENTATION_CONTEXT() REPRESENTATION_CONTEXT('2D SPACE',''
  ) );
#8385 = ORIENTED_EDGE('',*,*,#8386,.F.);
#8386 = EDGE_CURVE('',#8324,#8366,#8387,.T.);
#8387 = SURFACE_CURVE('',#8388,(#8392,#8398),.PCURVE_S1.);
#8388 = LINE('',#8389,#8390);
#8389 = CARTESIAN_POINT('',(-132.35,93.,36.75));
#8390 = VECTOR('',#8391,1.);
#8391 = DIRECTION('',(-0.,0.,-1.));
#8392 = PCURVE('',#100,#8393);
#8393 = DEFINITIONAL_REPRESENTATION('',(#8394),#8397);
#8394 = B_SPLINE_CURVE_WITH_KNOTS('',1,(#8395,#8396),.UNSPECIFIED.,.F.,
  .F.,(2,2),(-55.75,-41.75),.PIECEWISE_BEZIER_KNOTS.);
#8395 = CARTESIAN_POINT('',(97.5,107.));
#8396 = CARTESIAN_POINT('',(83.5,107.));
#8397 = ( GEOMETRIC_REPRESENTATION_CONTEXT(2) 
PARAMETRIC_REPRESENTATION_CONTEXT() REPRESENTATION_CONTEXT('2D SPACE',''
  ) );
#8398 = PCURVE('',#4379,#8399);
#8399 = DEFINITIONAL_REPRESENTATION('',(#8400),#8403);
#8400 = B_SPLINE_CURVE_WITH_KNOTS('',1,(#8401,#8402),.UNSPECIFIED.,.F.,
  .F.,(2,2),(-55.75,-41.75),.PIECEWISE_BEZIER_KNOTS.);
#8401 = CARTESIAN_POINT('',(14.,-3.01));
#8402 = CARTESIAN_POINT('',(0.,-3.01));
#8403 = ( GEOMETRIC_REPRESENTATION_CONTEXT(2) 
PARAMETRIC_REPRESENTATION_CONTEXT() REPRESENTATION_CONTEXT('2D SPACE',''
  ) );
#8404 = FACE_BOUND('',#8405,.T.);
#8405 = EDGE_LOOP('',(#8406,#8429,#8450,#8471));
#8406 = ORIENTED_EDGE('',*,*,#8407,.F.);
#8407 = EDGE_CURVE('',#8408,#8410,#8412,.T.);
#8408 = VERTEX_POINT('',#8409);
#8409 = CARTESIAN_POINT('',(-129.35,93.,92.5));
#8410 = VERTEX_POINT('',#8411);
#8411 = CARTESIAN_POINT('',(-126.35,93.,92.5));
#8412 = SURFACE_CURVE('',#8413,(#8417,#8423),.PCURVE_S1.);
#8413 = LINE('',#8414,#8415);
#8414 = CARTESIAN_POINT('',(-184.35,93.,92.5));
#8415 = VECTOR('',#8416,1.);
#8416 = DIRECTION('',(1.,0.,-0.));
#8417 = PCURVE('',#100,#8418);
#8418 = DEFINITIONAL_REPRESENTATION('',(#8419),#8422);
#8419 = B_SPLINE_CURVE_WITH_KNOTS('',1,(#8420,#8421),.UNSPECIFIED.,.F.,
  .F.,(2,2),(55.,58.),.PIECEWISE_BEZIER_KNOTS.);
#8420 = CARTESIAN_POINT('',(97.5,110.));
#8421 = CARTESIAN_POINT('',(97.5,113.));
#8422 = ( GEOMETRIC_REPRESENTATION_CONTEXT(2) 
PARAMETRIC_REPRESENTATION_CONTEXT() REPRESENTATION_CONTEXT('2D SPACE',''
  ) );
#8423 = PCURVE('',#4440,#8424);
#8424 = DEFINITIONAL_REPRESENTATION('',(#8425),#8428);
#8425 = B_SPLINE_CURVE_WITH_KNOTS('',1,(#8426,#8427),.UNSPECIFIED.,.F.,
  .F.,(2,2),(55.,58.),.PIECEWISE_BEZIER_KNOTS.);
#8426 = CARTESIAN_POINT('',(0.,3.01));
#8427 = CARTESIAN_POINT('',(3.,3.01));
#8428 = ( GEOMETRIC_REPRESENTATION_CONTEXT(2) 
PARAMETRIC_REPRESENTATION_CONTEXT() REPRESENTATION_CONTEXT('2D SPACE',''
  ) );
#8429 = ORIENTED_EDGE('',*,*,#8430,.T.);
#8430 = EDGE_CURVE('',#8408,#8431,#8433,.T.);
#8431 = VERTEX_POINT('',#8432);
#8432 = CARTESIAN_POINT('',(-129.35,93.,78.5));
#8433 = SURFACE_CURVE('',#8434,(#8438,#8444),.PCURVE_S1.);
#8434 = LINE('',#8435,#8436);
#8435 = CARTESIAN_POINT('',(-129.35,93.,36.75));
#8436 = VECTOR('',#8437,1.);
#8437 = DIRECTION('',(-0.,0.,-1.));
#8438 = PCURVE('',#100,#8439);
#8439 = DEFINITIONAL_REPRESENTATION('',(#8440),#8443);
#8440 = B_SPLINE_CURVE_WITH_KNOTS('',1,(#8441,#8442),.UNSPECIFIED.,.F.,
  .F.,(2,2),(-55.75,-41.75),.PIECEWISE_BEZIER_KNOTS.);
#8441 = CARTESIAN_POINT('',(97.5,110.));
#8442 = CARTESIAN_POINT('',(83.5,110.));
#8443 = ( GEOMETRIC_REPRESENTATION_CONTEXT(2) 
PARAMETRIC_REPRESENTATION_CONTEXT() REPRESENTATION_CONTEXT('2D SPACE',''
  ) );
#8444 = PCURVE('',#4466,#8445);
#8445 = DEFINITIONAL_REPRESENTATION('',(#8446),#8449);
#8446 = B_SPLINE_CURVE_WITH_KNOTS('',1,(#8447,#8448),.UNSPECIFIED.,.F.,
  .F.,(2,2),(-55.75,-41.75),.PIECEWISE_BEZIER_KNOTS.);
#8447 = CARTESIAN_POINT('',(14.,-3.01));
#8448 = CARTESIAN_POINT('',(0.,-3.01));
#8449 = ( GEOMETRIC_REPRESENTATION_CONTEXT(2) 
PARAMETRIC_REPRESENTATION_CONTEXT() REPRESENTATION_CONTEXT('2D SPACE',''
  ) );
#8450 = ORIENTED_EDGE('',*,*,#8451,.T.);
#8451 = EDGE_CURVE('',#8431,#8452,#8454,.T.);
#8452 = VERTEX_POINT('',#8453);
#8453 = CARTESIAN_POINT('',(-126.35,93.,78.5));
#8454 = SURFACE_CURVE('',#8455,(#8459,#8465),.PCURVE_S1.);
#8455 = LINE('',#8456,#8457);
#8456 = CARTESIAN_POINT('',(-184.35,93.,78.5));
#8457 = VECTOR('',#8458,1.);
#8458 = DIRECTION('',(1.,0.,-0.));
#8459 = PCURVE('',#100,#8460);
#8460 = DEFINITIONAL_REPRESENTATION('',(#8461),#8464);
#8461 = B_SPLINE_CURVE_WITH_KNOTS('',1,(#8462,#8463),.UNSPECIFIED.,.F.,
  .F.,(2,2),(55.,58.),.PIECEWISE_BEZIER_KNOTS.);
#8462 = CARTESIAN_POINT('',(83.5,110.));
#8463 = CARTESIAN_POINT('',(83.5,113.));
#8464 = ( GEOMETRIC_REPRESENTATION_CONTEXT(2) 
PARAMETRIC_REPRESENTATION_CONTEXT() REPRESENTATION_CONTEXT('2D SPACE',''
  ) );
#8465 = PCURVE('',#4492,#8466);
#8466 = DEFINITIONAL_REPRESENTATION('',(#8467),#8470);
#8467 = B_SPLINE_CURVE_WITH_KNOTS('',1,(#8468,#8469),.UNSPECIFIED.,.F.,
  .F.,(2,2),(55.,58.),.PIECEWISE_BEZIER_KNOTS.);
#8468 = CARTESIAN_POINT('',(0.,3.01));
#8469 = CARTESIAN_POINT('',(3.,3.01));
#8470 = ( GEOMETRIC_REPRESENTATION_CONTEXT(2) 
PARAMETRIC_REPRESENTATION_CONTEXT() REPRESENTATION_CONTEXT('2D SPACE',''
  ) );
#8471 = ORIENTED_EDGE('',*,*,#8472,.F.);
#8472 = EDGE_CURVE('',#8410,#8452,#8473,.T.);
#8473 = SURFACE_CURVE('',#8474,(#8478,#8484),.PCURVE_S1.);
#8474 = LINE('',#8475,#8476);
#8475 = CARTESIAN_POINT('',(-126.35,93.,36.75));
#8476 = VECTOR('',#8477,1.);
#8477 = DIRECTION('',(-0.,0.,-1.));
#8478 = PCURVE('',#100,#8479);
#8479 = DEFINITIONAL_REPRESENTATION('',(#8480),#8483);
#8480 = B_SPLINE_CURVE_WITH_KNOTS('',1,(#8481,#8482),.UNSPECIFIED.,.F.,
  .F.,(2,2),(-55.75,-41.75),.PIECEWISE_BEZIER_KNOTS.);
#8481 = CARTESIAN_POINT('',(97.5,113.));
#8482 = CARTESIAN_POINT('',(83.5,113.));
#8483 = ( GEOMETRIC_REPRESENTATION_CONTEXT(2) 
PARAMETRIC_REPRESENTATION_CONTEXT() REPRESENTATION_CONTEXT('2D SPACE',''
  ) );
#8484 = PCURVE('',#4516,#8485);
#8485 = DEFINITIONAL_REPRESENTATION('',(#8486),#8489);
#8486 = B_SPLINE_CURVE_WITH_KNOTS('',1,(#8487,#8488),.UNSPECIFIED.,.F.,
  .F.,(2,2),(-55.75,-41.75),.PIECEWISE_BEZIER_KNOTS.);
#8487 = CARTESIAN_POINT('',(14.,-3.01));
#8488 = CARTESIAN_POINT('',(0.,-3.01));
#8489 = ( GEOMETRIC_REPRESENTATION_CONTEXT(2) 
PARAMETRIC_REPRESENTATION_CONTEXT() REPRESENTATION_CONTEXT('2D SPACE',''
  ) );
#8490 = FACE_BOUND('',#8491,.T.);
#8491 = EDGE_LOOP('',(#8492));
#8492 = ORIENTED_EDGE('',*,*,#8493,.F.);
#8493 = EDGE_CURVE('',#8494,#8494,#8496,.T.);
#8494 = VERTEX_POINT('',#8495);
#8495 = CARTESIAN_POINT('',(-91.225,93.,71.05));
#8496 = SURFACE_CURVE('',#8497,(#8502,#8509),.PCURVE_S1.);
#8497 = CIRCLE('',#8498,3.125);
#8498 = AXIS2_PLACEMENT_3D('',#8499,#8500,#8501);
#8499 = CARTESIAN_POINT('',(-94.35,93.,71.05));
#8500 = DIRECTION('',(0.,1.,2.22044604925E-16));
#8501 = DIRECTION('',(1.,0.,-0.));
#8502 = PCURVE('',#100,#8503);
#8503 = DEFINITIONAL_REPRESENTATION('',(#8504),#8508);
#8504 = CIRCLE('',#8505,3.125);
#8505 = AXIS2_PLACEMENT_2D('',#8506,#8507);
#8506 = CARTESIAN_POINT('',(76.05,145.));
#8507 = DIRECTION('',(0.,1.));
#8508 = ( GEOMETRIC_REPRESENTATION_CONTEXT(2) 
PARAMETRIC_REPRESENTATION_CONTEXT() REPRESENTATION_CONTEXT('2D SPACE',''
  ) );
#8509 = PCURVE('',#8510,#8515);
#8510 = CYLINDRICAL_SURFACE('',#8511,3.125);
#8511 = AXIS2_PLACEMENT_3D('',#8512,#8513,#8514);
#8512 = CARTESIAN_POINT('',(-94.35,91.4,71.05));
#8513 = DIRECTION('',(0.,1.,2.22044604925E-16));
#8514 = DIRECTION('',(1.,0.,-0.));
#8515 = DEFINITIONAL_REPRESENTATION('',(#8516),#8520);
#8516 = LINE('',#8517,#8518);
#8517 = CARTESIAN_POINT('',(0.,1.6));
#8518 = VECTOR('',#8519,1.);
#8519 = DIRECTION('',(1.,0.));
#8520 = ( GEOMETRIC_REPRESENTATION_CONTEXT(2) 
PARAMETRIC_REPRESENTATION_CONTEXT() REPRESENTATION_CONTEXT('2D SPACE',''
  ) );
#8521 = FACE_BOUND('',#8522,.T.);
#8522 = EDGE_LOOP('',(#8523,#8546,#8567,#8588));
#8523 = ORIENTED_EDGE('',*,*,#8524,.F.);
#8524 = EDGE_CURVE('',#8525,#8527,#8529,.T.);
#8525 = VERTEX_POINT('',#8526);
#8526 = CARTESIAN_POINT('',(-123.35,93.,92.5));
#8527 = VERTEX_POINT('',#8528);
#8528 = CARTESIAN_POINT('',(-120.35,93.,92.5));
#8529 = SURFACE_CURVE('',#8530,(#8534,#8540),.PCURVE_S1.);
#8530 = LINE('',#8531,#8532);
#8531 = CARTESIAN_POINT('',(-181.35,93.,92.5));
#8532 = VECTOR('',#8533,1.);
#8533 = DIRECTION('',(1.,0.,-0.));
#8534 = PCURVE('',#100,#8535);
#8535 = DEFINITIONAL_REPRESENTATION('',(#8536),#8539);
#8536 = B_SPLINE_CURVE_WITH_KNOTS('',1,(#8537,#8538),.UNSPECIFIED.,.F.,
  .F.,(2,2),(58.,61.),.PIECEWISE_BEZIER_KNOTS.);
#8537 = CARTESIAN_POINT('',(97.5,116.));
#8538 = CARTESIAN_POINT('',(97.5,119.));
#8539 = ( GEOMETRIC_REPRESENTATION_CONTEXT(2) 
PARAMETRIC_REPRESENTATION_CONTEXT() REPRESENTATION_CONTEXT('2D SPACE',''
  ) );
#8540 = PCURVE('',#4546,#8541);
#8541 = DEFINITIONAL_REPRESENTATION('',(#8542),#8545);
#8542 = B_SPLINE_CURVE_WITH_KNOTS('',1,(#8543,#8544),.UNSPECIFIED.,.F.,
  .F.,(2,2),(58.,61.),.PIECEWISE_BEZIER_KNOTS.);
#8543 = CARTESIAN_POINT('',(0.,3.01));
#8544 = CARTESIAN_POINT('',(3.,3.01));
#8545 = ( GEOMETRIC_REPRESENTATION_CONTEXT(2) 
PARAMETRIC_REPRESENTATION_CONTEXT() REPRESENTATION_CONTEXT('2D SPACE',''
  ) );
#8546 = ORIENTED_EDGE('',*,*,#8547,.T.);
#8547 = EDGE_CURVE('',#8525,#8548,#8550,.T.);
#8548 = VERTEX_POINT('',#8549);
#8549 = CARTESIAN_POINT('',(-123.35,93.,78.5));
#8550 = SURFACE_CURVE('',#8551,(#8555,#8561),.PCURVE_S1.);
#8551 = LINE('',#8552,#8553);
#8552 = CARTESIAN_POINT('',(-123.35,93.,36.75));
#8553 = VECTOR('',#8554,1.);
#8554 = DIRECTION('',(-0.,0.,-1.));
#8555 = PCURVE('',#100,#8556);
#8556 = DEFINITIONAL_REPRESENTATION('',(#8557),#8560);
#8557 = B_SPLINE_CURVE_WITH_KNOTS('',1,(#8558,#8559),.UNSPECIFIED.,.F.,
  .F.,(2,2),(-55.75,-41.75),.PIECEWISE_BEZIER_KNOTS.);
#8558 = CARTESIAN_POINT('',(97.5,116.));
#8559 = CARTESIAN_POINT('',(83.5,116.));
#8560 = ( GEOMETRIC_REPRESENTATION_CONTEXT(2) 
PARAMETRIC_REPRESENTATION_CONTEXT() REPRESENTATION_CONTEXT('2D SPACE',''
  ) );
#8561 = PCURVE('',#4572,#8562);
#8562 = DEFINITIONAL_REPRESENTATION('',(#8563),#8566);
#8563 = B_SPLINE_CURVE_WITH_KNOTS('',1,(#8564,#8565),.UNSPECIFIED.,.F.,
  .F.,(2,2),(-55.75,-41.75),.PIECEWISE_BEZIER_KNOTS.);
#8564 = CARTESIAN_POINT('',(14.,-3.01));
#8565 = CARTESIAN_POINT('',(0.,-3.01));
#8566 = ( GEOMETRIC_REPRESENTATION_CONTEXT(2) 
PARAMETRIC_REPRESENTATION_CONTEXT() REPRESENTATION_CONTEXT('2D SPACE',''
  ) );
#8567 = ORIENTED_EDGE('',*,*,#8568,.T.);
#8568 = EDGE_CURVE('',#8548,#8569,#8571,.T.);
#8569 = VERTEX_POINT('',#8570);
#8570 = CARTESIAN_POINT('',(-120.35,93.,78.5));
#8571 = SURFACE_CURVE('',#8572,(#8576,#8582),.PCURVE_S1.);
#8572 = LINE('',#8573,#8574);
#8573 = CARTESIAN_POINT('',(-181.35,93.,78.5));
#8574 = VECTOR('',#8575,1.);
#8575 = DIRECTION('',(1.,0.,-0.));
#8576 = PCURVE('',#100,#8577);
#8577 = DEFINITIONAL_REPRESENTATION('',(#8578),#8581);
#8578 = B_SPLINE_CURVE_WITH_KNOTS('',1,(#8579,#8580),.UNSPECIFIED.,.F.,
  .F.,(2,2),(58.,61.),.PIECEWISE_BEZIER_KNOTS.);
#8579 = CARTESIAN_POINT('',(83.5,116.));
#8580 = CARTESIAN_POINT('',(83.5,119.));
#8581 = ( GEOMETRIC_REPRESENTATION_CONTEXT(2) 
PARAMETRIC_REPRESENTATION_CONTEXT() REPRESENTATION_CONTEXT('2D SPACE',''
  ) );
#8582 = PCURVE('',#4598,#8583);
#8583 = DEFINITIONAL_REPRESENTATION('',(#8584),#8587);
#8584 = B_SPLINE_CURVE_WITH_KNOTS('',1,(#8585,#8586),.UNSPECIFIED.,.F.,
  .F.,(2,2),(58.,61.),.PIECEWISE_BEZIER_KNOTS.);
#8585 = CARTESIAN_POINT('',(0.,3.01));
#8586 = CARTESIAN_POINT('',(3.,3.01));
#8587 = ( GEOMETRIC_REPRESENTATION_CONTEXT(2) 
PARAMETRIC_REPRESENTATION_CONTEXT() REPRESENTATION_CONTEXT('2D SPACE',''
  ) );
#8588 = ORIENTED_EDGE('',*,*,#8589,.F.);
#8589 = EDGE_CURVE('',#8527,#8569,#8590,.T.);
#8590 = SURFACE_CURVE('',#8591,(#8595,#8601),.PCURVE_S1.);
#8591 = LINE('',#8592,#8593);
#8592 = CARTESIAN_POINT('',(-120.35,93.,36.75));
#8593 = VECTOR('',#8594,1.);
#8594 = DIRECTION('',(-0.,0.,-1.));
#8595 = PCURVE('',#100,#8596);
#8596 = DEFINITIONAL_REPRESENTATION('',(#8597),#8600);
#8597 = B_SPLINE_CURVE_WITH_KNOTS('',1,(#8598,#8599),.UNSPECIFIED.,.F.,
  .F.,(2,2),(-55.75,-41.75),.PIECEWISE_BEZIER_KNOTS.);
#8598 = CARTESIAN_POINT('',(97.5,119.));
#8599 = CARTESIAN_POINT('',(83.5,119.));
#8600 = ( GEOMETRIC_REPRESENTATION_CONTEXT(2) 
PARAMETRIC_REPRESENTATION_CONTEXT() REPRESENTATION_CONTEXT('2D SPACE',''
  ) );
#8601 = PCURVE('',#4622,#8602);
#8602 = DEFINITIONAL_REPRESENTATION('',(#8603),#8606);
#8603 = B_SPLINE_CURVE_WITH_KNOTS('',1,(#8604,#8605),.UNSPECIFIED.,.F.,
  .F.,(2,2),(-55.75,-41.75),.PIECEWISE_BEZIER_KNOTS.);
#8604 = CARTESIAN_POINT('',(14.,-3.01));
#8605 = CARTESIAN_POINT('',(0.,-3.01));
#8606 = ( GEOMETRIC_REPRESENTATION_CONTEXT(2) 
PARAMETRIC_REPRESENTATION_CONTEXT() REPRESENTATION_CONTEXT('2D SPACE',''
  ) );
#8607 = FACE_BOUND('',#8608,.T.);
#8608 = EDGE_LOOP('',(#8609,#8632,#8653,#8674));
#8609 = ORIENTED_EDGE('',*,*,#8610,.F.);
#8610 = EDGE_CURVE('',#8611,#8613,#8615,.T.);
#8611 = VERTEX_POINT('',#8612);
#8612 = CARTESIAN_POINT('',(-117.35,93.,92.5));
#8613 = VERTEX_POINT('',#8614);
#8614 = CARTESIAN_POINT('',(-114.35,93.,92.5));
#8615 = SURFACE_CURVE('',#8616,(#8620,#8626),.PCURVE_S1.);
#8616 = LINE('',#8617,#8618);
#8617 = CARTESIAN_POINT('',(-178.35,93.,92.5));
#8618 = VECTOR('',#8619,1.);
#8619 = DIRECTION('',(1.,0.,-0.));
#8620 = PCURVE('',#100,#8621);
#8621 = DEFINITIONAL_REPRESENTATION('',(#8622),#8625);
#8622 = B_SPLINE_CURVE_WITH_KNOTS('',1,(#8623,#8624),.UNSPECIFIED.,.F.,
  .F.,(2,2),(61.,64.),.PIECEWISE_BEZIER_KNOTS.);
#8623 = CARTESIAN_POINT('',(97.5,122.));
#8624 = CARTESIAN_POINT('',(97.5,125.));
#8625 = ( GEOMETRIC_REPRESENTATION_CONTEXT(2) 
PARAMETRIC_REPRESENTATION_CONTEXT() REPRESENTATION_CONTEXT('2D SPACE',''
  ) );
#8626 = PCURVE('',#4652,#8627);
#8627 = DEFINITIONAL_REPRESENTATION('',(#8628),#8631);
#8628 = B_SPLINE_CURVE_WITH_KNOTS('',1,(#8629,#8630),.UNSPECIFIED.,.F.,
  .F.,(2,2),(61.,64.),.PIECEWISE_BEZIER_KNOTS.);
#8629 = CARTESIAN_POINT('',(0.,3.01));
#8630 = CARTESIAN_POINT('',(3.,3.01));
#8631 = ( GEOMETRIC_REPRESENTATION_CONTEXT(2) 
PARAMETRIC_REPRESENTATION_CONTEXT() REPRESENTATION_CONTEXT('2D SPACE',''
  ) );
#8632 = ORIENTED_EDGE('',*,*,#8633,.T.);
#8633 = EDGE_CURVE('',#8611,#8634,#8636,.T.);
#8634 = VERTEX_POINT('',#8635);
#8635 = CARTESIAN_POINT('',(-117.35,93.,78.5));
#8636 = SURFACE_CURVE('',#8637,(#8641,#8647),.PCURVE_S1.);
#8637 = LINE('',#8638,#8639);
#8638 = CARTESIAN_POINT('',(-117.35,93.,36.75));
#8639 = VECTOR('',#8640,1.);
#8640 = DIRECTION('',(-0.,0.,-1.));
#8641 = PCURVE('',#100,#8642);
#8642 = DEFINITIONAL_REPRESENTATION('',(#8643),#8646);
#8643 = B_SPLINE_CURVE_WITH_KNOTS('',1,(#8644,#8645),.UNSPECIFIED.,.F.,
  .F.,(2,2),(-55.75,-41.75),.PIECEWISE_BEZIER_KNOTS.);
#8644 = CARTESIAN_POINT('',(97.5,122.));
#8645 = CARTESIAN_POINT('',(83.5,122.));
#8646 = ( GEOMETRIC_REPRESENTATION_CONTEXT(2) 
PARAMETRIC_REPRESENTATION_CONTEXT() REPRESENTATION_CONTEXT('2D SPACE',''
  ) );
#8647 = PCURVE('',#4678,#8648);
#8648 = DEFINITIONAL_REPRESENTATION('',(#8649),#8652);
#8649 = B_SPLINE_CURVE_WITH_KNOTS('',1,(#8650,#8651),.UNSPECIFIED.,.F.,
  .F.,(2,2),(-55.75,-41.75),.PIECEWISE_BEZIER_KNOTS.);
#8650 = CARTESIAN_POINT('',(14.,-3.01));
#8651 = CARTESIAN_POINT('',(0.,-3.01));
#8652 = ( GEOMETRIC_REPRESENTATION_CONTEXT(2) 
PARAMETRIC_REPRESENTATION_CONTEXT() REPRESENTATION_CONTEXT('2D SPACE',''
  ) );
#8653 = ORIENTED_EDGE('',*,*,#8654,.T.);
#8654 = EDGE_CURVE('',#8634,#8655,#8657,.T.);
#8655 = VERTEX_POINT('',#8656);
#8656 = CARTESIAN_POINT('',(-114.35,93.,78.5));
#8657 = SURFACE_CURVE('',#8658,(#8662,#8668),.PCURVE_S1.);
#8658 = LINE('',#8659,#8660);
#8659 = CARTESIAN_POINT('',(-178.35,93.,78.5));
#8660 = VECTOR('',#8661,1.);
#8661 = DIRECTION('',(1.,0.,-0.));
#8662 = PCURVE('',#100,#8663);
#8663 = DEFINITIONAL_REPRESENTATION('',(#8664),#8667);
#8664 = B_SPLINE_CURVE_WITH_KNOTS('',1,(#8665,#8666),.UNSPECIFIED.,.F.,
  .F.,(2,2),(61.,64.),.PIECEWISE_BEZIER_KNOTS.);
#8665 = CARTESIAN_POINT('',(83.5,122.));
#8666 = CARTESIAN_POINT('',(83.5,125.));
#8667 = ( GEOMETRIC_REPRESENTATION_CONTEXT(2) 
PARAMETRIC_REPRESENTATION_CONTEXT() REPRESENTATION_CONTEXT('2D SPACE',''
  ) );
#8668 = PCURVE('',#4704,#8669);
#8669 = DEFINITIONAL_REPRESENTATION('',(#8670),#8673);
#8670 = B_SPLINE_CURVE_WITH_KNOTS('',1,(#8671,#8672),.UNSPECIFIED.,.F.,
  .F.,(2,2),(61.,64.),.PIECEWISE_BEZIER_KNOTS.);
#8671 = CARTESIAN_POINT('',(0.,3.01));
#8672 = CARTESIAN_POINT('',(3.,3.01));
#8673 = ( GEOMETRIC_REPRESENTATION_CONTEXT(2) 
PARAMETRIC_REPRESENTATION_CONTEXT() REPRESENTATION_CONTEXT('2D SPACE',''
  ) );
#8674 = ORIENTED_EDGE('',*,*,#8675,.F.);
#8675 = EDGE_CURVE('',#8613,#8655,#8676,.T.);
#8676 = SURFACE_CURVE('',#8677,(#8681,#8687),.PCURVE_S1.);
#8677 = LINE('',#8678,#8679);
#8678 = CARTESIAN_POINT('',(-114.35,93.,36.75));
#8679 = VECTOR('',#8680,1.);
#8680 = DIRECTION('',(-0.,0.,-1.));
#8681 = PCURVE('',#100,#8682);
#8682 = DEFINITIONAL_REPRESENTATION('',(#8683),#8686);
#8683 = B_SPLINE_CURVE_WITH_KNOTS('',1,(#8684,#8685),.UNSPECIFIED.,.F.,
  .F.,(2,2),(-55.75,-41.75),.PIECEWISE_BEZIER_KNOTS.);
#8684 = CARTESIAN_POINT('',(97.5,125.));
#8685 = CARTESIAN_POINT('',(83.5,125.));
#8686 = ( GEOMETRIC_REPRESENTATION_CONTEXT(2) 
PARAMETRIC_REPRESENTATION_CONTEXT() REPRESENTATION_CONTEXT('2D SPACE',''
  ) );
#8687 = PCURVE('',#4728,#8688);
#8688 = DEFINITIONAL_REPRESENTATION('',(#8689),#8692);
#8689 = B_SPLINE_CURVE_WITH_KNOTS('',1,(#8690,#8691),.UNSPECIFIED.,.F.,
  .F.,(2,2),(-55.75,-41.75),.PIECEWISE_BEZIER_KNOTS.);
#8690 = CARTESIAN_POINT('',(14.,-3.01));
#8691 = CARTESIAN_POINT('',(0.,-3.01));
#8692 = ( GEOMETRIC_REPRESENTATION_CONTEXT(2) 
PARAMETRIC_REPRESENTATION_CONTEXT() REPRESENTATION_CONTEXT('2D SPACE',''
  ) );
#8693 = FACE_BOUND('',#8694,.T.);
#8694 = EDGE_LOOP('',(#8695,#8718,#8739,#8760));
#8695 = ORIENTED_EDGE('',*,*,#8696,.F.);
#8696 = EDGE_CURVE('',#8697,#8699,#8701,.T.);
#8697 = VERTEX_POINT('',#8698);
#8698 = CARTESIAN_POINT('',(-111.35,93.,92.5));
#8699 = VERTEX_POINT('',#8700);
#8700 = CARTESIAN_POINT('',(-108.35,93.,92.5));
#8701 = SURFACE_CURVE('',#8702,(#8706,#8712),.PCURVE_S1.);
#8702 = LINE('',#8703,#8704);
#8703 = CARTESIAN_POINT('',(-175.35,93.,92.5));
#8704 = VECTOR('',#8705,1.);
#8705 = DIRECTION('',(1.,0.,-0.));
#8706 = PCURVE('',#100,#8707);
#8707 = DEFINITIONAL_REPRESENTATION('',(#8708),#8711);
#8708 = B_SPLINE_CURVE_WITH_KNOTS('',1,(#8709,#8710),.UNSPECIFIED.,.F.,
  .F.,(2,2),(64.,67.),.PIECEWISE_BEZIER_KNOTS.);
#8709 = CARTESIAN_POINT('',(97.5,128.));
#8710 = CARTESIAN_POINT('',(97.5,131.));
#8711 = ( GEOMETRIC_REPRESENTATION_CONTEXT(2) 
PARAMETRIC_REPRESENTATION_CONTEXT() REPRESENTATION_CONTEXT('2D SPACE',''
  ) );
#8712 = PCURVE('',#4789,#8713);
#8713 = DEFINITIONAL_REPRESENTATION('',(#8714),#8717);
#8714 = B_SPLINE_CURVE_WITH_KNOTS('',1,(#8715,#8716),.UNSPECIFIED.,.F.,
  .F.,(2,2),(64.,67.),.PIECEWISE_BEZIER_KNOTS.);
#8715 = CARTESIAN_POINT('',(0.,3.01));
#8716 = CARTESIAN_POINT('',(3.,3.01));
#8717 = ( GEOMETRIC_REPRESENTATION_CONTEXT(2) 
PARAMETRIC_REPRESENTATION_CONTEXT() REPRESENTATION_CONTEXT('2D SPACE',''
  ) );
#8718 = ORIENTED_EDGE('',*,*,#8719,.T.);
#8719 = EDGE_CURVE('',#8697,#8720,#8722,.T.);
#8720 = VERTEX_POINT('',#8721);
#8721 = CARTESIAN_POINT('',(-111.35,93.,78.5));
#8722 = SURFACE_CURVE('',#8723,(#8727,#8733),.PCURVE_S1.);
#8723 = LINE('',#8724,#8725);
#8724 = CARTESIAN_POINT('',(-111.35,93.,36.75));
#8725 = VECTOR('',#8726,1.);
#8726 = DIRECTION('',(-0.,0.,-1.));
#8727 = PCURVE('',#100,#8728);
#8728 = DEFINITIONAL_REPRESENTATION('',(#8729),#8732);
#8729 = B_SPLINE_CURVE_WITH_KNOTS('',1,(#8730,#8731),.UNSPECIFIED.,.F.,
  .F.,(2,2),(-55.75,-41.75),.PIECEWISE_BEZIER_KNOTS.);
#8730 = CARTESIAN_POINT('',(97.5,128.));
#8731 = CARTESIAN_POINT('',(83.5,128.));
#8732 = ( GEOMETRIC_REPRESENTATION_CONTEXT(2) 
PARAMETRIC_REPRESENTATION_CONTEXT() REPRESENTATION_CONTEXT('2D SPACE',''
  ) );
#8733 = PCURVE('',#4815,#8734);
#8734 = DEFINITIONAL_REPRESENTATION('',(#8735),#8738);
#8735 = B_SPLINE_CURVE_WITH_KNOTS('',1,(#8736,#8737),.UNSPECIFIED.,.F.,
  .F.,(2,2),(-55.75,-41.75),.PIECEWISE_BEZIER_KNOTS.);
#8736 = CARTESIAN_POINT('',(14.,-3.01));
#8737 = CARTESIAN_POINT('',(0.,-3.01));
#8738 = ( GEOMETRIC_REPRESENTATION_CONTEXT(2) 
PARAMETRIC_REPRESENTATION_CONTEXT() REPRESENTATION_CONTEXT('2D SPACE',''
  ) );
#8739 = ORIENTED_EDGE('',*,*,#8740,.T.);
#8740 = EDGE_CURVE('',#8720,#8741,#8743,.T.);
#8741 = VERTEX_POINT('',#8742);
#8742 = CARTESIAN_POINT('',(-108.35,93.,78.5));
#8743 = SURFACE_CURVE('',#8744,(#8748,#8754),.PCURVE_S1.);
#8744 = LINE('',#8745,#8746);
#8745 = CARTESIAN_POINT('',(-175.35,93.,78.5));
#8746 = VECTOR('',#8747,1.);
#8747 = DIRECTION('',(1.,0.,-0.));
#8748 = PCURVE('',#100,#8749);
#8749 = DEFINITIONAL_REPRESENTATION('',(#8750),#8753);
#8750 = B_SPLINE_CURVE_WITH_KNOTS('',1,(#8751,#8752),.UNSPECIFIED.,.F.,
  .F.,(2,2),(64.,67.),.PIECEWISE_BEZIER_KNOTS.);
#8751 = CARTESIAN_POINT('',(83.5,128.));
#8752 = CARTESIAN_POINT('',(83.5,131.));
#8753 = ( GEOMETRIC_REPRESENTATION_CONTEXT(2) 
PARAMETRIC_REPRESENTATION_CONTEXT() REPRESENTATION_CONTEXT('2D SPACE',''
  ) );
#8754 = PCURVE('',#4841,#8755);
#8755 = DEFINITIONAL_REPRESENTATION('',(#8756),#8759);
#8756 = B_SPLINE_CURVE_WITH_KNOTS('',1,(#8757,#8758),.UNSPECIFIED.,.F.,
  .F.,(2,2),(64.,67.),.PIECEWISE_BEZIER_KNOTS.);
#8757 = CARTESIAN_POINT('',(0.,3.01));
#8758 = CARTESIAN_POINT('',(3.,3.01));
#8759 = ( GEOMETRIC_REPRESENTATION_CONTEXT(2) 
PARAMETRIC_REPRESENTATION_CONTEXT() REPRESENTATION_CONTEXT('2D SPACE',''
  ) );
#8760 = ORIENTED_EDGE('',*,*,#8761,.F.);
#8761 = EDGE_CURVE('',#8699,#8741,#8762,.T.);
#8762 = SURFACE_CURVE('',#8763,(#8767,#8773),.PCURVE_S1.);
#8763 = LINE('',#8764,#8765);
#8764 = CARTESIAN_POINT('',(-108.35,93.,36.75));
#8765 = VECTOR('',#8766,1.);
#8766 = DIRECTION('',(-0.,0.,-1.));
#8767 = PCURVE('',#100,#8768);
#8768 = DEFINITIONAL_REPRESENTATION('',(#8769),#8772);
#8769 = B_SPLINE_CURVE_WITH_KNOTS('',1,(#8770,#8771),.UNSPECIFIED.,.F.,
  .F.,(2,2),(-55.75,-41.75),.PIECEWISE_BEZIER_KNOTS.);
#8770 = CARTESIAN_POINT('',(97.5,131.));
#8771 = CARTESIAN_POINT('',(83.5,131.));
#8772 = ( GEOMETRIC_REPRESENTATION_CONTEXT(2) 
PARAMETRIC_REPRESENTATION_CONTEXT() REPRESENTATION_CONTEXT('2D SPACE',''
  ) );
#8773 = PCURVE('',#4865,#8774);
#8774 = DEFINITIONAL_REPRESENTATION('',(#8775),#8778);
#8775 = B_SPLINE_CURVE_WITH_KNOTS('',1,(#8776,#8777),.UNSPECIFIED.,.F.,
  .F.,(2,2),(-55.75,-41.75),.PIECEWISE_BEZIER_KNOTS.);
#8776 = CARTESIAN_POINT('',(14.,-3.01));
#8777 = CARTESIAN_POINT('',(0.,-3.01));
#8778 = ( GEOMETRIC_REPRESENTATION_CONTEXT(2) 
PARAMETRIC_REPRESENTATION_CONTEXT() REPRESENTATION_CONTEXT('2D SPACE',''
  ) );
#8779 = FACE_BOUND('',#8780,.T.);
#8780 = EDGE_LOOP('',(#8781));
#8781 = ORIENTED_EDGE('',*,*,#8782,.F.);
#8782 = EDGE_CURVE('',#8783,#8783,#8785,.T.);
#8783 = VERTEX_POINT('',#8784);
#8784 = CARTESIAN_POINT('',(-111.225,93.,96.5));
#8785 = SURFACE_CURVE('',#8786,(#8791,#8798),.PCURVE_S1.);
#8786 = CIRCLE('',#8787,3.125);
#8787 = AXIS2_PLACEMENT_3D('',#8788,#8789,#8790);
#8788 = CARTESIAN_POINT('',(-114.35,93.,96.5));
#8789 = DIRECTION('',(0.,1.,2.22044604925E-16));
#8790 = DIRECTION('',(1.,0.,-0.));
#8791 = PCURVE('',#100,#8792);
#8792 = DEFINITIONAL_REPRESENTATION('',(#8793),#8797);
#8793 = CIRCLE('',#8794,3.125);
#8794 = AXIS2_PLACEMENT_2D('',#8795,#8796);
#8795 = CARTESIAN_POINT('',(101.5,125.));
#8796 = DIRECTION('',(0.,1.));
#8797 = ( GEOMETRIC_REPRESENTATION_CONTEXT(2) 
PARAMETRIC_REPRESENTATION_CONTEXT() REPRESENTATION_CONTEXT('2D SPACE',''
  ) );
#8798 = PCURVE('',#8799,#8804);
#8799 = CYLINDRICAL_SURFACE('',#8800,3.125);
#8800 = AXIS2_PLACEMENT_3D('',#8801,#8802,#8803);
#8801 = CARTESIAN_POINT('',(-114.35,91.4,96.5));
#8802 = DIRECTION('',(0.,1.,2.22044604925E-16));
#8803 = DIRECTION('',(1.,0.,-0.));
#8804 = DEFINITIONAL_REPRESENTATION('',(#8805),#8809);
#8805 = LINE('',#8806,#8807);
#8806 = CARTESIAN_POINT('',(0.,1.6));
#8807 = VECTOR('',#8808,1.);
#8808 = DIRECTION('',(1.,0.));
#8809 = ( GEOMETRIC_REPRESENTATION_CONTEXT(2) 
PARAMETRIC_REPRESENTATION_CONTEXT() REPRESENTATION_CONTEXT('2D SPACE',''
  ) );
#8810 = ADVANCED_FACE('',(#8811),#72,.F.);
#8811 = FACE_BOUND('',#8812,.F.);
#8812 = EDGE_LOOP('',(#8813,#8814,#8815,#8836));
#8813 = ORIENTED_EDGE('',*,*,#56,.F.);
#8814 = ORIENTED_EDGE('',*,*,#141,.T.);
#8815 = ORIENTED_EDGE('',*,*,#8816,.T.);
#8816 = EDGE_CURVE('',#142,#4929,#8817,.T.);
#8817 = SURFACE_CURVE('',#8818,(#8822,#8829),.PCURVE_S1.);
#8818 = LINE('',#8819,#8820);
#8819 = CARTESIAN_POINT('',(-89.35,90.,-5.));
#8820 = VECTOR('',#8821,1.);
#8821 = DIRECTION('',(-0.,1.,0.));
#8822 = PCURVE('',#72,#8823);
#8823 = DEFINITIONAL_REPRESENTATION('',(#8824),#8828);
#8824 = LINE('',#8825,#8826);
#8825 = CARTESIAN_POINT('',(150.,0.));
#8826 = VECTOR('',#8827,1.);
#8827 = DIRECTION('',(0.,1.));
#8828 = ( GEOMETRIC_REPRESENTATION_CONTEXT(2) 
PARAMETRIC_REPRESENTATION_CONTEXT() REPRESENTATION_CONTEXT('2D SPACE',''
  ) );
#8829 = PCURVE('',#202,#8830);
#8830 = DEFINITIONAL_REPRESENTATION('',(#8831),#8835);
#8831 = LINE('',#8832,#8833);
#8832 = CARTESIAN_POINT('',(0.,0.));
#8833 = VECTOR('',#8834,1.);
#8834 = DIRECTION('',(0.,-1.));
#8835 = ( GEOMETRIC_REPRESENTATION_CONTEXT(2) 
PARAMETRIC_REPRESENTATION_CONTEXT() REPRESENTATION_CONTEXT('2D SPACE',''
  ) );
#8836 = ORIENTED_EDGE('',*,*,#4928,.F.);
#8837 = ADVANCED_FACE('',(#8838),#202,.T.);
#8838 = FACE_BOUND('',#8839,.T.);
#8839 = EDGE_LOOP('',(#8840,#8841,#8842,#8843));
#8840 = ORIENTED_EDGE('',*,*,#188,.F.);
#8841 = ORIENTED_EDGE('',*,*,#8816,.T.);
#8842 = ORIENTED_EDGE('',*,*,#4953,.T.);
#8843 = ORIENTED_EDGE('',*,*,#4881,.F.);
#8844 = ADVANCED_FACE('',(#8845),#233,.F.);
#8845 = FACE_BOUND('',#8846,.F.);
#8846 = EDGE_LOOP('',(#8847,#8868,#8869,#8890));
#8847 = ORIENTED_EDGE('',*,*,#8848,.F.);
#8848 = EDGE_CURVE('',#217,#4977,#8849,.T.);
#8849 = SURFACE_CURVE('',#8850,(#8854,#8861),.PCURVE_S1.);
#8850 = LINE('',#8851,#8852);
#8851 = CARTESIAN_POINT('',(-225.35,89.99,23.));
#8852 = VECTOR('',#8853,1.);
#8853 = DIRECTION('',(-0.,1.,0.));
#8854 = PCURVE('',#233,#8855);
#8855 = DEFINITIONAL_REPRESENTATION('',(#8856),#8860);
#8856 = LINE('',#8857,#8858);
#8857 = CARTESIAN_POINT('',(0.,0.));
#8858 = VECTOR('',#8859,1.);
#8859 = DIRECTION('',(0.,1.));
#8860 = ( GEOMETRIC_REPRESENTATION_CONTEXT(2) 
PARAMETRIC_REPRESENTATION_CONTEXT() REPRESENTATION_CONTEXT('2D SPACE',''
  ) );
#8861 = PCURVE('',#259,#8862);
#8862 = DEFINITIONAL_REPRESENTATION('',(#8863),#8867);
#8863 = LINE('',#8864,#8865);
#8864 = CARTESIAN_POINT('',(14.,0.));
#8865 = VECTOR('',#8866,1.);
#8866 = DIRECTION('',(0.,-1.));
#8867 = ( GEOMETRIC_REPRESENTATION_CONTEXT(2) 
PARAMETRIC_REPRESENTATION_CONTEXT() REPRESENTATION_CONTEXT('2D SPACE',''
  ) );
#8868 = ORIENTED_EDGE('',*,*,#216,.T.);
#8869 = ORIENTED_EDGE('',*,*,#8870,.T.);
#8870 = EDGE_CURVE('',#219,#4979,#8871,.T.);
#8871 = SURFACE_CURVE('',#8872,(#8876,#8883),.PCURVE_S1.);
#8872 = LINE('',#8873,#8874);
#8873 = CARTESIAN_POINT('',(-222.35,89.99,23.));
#8874 = VECTOR('',#8875,1.);
#8875 = DIRECTION('',(-0.,1.,0.));
#8876 = PCURVE('',#233,#8877);
#8877 = DEFINITIONAL_REPRESENTATION('',(#8878),#8882);
#8878 = LINE('',#8879,#8880);
#8879 = CARTESIAN_POINT('',(3.,0.));
#8880 = VECTOR('',#8881,1.);
#8881 = DIRECTION('',(0.,1.));
#8882 = ( GEOMETRIC_REPRESENTATION_CONTEXT(2) 
PARAMETRIC_REPRESENTATION_CONTEXT() REPRESENTATION_CONTEXT('2D SPACE',''
  ) );
#8883 = PCURVE('',#309,#8884);
#8884 = DEFINITIONAL_REPRESENTATION('',(#8885),#8889);
#8885 = LINE('',#8886,#8887);
#8886 = CARTESIAN_POINT('',(14.,0.));
#8887 = VECTOR('',#8888,1.);
#8888 = DIRECTION('',(0.,-1.));
#8889 = ( GEOMETRIC_REPRESENTATION_CONTEXT(2) 
PARAMETRIC_REPRESENTATION_CONTEXT() REPRESENTATION_CONTEXT('2D SPACE',''
  ) );
#8890 = ORIENTED_EDGE('',*,*,#4976,.F.);
#8891 = ADVANCED_FACE('',(#8892),#309,.F.);
#8892 = FACE_BOUND('',#8893,.F.);
#8893 = EDGE_LOOP('',(#8894,#8895,#8896,#8917));
#8894 = ORIENTED_EDGE('',*,*,#8870,.F.);
#8895 = ORIENTED_EDGE('',*,*,#296,.T.);
#8896 = ORIENTED_EDGE('',*,*,#8897,.T.);
#8897 = EDGE_CURVE('',#271,#5021,#8898,.T.);
#8898 = SURFACE_CURVE('',#8899,(#8903,#8910),.PCURVE_S1.);
#8899 = LINE('',#8900,#8901);
#8900 = CARTESIAN_POINT('',(-222.35,89.99,9.));
#8901 = VECTOR('',#8902,1.);
#8902 = DIRECTION('',(-0.,1.,0.));
#8903 = PCURVE('',#309,#8904);
#8904 = DEFINITIONAL_REPRESENTATION('',(#8905),#8909);
#8905 = LINE('',#8906,#8907);
#8906 = CARTESIAN_POINT('',(0.,0.));
#8907 = VECTOR('',#8908,1.);
#8908 = DIRECTION('',(0.,-1.));
#8909 = ( GEOMETRIC_REPRESENTATION_CONTEXT(2) 
PARAMETRIC_REPRESENTATION_CONTEXT() REPRESENTATION_CONTEXT('2D SPACE',''
  ) );
#8910 = PCURVE('',#285,#8911);
#8911 = DEFINITIONAL_REPRESENTATION('',(#8912),#8916);
#8912 = LINE('',#8913,#8914);
#8913 = CARTESIAN_POINT('',(3.,0.));
#8914 = VECTOR('',#8915,1.);
#8915 = DIRECTION('',(0.,1.));
#8916 = ( GEOMETRIC_REPRESENTATION_CONTEXT(2) 
PARAMETRIC_REPRESENTATION_CONTEXT() REPRESENTATION_CONTEXT('2D SPACE',''
  ) );
#8917 = ORIENTED_EDGE('',*,*,#5041,.F.);
#8918 = ADVANCED_FACE('',(#8919),#285,.T.);
#8919 = FACE_BOUND('',#8920,.T.);
#8920 = EDGE_LOOP('',(#8921,#8942,#8943,#8944));
#8921 = ORIENTED_EDGE('',*,*,#8922,.F.);
#8922 = EDGE_CURVE('',#245,#5000,#8923,.T.);
#8923 = SURFACE_CURVE('',#8924,(#8928,#8935),.PCURVE_S1.);
#8924 = LINE('',#8925,#8926);
#8925 = CARTESIAN_POINT('',(-225.35,89.99,9.));
#8926 = VECTOR('',#8927,1.);
#8927 = DIRECTION('',(-0.,1.,0.));
#8928 = PCURVE('',#285,#8929);
#8929 = DEFINITIONAL_REPRESENTATION('',(#8930),#8934);
#8930 = LINE('',#8931,#8932);
#8931 = CARTESIAN_POINT('',(0.,0.));
#8932 = VECTOR('',#8933,1.);
#8933 = DIRECTION('',(0.,1.));
#8934 = ( GEOMETRIC_REPRESENTATION_CONTEXT(2) 
PARAMETRIC_REPRESENTATION_CONTEXT() REPRESENTATION_CONTEXT('2D SPACE',''
  ) );
#8935 = PCURVE('',#259,#8936);
#8936 = DEFINITIONAL_REPRESENTATION('',(#8937),#8941);
#8937 = LINE('',#8938,#8939);
#8938 = CARTESIAN_POINT('',(0.,0.));
#8939 = VECTOR('',#8940,1.);
#8940 = DIRECTION('',(0.,-1.));
#8941 = ( GEOMETRIC_REPRESENTATION_CONTEXT(2) 
PARAMETRIC_REPRESENTATION_CONTEXT() REPRESENTATION_CONTEXT('2D SPACE',''
  ) );
#8942 = ORIENTED_EDGE('',*,*,#270,.T.);
#8943 = ORIENTED_EDGE('',*,*,#8897,.T.);
#8944 = ORIENTED_EDGE('',*,*,#5020,.F.);
#8945 = ADVANCED_FACE('',(#8946),#259,.T.);
#8946 = FACE_BOUND('',#8947,.T.);
#8947 = EDGE_LOOP('',(#8948,#8949,#8950,#8951));
#8948 = ORIENTED_EDGE('',*,*,#8848,.F.);
#8949 = ORIENTED_EDGE('',*,*,#244,.T.);
#8950 = ORIENTED_EDGE('',*,*,#8922,.T.);
#8951 = ORIENTED_EDGE('',*,*,#4999,.F.);
#8952 = ADVANCED_FACE('',(#8953),#339,.F.);
#8953 = FACE_BOUND('',#8954,.F.);
#8954 = EDGE_LOOP('',(#8955,#8978,#9005,#9006));
#8955 = ORIENTED_EDGE('',*,*,#8956,.T.);
#8956 = EDGE_CURVE('',#323,#8957,#8959,.T.);
#8957 = VERTEX_POINT('',#8958);
#8958 = CARTESIAN_POINT('',(-212.575,91.4,5.));
#8959 = SEAM_CURVE('',#8960,(#8964,#8971),.PCURVE_S1.);
#8960 = LINE('',#8961,#8962);
#8961 = CARTESIAN_POINT('',(-212.575,89.99,5.));
#8962 = VECTOR('',#8963,1.);
#8963 = DIRECTION('',(0.,1.,2.22044604925E-16));
#8964 = PCURVE('',#339,#8965);
#8965 = DEFINITIONAL_REPRESENTATION('',(#8966),#8970);
#8966 = LINE('',#8967,#8968);
#8967 = CARTESIAN_POINT('',(6.28318530718,-0.));
#8968 = VECTOR('',#8969,1.);
#8969 = DIRECTION('',(0.,1.));
#8970 = ( GEOMETRIC_REPRESENTATION_CONTEXT(2) 
PARAMETRIC_REPRESENTATION_CONTEXT() REPRESENTATION_CONTEXT('2D SPACE',''
  ) );
#8971 = PCURVE('',#339,#8972);
#8972 = DEFINITIONAL_REPRESENTATION('',(#8973),#8977);
#8973 = LINE('',#8974,#8975);
#8974 = CARTESIAN_POINT('',(0.,-0.));
#8975 = VECTOR('',#8976,1.);
#8976 = DIRECTION('',(0.,1.));
#8977 = ( GEOMETRIC_REPRESENTATION_CONTEXT(2) 
PARAMETRIC_REPRESENTATION_CONTEXT() REPRESENTATION_CONTEXT('2D SPACE',''
  ) );
#8978 = ORIENTED_EDGE('',*,*,#8979,.F.);
#8979 = EDGE_CURVE('',#8957,#8957,#8980,.T.);
#8980 = SURFACE_CURVE('',#8981,(#8986,#8993),.PCURVE_S1.);
#8981 = CIRCLE('',#8982,1.775);
#8982 = AXIS2_PLACEMENT_3D('',#8983,#8984,#8985);
#8983 = CARTESIAN_POINT('',(-214.35,91.4,5.));
#8984 = DIRECTION('',(0.,1.,2.22044604925E-16));
#8985 = DIRECTION('',(1.,0.,-0.));
#8986 = PCURVE('',#339,#8987);
#8987 = DEFINITIONAL_REPRESENTATION('',(#8988),#8992);
#8988 = LINE('',#8989,#8990);
#8989 = CARTESIAN_POINT('',(0.,1.41));
#8990 = VECTOR('',#8991,1.);
#8991 = DIRECTION('',(1.,0.));
#8992 = ( GEOMETRIC_REPRESENTATION_CONTEXT(2) 
PARAMETRIC_REPRESENTATION_CONTEXT() REPRESENTATION_CONTEXT('2D SPACE',''
  ) );
#8993 = PCURVE('',#8994,#8999);
#8994 = PLANE('',#8995);
#8995 = AXIS2_PLACEMENT_3D('',#8996,#8997,#8998);
#8996 = CARTESIAN_POINT('',(-214.35,91.4,5.));
#8997 = DIRECTION('',(0.,1.,2.22044604925E-16));
#8998 = DIRECTION('',(1.,0.,-0.));
#8999 = DEFINITIONAL_REPRESENTATION('',(#9000),#9004);
#9000 = CIRCLE('',#9001,1.775);
#9001 = AXIS2_PLACEMENT_2D('',#9002,#9003);
#9002 = CARTESIAN_POINT('',(0.,0.));
#9003 = DIRECTION('',(1.,0.));
#9004 = ( GEOMETRIC_REPRESENTATION_CONTEXT(2) 
PARAMETRIC_REPRESENTATION_CONTEXT() REPRESENTATION_CONTEXT('2D SPACE',''
  ) );
#9005 = ORIENTED_EDGE('',*,*,#8956,.F.);
#9006 = ORIENTED_EDGE('',*,*,#322,.T.);
#9007 = ADVANCED_FACE('',(#9008),#370,.F.);
#9008 = FACE_BOUND('',#9009,.F.);
#9009 = EDGE_LOOP('',(#9010,#9031,#9032,#9053));
#9010 = ORIENTED_EDGE('',*,*,#9011,.F.);
#9011 = EDGE_CURVE('',#354,#5094,#9012,.T.);
#9012 = SURFACE_CURVE('',#9013,(#9017,#9024),.PCURVE_S1.);
#9013 = LINE('',#9014,#9015);
#9014 = CARTESIAN_POINT('',(-219.35,89.99,23.));
#9015 = VECTOR('',#9016,1.);
#9016 = DIRECTION('',(-0.,1.,0.));
#9017 = PCURVE('',#370,#9018);
#9018 = DEFINITIONAL_REPRESENTATION('',(#9019),#9023);
#9019 = LINE('',#9020,#9021);
#9020 = CARTESIAN_POINT('',(0.,0.));
#9021 = VECTOR('',#9022,1.);
#9022 = DIRECTION('',(0.,1.));
#9023 = ( GEOMETRIC_REPRESENTATION_CONTEXT(2) 
PARAMETRIC_REPRESENTATION_CONTEXT() REPRESENTATION_CONTEXT('2D SPACE',''
  ) );
#9024 = PCURVE('',#396,#9025);
#9025 = DEFINITIONAL_REPRESENTATION('',(#9026),#9030);
#9026 = LINE('',#9027,#9028);
#9027 = CARTESIAN_POINT('',(14.,0.));
#9028 = VECTOR('',#9029,1.);
#9029 = DIRECTION('',(0.,-1.));
#9030 = ( GEOMETRIC_REPRESENTATION_CONTEXT(2) 
PARAMETRIC_REPRESENTATION_CONTEXT() REPRESENTATION_CONTEXT('2D SPACE',''
  ) );
#9031 = ORIENTED_EDGE('',*,*,#353,.T.);
#9032 = ORIENTED_EDGE('',*,*,#9033,.T.);
#9033 = EDGE_CURVE('',#356,#5096,#9034,.T.);
#9034 = SURFACE_CURVE('',#9035,(#9039,#9046),.PCURVE_S1.);
#9035 = LINE('',#9036,#9037);
#9036 = CARTESIAN_POINT('',(-216.35,89.99,23.));
#9037 = VECTOR('',#9038,1.);
#9038 = DIRECTION('',(-0.,1.,0.));
#9039 = PCURVE('',#370,#9040);
#9040 = DEFINITIONAL_REPRESENTATION('',(#9041),#9045);
#9041 = LINE('',#9042,#9043);
#9042 = CARTESIAN_POINT('',(3.,0.));
#9043 = VECTOR('',#9044,1.);
#9044 = DIRECTION('',(0.,1.));
#9045 = ( GEOMETRIC_REPRESENTATION_CONTEXT(2) 
PARAMETRIC_REPRESENTATION_CONTEXT() REPRESENTATION_CONTEXT('2D SPACE',''
  ) );
#9046 = PCURVE('',#446,#9047);
#9047 = DEFINITIONAL_REPRESENTATION('',(#9048),#9052);
#9048 = LINE('',#9049,#9050);
#9049 = CARTESIAN_POINT('',(14.,0.));
#9050 = VECTOR('',#9051,1.);
#9051 = DIRECTION('',(0.,-1.));
#9052 = ( GEOMETRIC_REPRESENTATION_CONTEXT(2) 
PARAMETRIC_REPRESENTATION_CONTEXT() REPRESENTATION_CONTEXT('2D SPACE',''
  ) );
#9053 = ORIENTED_EDGE('',*,*,#5093,.F.);
#9054 = ADVANCED_FACE('',(#9055),#446,.F.);
#9055 = FACE_BOUND('',#9056,.F.);
#9056 = EDGE_LOOP('',(#9057,#9058,#9059,#9080));
#9057 = ORIENTED_EDGE('',*,*,#9033,.F.);
#9058 = ORIENTED_EDGE('',*,*,#433,.T.);
#9059 = ORIENTED_EDGE('',*,*,#9060,.T.);
#9060 = EDGE_CURVE('',#408,#5138,#9061,.T.);
#9061 = SURFACE_CURVE('',#9062,(#9066,#9073),.PCURVE_S1.);
#9062 = LINE('',#9063,#9064);
#9063 = CARTESIAN_POINT('',(-216.35,89.99,9.));
#9064 = VECTOR('',#9065,1.);
#9065 = DIRECTION('',(-0.,1.,0.));
#9066 = PCURVE('',#446,#9067);
#9067 = DEFINITIONAL_REPRESENTATION('',(#9068),#9072);
#9068 = LINE('',#9069,#9070);
#9069 = CARTESIAN_POINT('',(0.,0.));
#9070 = VECTOR('',#9071,1.);
#9071 = DIRECTION('',(0.,-1.));
#9072 = ( GEOMETRIC_REPRESENTATION_CONTEXT(2) 
PARAMETRIC_REPRESENTATION_CONTEXT() REPRESENTATION_CONTEXT('2D SPACE',''
  ) );
#9073 = PCURVE('',#422,#9074);
#9074 = DEFINITIONAL_REPRESENTATION('',(#9075),#9079);
#9075 = LINE('',#9076,#9077);
#9076 = CARTESIAN_POINT('',(3.,0.));
#9077 = VECTOR('',#9078,1.);
#9078 = DIRECTION('',(0.,1.));
#9079 = ( GEOMETRIC_REPRESENTATION_CONTEXT(2) 
PARAMETRIC_REPRESENTATION_CONTEXT() REPRESENTATION_CONTEXT('2D SPACE',''
  ) );
#9080 = ORIENTED_EDGE('',*,*,#5158,.F.);
#9081 = ADVANCED_FACE('',(#9082),#422,.T.);
#9082 = FACE_BOUND('',#9083,.T.);
#9083 = EDGE_LOOP('',(#9084,#9105,#9106,#9107));
#9084 = ORIENTED_EDGE('',*,*,#9085,.F.);
#9085 = EDGE_CURVE('',#382,#5117,#9086,.T.);
#9086 = SURFACE_CURVE('',#9087,(#9091,#9098),.PCURVE_S1.);
#9087 = LINE('',#9088,#9089);
#9088 = CARTESIAN_POINT('',(-219.35,89.99,9.));
#9089 = VECTOR('',#9090,1.);
#9090 = DIRECTION('',(-0.,1.,0.));
#9091 = PCURVE('',#422,#9092);
#9092 = DEFINITIONAL_REPRESENTATION('',(#9093),#9097);
#9093 = LINE('',#9094,#9095);
#9094 = CARTESIAN_POINT('',(0.,0.));
#9095 = VECTOR('',#9096,1.);
#9096 = DIRECTION('',(0.,1.));
#9097 = ( GEOMETRIC_REPRESENTATION_CONTEXT(2) 
PARAMETRIC_REPRESENTATION_CONTEXT() REPRESENTATION_CONTEXT('2D SPACE',''
  ) );
#9098 = PCURVE('',#396,#9099);
#9099 = DEFINITIONAL_REPRESENTATION('',(#9100),#9104);
#9100 = LINE('',#9101,#9102);
#9101 = CARTESIAN_POINT('',(0.,0.));
#9102 = VECTOR('',#9103,1.);
#9103 = DIRECTION('',(0.,-1.));
#9104 = ( GEOMETRIC_REPRESENTATION_CONTEXT(2) 
PARAMETRIC_REPRESENTATION_CONTEXT() REPRESENTATION_CONTEXT('2D SPACE',''
  ) );
#9105 = ORIENTED_EDGE('',*,*,#407,.T.);
#9106 = ORIENTED_EDGE('',*,*,#9060,.T.);
#9107 = ORIENTED_EDGE('',*,*,#5137,.F.);
#9108 = ADVANCED_FACE('',(#9109),#396,.T.);
#9109 = FACE_BOUND('',#9110,.T.);
#9110 = EDGE_LOOP('',(#9111,#9112,#9113,#9114));
#9111 = ORIENTED_EDGE('',*,*,#9011,.F.);
#9112 = ORIENTED_EDGE('',*,*,#381,.T.);
#9113 = ORIENTED_EDGE('',*,*,#9085,.T.);
#9114 = ORIENTED_EDGE('',*,*,#5116,.F.);
#9115 = ADVANCED_FACE('',(#9116),#476,.F.);
#9116 = FACE_BOUND('',#9117,.F.);
#9117 = EDGE_LOOP('',(#9118,#9139,#9140,#9161));
#9118 = ORIENTED_EDGE('',*,*,#9119,.F.);
#9119 = EDGE_CURVE('',#460,#5180,#9120,.T.);
#9120 = SURFACE_CURVE('',#9121,(#9125,#9132),.PCURVE_S1.);
#9121 = LINE('',#9122,#9123);
#9122 = CARTESIAN_POINT('',(-213.35,89.99,23.));
#9123 = VECTOR('',#9124,1.);
#9124 = DIRECTION('',(-0.,1.,0.));
#9125 = PCURVE('',#476,#9126);
#9126 = DEFINITIONAL_REPRESENTATION('',(#9127),#9131);
#9127 = LINE('',#9128,#9129);
#9128 = CARTESIAN_POINT('',(0.,0.));
#9129 = VECTOR('',#9130,1.);
#9130 = DIRECTION('',(0.,1.));
#9131 = ( GEOMETRIC_REPRESENTATION_CONTEXT(2) 
PARAMETRIC_REPRESENTATION_CONTEXT() REPRESENTATION_CONTEXT('2D SPACE',''
  ) );
#9132 = PCURVE('',#502,#9133);
#9133 = DEFINITIONAL_REPRESENTATION('',(#9134),#9138);
#9134 = LINE('',#9135,#9136);
#9135 = CARTESIAN_POINT('',(14.,0.));
#9136 = VECTOR('',#9137,1.);
#9137 = DIRECTION('',(0.,-1.));
#9138 = ( GEOMETRIC_REPRESENTATION_CONTEXT(2) 
PARAMETRIC_REPRESENTATION_CONTEXT() REPRESENTATION_CONTEXT('2D SPACE',''
  ) );
#9139 = ORIENTED_EDGE('',*,*,#459,.T.);
#9140 = ORIENTED_EDGE('',*,*,#9141,.T.);
#9141 = EDGE_CURVE('',#462,#5182,#9142,.T.);
#9142 = SURFACE_CURVE('',#9143,(#9147,#9154),.PCURVE_S1.);
#9143 = LINE('',#9144,#9145);
#9144 = CARTESIAN_POINT('',(-210.35,89.99,23.));
#9145 = VECTOR('',#9146,1.);
#9146 = DIRECTION('',(-0.,1.,0.));
#9147 = PCURVE('',#476,#9148);
#9148 = DEFINITIONAL_REPRESENTATION('',(#9149),#9153);
#9149 = LINE('',#9150,#9151);
#9150 = CARTESIAN_POINT('',(3.,0.));
#9151 = VECTOR('',#9152,1.);
#9152 = DIRECTION('',(0.,1.));
#9153 = ( GEOMETRIC_REPRESENTATION_CONTEXT(2) 
PARAMETRIC_REPRESENTATION_CONTEXT() REPRESENTATION_CONTEXT('2D SPACE',''
  ) );
#9154 = PCURVE('',#552,#9155);
#9155 = DEFINITIONAL_REPRESENTATION('',(#9156),#9160);
#9156 = LINE('',#9157,#9158);
#9157 = CARTESIAN_POINT('',(14.,0.));
#9158 = VECTOR('',#9159,1.);
#9159 = DIRECTION('',(0.,-1.));
#9160 = ( GEOMETRIC_REPRESENTATION_CONTEXT(2) 
PARAMETRIC_REPRESENTATION_CONTEXT() REPRESENTATION_CONTEXT('2D SPACE',''
  ) );
#9161 = ORIENTED_EDGE('',*,*,#5179,.F.);
#9162 = ADVANCED_FACE('',(#9163),#552,.F.);
#9163 = FACE_BOUND('',#9164,.F.);
#9164 = EDGE_LOOP('',(#9165,#9166,#9167,#9188));
#9165 = ORIENTED_EDGE('',*,*,#9141,.F.);
#9166 = ORIENTED_EDGE('',*,*,#539,.T.);
#9167 = ORIENTED_EDGE('',*,*,#9168,.T.);
#9168 = EDGE_CURVE('',#514,#5224,#9169,.T.);
#9169 = SURFACE_CURVE('',#9170,(#9174,#9181),.PCURVE_S1.);
#9170 = LINE('',#9171,#9172);
#9171 = CARTESIAN_POINT('',(-210.35,89.99,9.));
#9172 = VECTOR('',#9173,1.);
#9173 = DIRECTION('',(-0.,1.,0.));
#9174 = PCURVE('',#552,#9175);
#9175 = DEFINITIONAL_REPRESENTATION('',(#9176),#9180);
#9176 = LINE('',#9177,#9178);
#9177 = CARTESIAN_POINT('',(0.,0.));
#9178 = VECTOR('',#9179,1.);
#9179 = DIRECTION('',(0.,-1.));
#9180 = ( GEOMETRIC_REPRESENTATION_CONTEXT(2) 
PARAMETRIC_REPRESENTATION_CONTEXT() REPRESENTATION_CONTEXT('2D SPACE',''
  ) );
#9181 = PCURVE('',#528,#9182);
#9182 = DEFINITIONAL_REPRESENTATION('',(#9183),#9187);
#9183 = LINE('',#9184,#9185);
#9184 = CARTESIAN_POINT('',(3.,0.));
#9185 = VECTOR('',#9186,1.);
#9186 = DIRECTION('',(0.,1.));
#9187 = ( GEOMETRIC_REPRESENTATION_CONTEXT(2) 
PARAMETRIC_REPRESENTATION_CONTEXT() REPRESENTATION_CONTEXT('2D SPACE',''
  ) );
#9188 = ORIENTED_EDGE('',*,*,#5244,.F.);
#9189 = ADVANCED_FACE('',(#9190),#528,.T.);
#9190 = FACE_BOUND('',#9191,.T.);
#9191 = EDGE_LOOP('',(#9192,#9213,#9214,#9215));
#9192 = ORIENTED_EDGE('',*,*,#9193,.F.);
#9193 = EDGE_CURVE('',#488,#5203,#9194,.T.);
#9194 = SURFACE_CURVE('',#9195,(#9199,#9206),.PCURVE_S1.);
#9195 = LINE('',#9196,#9197);
#9196 = CARTESIAN_POINT('',(-213.35,89.99,9.));
#9197 = VECTOR('',#9198,1.);
#9198 = DIRECTION('',(-0.,1.,0.));
#9199 = PCURVE('',#528,#9200);
#9200 = DEFINITIONAL_REPRESENTATION('',(#9201),#9205);
#9201 = LINE('',#9202,#9203);
#9202 = CARTESIAN_POINT('',(0.,0.));
#9203 = VECTOR('',#9204,1.);
#9204 = DIRECTION('',(0.,1.));
#9205 = ( GEOMETRIC_REPRESENTATION_CONTEXT(2) 
PARAMETRIC_REPRESENTATION_CONTEXT() REPRESENTATION_CONTEXT('2D SPACE',''
  ) );
#9206 = PCURVE('',#502,#9207);
#9207 = DEFINITIONAL_REPRESENTATION('',(#9208),#9212);
#9208 = LINE('',#9209,#9210);
#9209 = CARTESIAN_POINT('',(0.,0.));
#9210 = VECTOR('',#9211,1.);
#9211 = DIRECTION('',(0.,-1.));
#9212 = ( GEOMETRIC_REPRESENTATION_CONTEXT(2) 
PARAMETRIC_REPRESENTATION_CONTEXT() REPRESENTATION_CONTEXT('2D SPACE',''
  ) );
#9213 = ORIENTED_EDGE('',*,*,#513,.T.);
#9214 = ORIENTED_EDGE('',*,*,#9168,.T.);
#9215 = ORIENTED_EDGE('',*,*,#5223,.F.);
#9216 = ADVANCED_FACE('',(#9217),#502,.T.);
#9217 = FACE_BOUND('',#9218,.T.);
#9218 = EDGE_LOOP('',(#9219,#9220,#9221,#9222));
#9219 = ORIENTED_EDGE('',*,*,#9119,.F.);
#9220 = ORIENTED_EDGE('',*,*,#487,.T.);
#9221 = ORIENTED_EDGE('',*,*,#9193,.T.);
#9222 = ORIENTED_EDGE('',*,*,#5202,.F.);
#9223 = ADVANCED_FACE('',(#9224),#582,.F.);
#9224 = FACE_BOUND('',#9225,.F.);
#9225 = EDGE_LOOP('',(#9226,#9247,#9248,#9269));
#9226 = ORIENTED_EDGE('',*,*,#9227,.F.);
#9227 = EDGE_CURVE('',#566,#5266,#9228,.T.);
#9228 = SURFACE_CURVE('',#9229,(#9233,#9240),.PCURVE_S1.);
#9229 = LINE('',#9230,#9231);
#9230 = CARTESIAN_POINT('',(-207.35,89.99,23.));
#9231 = VECTOR('',#9232,1.);
#9232 = DIRECTION('',(-0.,1.,0.));
#9233 = PCURVE('',#582,#9234);
#9234 = DEFINITIONAL_REPRESENTATION('',(#9235),#9239);
#9235 = LINE('',#9236,#9237);
#9236 = CARTESIAN_POINT('',(0.,0.));
#9237 = VECTOR('',#9238,1.);
#9238 = DIRECTION('',(0.,1.));
#9239 = ( GEOMETRIC_REPRESENTATION_CONTEXT(2) 
PARAMETRIC_REPRESENTATION_CONTEXT() REPRESENTATION_CONTEXT('2D SPACE',''
  ) );
#9240 = PCURVE('',#608,#9241);
#9241 = DEFINITIONAL_REPRESENTATION('',(#9242),#9246);
#9242 = LINE('',#9243,#9244);
#9243 = CARTESIAN_POINT('',(14.,0.));
#9244 = VECTOR('',#9245,1.);
#9245 = DIRECTION('',(0.,-1.));
#9246 = ( GEOMETRIC_REPRESENTATION_CONTEXT(2) 
PARAMETRIC_REPRESENTATION_CONTEXT() REPRESENTATION_CONTEXT('2D SPACE',''
  ) );
#9247 = ORIENTED_EDGE('',*,*,#565,.T.);
#9248 = ORIENTED_EDGE('',*,*,#9249,.T.);
#9249 = EDGE_CURVE('',#568,#5268,#9250,.T.);
#9250 = SURFACE_CURVE('',#9251,(#9255,#9262),.PCURVE_S1.);
#9251 = LINE('',#9252,#9253);
#9252 = CARTESIAN_POINT('',(-204.35,89.99,23.));
#9253 = VECTOR('',#9254,1.);
#9254 = DIRECTION('',(-0.,1.,0.));
#9255 = PCURVE('',#582,#9256);
#9256 = DEFINITIONAL_REPRESENTATION('',(#9257),#9261);
#9257 = LINE('',#9258,#9259);
#9258 = CARTESIAN_POINT('',(3.,0.));
#9259 = VECTOR('',#9260,1.);
#9260 = DIRECTION('',(0.,1.));
#9261 = ( GEOMETRIC_REPRESENTATION_CONTEXT(2) 
PARAMETRIC_REPRESENTATION_CONTEXT() REPRESENTATION_CONTEXT('2D SPACE',''
  ) );
#9262 = PCURVE('',#658,#9263);
#9263 = DEFINITIONAL_REPRESENTATION('',(#9264),#9268);
#9264 = LINE('',#9265,#9266);
#9265 = CARTESIAN_POINT('',(14.,0.));
#9266 = VECTOR('',#9267,1.);
#9267 = DIRECTION('',(0.,-1.));
#9268 = ( GEOMETRIC_REPRESENTATION_CONTEXT(2) 
PARAMETRIC_REPRESENTATION_CONTEXT() REPRESENTATION_CONTEXT('2D SPACE',''
  ) );
#9269 = ORIENTED_EDGE('',*,*,#5265,.F.);
#9270 = ADVANCED_FACE('',(#9271),#658,.F.);
#9271 = FACE_BOUND('',#9272,.F.);
#9272 = EDGE_LOOP('',(#9273,#9274,#9275,#9296));
#9273 = ORIENTED_EDGE('',*,*,#9249,.F.);
#9274 = ORIENTED_EDGE('',*,*,#645,.T.);
#9275 = ORIENTED_EDGE('',*,*,#9276,.T.);
#9276 = EDGE_CURVE('',#620,#5310,#9277,.T.);
#9277 = SURFACE_CURVE('',#9278,(#9282,#9289),.PCURVE_S1.);
#9278 = LINE('',#9279,#9280);
#9279 = CARTESIAN_POINT('',(-204.35,89.99,9.));
#9280 = VECTOR('',#9281,1.);
#9281 = DIRECTION('',(-0.,1.,0.));
#9282 = PCURVE('',#658,#9283);
#9283 = DEFINITIONAL_REPRESENTATION('',(#9284),#9288);
#9284 = LINE('',#9285,#9286);
#9285 = CARTESIAN_POINT('',(0.,0.));
#9286 = VECTOR('',#9287,1.);
#9287 = DIRECTION('',(0.,-1.));
#9288 = ( GEOMETRIC_REPRESENTATION_CONTEXT(2) 
PARAMETRIC_REPRESENTATION_CONTEXT() REPRESENTATION_CONTEXT('2D SPACE',''
  ) );
#9289 = PCURVE('',#634,#9290);
#9290 = DEFINITIONAL_REPRESENTATION('',(#9291),#9295);
#9291 = LINE('',#9292,#9293);
#9292 = CARTESIAN_POINT('',(3.,0.));
#9293 = VECTOR('',#9294,1.);
#9294 = DIRECTION('',(0.,1.));
#9295 = ( GEOMETRIC_REPRESENTATION_CONTEXT(2) 
PARAMETRIC_REPRESENTATION_CONTEXT() REPRESENTATION_CONTEXT('2D SPACE',''
  ) );
#9296 = ORIENTED_EDGE('',*,*,#5330,.F.);
#9297 = ADVANCED_FACE('',(#9298),#634,.T.);
#9298 = FACE_BOUND('',#9299,.T.);
#9299 = EDGE_LOOP('',(#9300,#9321,#9322,#9323));
#9300 = ORIENTED_EDGE('',*,*,#9301,.F.);
#9301 = EDGE_CURVE('',#594,#5289,#9302,.T.);
#9302 = SURFACE_CURVE('',#9303,(#9307,#9314),.PCURVE_S1.);
#9303 = LINE('',#9304,#9305);
#9304 = CARTESIAN_POINT('',(-207.35,89.99,9.));
#9305 = VECTOR('',#9306,1.);
#9306 = DIRECTION('',(-0.,1.,0.));
#9307 = PCURVE('',#634,#9308);
#9308 = DEFINITIONAL_REPRESENTATION('',(#9309),#9313);
#9309 = LINE('',#9310,#9311);
#9310 = CARTESIAN_POINT('',(0.,0.));
#9311 = VECTOR('',#9312,1.);
#9312 = DIRECTION('',(0.,1.));
#9313 = ( GEOMETRIC_REPRESENTATION_CONTEXT(2) 
PARAMETRIC_REPRESENTATION_CONTEXT() REPRESENTATION_CONTEXT('2D SPACE',''
  ) );
#9314 = PCURVE('',#608,#9315);
#9315 = DEFINITIONAL_REPRESENTATION('',(#9316),#9320);
#9316 = LINE('',#9317,#9318);
#9317 = CARTESIAN_POINT('',(0.,0.));
#9318 = VECTOR('',#9319,1.);
#9319 = DIRECTION('',(0.,-1.));
#9320 = ( GEOMETRIC_REPRESENTATION_CONTEXT(2) 
PARAMETRIC_REPRESENTATION_CONTEXT() REPRESENTATION_CONTEXT('2D SPACE',''
  ) );
#9321 = ORIENTED_EDGE('',*,*,#619,.T.);
#9322 = ORIENTED_EDGE('',*,*,#9276,.T.);
#9323 = ORIENTED_EDGE('',*,*,#5309,.F.);
#9324 = ADVANCED_FACE('',(#9325),#608,.T.);
#9325 = FACE_BOUND('',#9326,.T.);
#9326 = EDGE_LOOP('',(#9327,#9328,#9329,#9330));
#9327 = ORIENTED_EDGE('',*,*,#9227,.F.);
#9328 = ORIENTED_EDGE('',*,*,#593,.T.);
#9329 = ORIENTED_EDGE('',*,*,#9301,.T.);
#9330 = ORIENTED_EDGE('',*,*,#5288,.F.);
#9331 = ADVANCED_FACE('',(#9332),#688,.F.);
#9332 = FACE_BOUND('',#9333,.F.);
#9333 = EDGE_LOOP('',(#9334,#9357,#9384,#9385));
#9334 = ORIENTED_EDGE('',*,*,#9335,.T.);
#9335 = EDGE_CURVE('',#672,#9336,#9338,.T.);
#9336 = VERTEX_POINT('',#9337);
#9337 = CARTESIAN_POINT('',(-232.575,91.4,30.45));
#9338 = SEAM_CURVE('',#9339,(#9343,#9350),.PCURVE_S1.);
#9339 = LINE('',#9340,#9341);
#9340 = CARTESIAN_POINT('',(-232.575,89.99,30.45));
#9341 = VECTOR('',#9342,1.);
#9342 = DIRECTION('',(0.,1.,2.22044604925E-16));
#9343 = PCURVE('',#688,#9344);
#9344 = DEFINITIONAL_REPRESENTATION('',(#9345),#9349);
#9345 = LINE('',#9346,#9347);
#9346 = CARTESIAN_POINT('',(6.28318530718,-0.));
#9347 = VECTOR('',#9348,1.);
#9348 = DIRECTION('',(0.,1.));
#9349 = ( GEOMETRIC_REPRESENTATION_CONTEXT(2) 
PARAMETRIC_REPRESENTATION_CONTEXT() REPRESENTATION_CONTEXT('2D SPACE',''
  ) );
#9350 = PCURVE('',#688,#9351);
#9351 = DEFINITIONAL_REPRESENTATION('',(#9352),#9356);
#9352 = LINE('',#9353,#9354);
#9353 = CARTESIAN_POINT('',(0.,-0.));
#9354 = VECTOR('',#9355,1.);
#9355 = DIRECTION('',(0.,1.));
#9356 = ( GEOMETRIC_REPRESENTATION_CONTEXT(2) 
PARAMETRIC_REPRESENTATION_CONTEXT() REPRESENTATION_CONTEXT('2D SPACE',''
  ) );
#9357 = ORIENTED_EDGE('',*,*,#9358,.F.);
#9358 = EDGE_CURVE('',#9336,#9336,#9359,.T.);
#9359 = SURFACE_CURVE('',#9360,(#9365,#9372),.PCURVE_S1.);
#9360 = CIRCLE('',#9361,1.775);
#9361 = AXIS2_PLACEMENT_3D('',#9362,#9363,#9364);
#9362 = CARTESIAN_POINT('',(-234.35,91.4,30.45));
#9363 = DIRECTION('',(0.,1.,2.22044604925E-16));
#9364 = DIRECTION('',(1.,0.,-0.));
#9365 = PCURVE('',#688,#9366);
#9366 = DEFINITIONAL_REPRESENTATION('',(#9367),#9371);
#9367 = LINE('',#9368,#9369);
#9368 = CARTESIAN_POINT('',(0.,1.41));
#9369 = VECTOR('',#9370,1.);
#9370 = DIRECTION('',(1.,0.));
#9371 = ( GEOMETRIC_REPRESENTATION_CONTEXT(2) 
PARAMETRIC_REPRESENTATION_CONTEXT() REPRESENTATION_CONTEXT('2D SPACE',''
  ) );
#9372 = PCURVE('',#9373,#9378);
#9373 = PLANE('',#9374);
#9374 = AXIS2_PLACEMENT_3D('',#9375,#9376,#9377);
#9375 = CARTESIAN_POINT('',(-234.35,91.4,30.45));
#9376 = DIRECTION('',(0.,1.,2.22044604925E-16));
#9377 = DIRECTION('',(1.,0.,-0.));
#9378 = DEFINITIONAL_REPRESENTATION('',(#9379),#9383);
#9379 = CIRCLE('',#9380,1.775);
#9380 = AXIS2_PLACEMENT_2D('',#9381,#9382);
#9381 = CARTESIAN_POINT('',(0.,0.));
#9382 = DIRECTION('',(1.,0.));
#9383 = ( GEOMETRIC_REPRESENTATION_CONTEXT(2) 
PARAMETRIC_REPRESENTATION_CONTEXT() REPRESENTATION_CONTEXT('2D SPACE',''
  ) );
#9384 = ORIENTED_EDGE('',*,*,#9335,.F.);
#9385 = ORIENTED_EDGE('',*,*,#671,.T.);
#9386 = ADVANCED_FACE('',(#9387),#719,.F.);
#9387 = FACE_BOUND('',#9388,.F.);
#9388 = EDGE_LOOP('',(#9389,#9410,#9411,#9432));
#9389 = ORIENTED_EDGE('',*,*,#9390,.F.);
#9390 = EDGE_CURVE('',#703,#5383,#9391,.T.);
#9391 = SURFACE_CURVE('',#9392,(#9396,#9403),.PCURVE_S1.);
#9392 = LINE('',#9393,#9394);
#9393 = CARTESIAN_POINT('',(-201.35,89.99,23.));
#9394 = VECTOR('',#9395,1.);
#9395 = DIRECTION('',(-0.,1.,0.));
#9396 = PCURVE('',#719,#9397);
#9397 = DEFINITIONAL_REPRESENTATION('',(#9398),#9402);
#9398 = LINE('',#9399,#9400);
#9399 = CARTESIAN_POINT('',(0.,0.));
#9400 = VECTOR('',#9401,1.);
#9401 = DIRECTION('',(0.,1.));
#9402 = ( GEOMETRIC_REPRESENTATION_CONTEXT(2) 
PARAMETRIC_REPRESENTATION_CONTEXT() REPRESENTATION_CONTEXT('2D SPACE',''
  ) );
#9403 = PCURVE('',#745,#9404);
#9404 = DEFINITIONAL_REPRESENTATION('',(#9405),#9409);
#9405 = LINE('',#9406,#9407);
#9406 = CARTESIAN_POINT('',(14.,0.));
#9407 = VECTOR('',#9408,1.);
#9408 = DIRECTION('',(0.,-1.));
#9409 = ( GEOMETRIC_REPRESENTATION_CONTEXT(2) 
PARAMETRIC_REPRESENTATION_CONTEXT() REPRESENTATION_CONTEXT('2D SPACE',''
  ) );
#9410 = ORIENTED_EDGE('',*,*,#702,.T.);
#9411 = ORIENTED_EDGE('',*,*,#9412,.T.);
#9412 = EDGE_CURVE('',#705,#5385,#9413,.T.);
#9413 = SURFACE_CURVE('',#9414,(#9418,#9425),.PCURVE_S1.);
#9414 = LINE('',#9415,#9416);
#9415 = CARTESIAN_POINT('',(-198.35,89.99,23.));
#9416 = VECTOR('',#9417,1.);
#9417 = DIRECTION('',(-0.,1.,0.));
#9418 = PCURVE('',#719,#9419);
#9419 = DEFINITIONAL_REPRESENTATION('',(#9420),#9424);
#9420 = LINE('',#9421,#9422);
#9421 = CARTESIAN_POINT('',(3.,0.));
#9422 = VECTOR('',#9423,1.);
#9423 = DIRECTION('',(0.,1.));
#9424 = ( GEOMETRIC_REPRESENTATION_CONTEXT(2) 
PARAMETRIC_REPRESENTATION_CONTEXT() REPRESENTATION_CONTEXT('2D SPACE',''
  ) );
#9425 = PCURVE('',#795,#9426);
#9426 = DEFINITIONAL_REPRESENTATION('',(#9427),#9431);
#9427 = LINE('',#9428,#9429);
#9428 = CARTESIAN_POINT('',(14.,0.));
#9429 = VECTOR('',#9430,1.);
#9430 = DIRECTION('',(0.,-1.));
#9431 = ( GEOMETRIC_REPRESENTATION_CONTEXT(2) 
PARAMETRIC_REPRESENTATION_CONTEXT() REPRESENTATION_CONTEXT('2D SPACE',''
  ) );
#9432 = ORIENTED_EDGE('',*,*,#5382,.F.);
#9433 = ADVANCED_FACE('',(#9434),#795,.F.);
#9434 = FACE_BOUND('',#9435,.F.);
#9435 = EDGE_LOOP('',(#9436,#9437,#9438,#9459));
#9436 = ORIENTED_EDGE('',*,*,#9412,.F.);
#9437 = ORIENTED_EDGE('',*,*,#782,.T.);
#9438 = ORIENTED_EDGE('',*,*,#9439,.T.);
#9439 = EDGE_CURVE('',#757,#5427,#9440,.T.);
#9440 = SURFACE_CURVE('',#9441,(#9445,#9452),.PCURVE_S1.);
#9441 = LINE('',#9442,#9443);
#9442 = CARTESIAN_POINT('',(-198.35,89.99,9.));
#9443 = VECTOR('',#9444,1.);
#9444 = DIRECTION('',(-0.,1.,0.));
#9445 = PCURVE('',#795,#9446);
#9446 = DEFINITIONAL_REPRESENTATION('',(#9447),#9451);
#9447 = LINE('',#9448,#9449);
#9448 = CARTESIAN_POINT('',(0.,0.));
#9449 = VECTOR('',#9450,1.);
#9450 = DIRECTION('',(0.,-1.));
#9451 = ( GEOMETRIC_REPRESENTATION_CONTEXT(2) 
PARAMETRIC_REPRESENTATION_CONTEXT() REPRESENTATION_CONTEXT('2D SPACE',''
  ) );
#9452 = PCURVE('',#771,#9453);
#9453 = DEFINITIONAL_REPRESENTATION('',(#9454),#9458);
#9454 = LINE('',#9455,#9456);
#9455 = CARTESIAN_POINT('',(3.,0.));
#9456 = VECTOR('',#9457,1.);
#9457 = DIRECTION('',(0.,1.));
#9458 = ( GEOMETRIC_REPRESENTATION_CONTEXT(2) 
PARAMETRIC_REPRESENTATION_CONTEXT() REPRESENTATION_CONTEXT('2D SPACE',''
  ) );
#9459 = ORIENTED_EDGE('',*,*,#5447,.F.);
#9460 = ADVANCED_FACE('',(#9461),#771,.T.);
#9461 = FACE_BOUND('',#9462,.T.);
#9462 = EDGE_LOOP('',(#9463,#9484,#9485,#9486));
#9463 = ORIENTED_EDGE('',*,*,#9464,.F.);
#9464 = EDGE_CURVE('',#731,#5406,#9465,.T.);
#9465 = SURFACE_CURVE('',#9466,(#9470,#9477),.PCURVE_S1.);
#9466 = LINE('',#9467,#9468);
#9467 = CARTESIAN_POINT('',(-201.35,89.99,9.));
#9468 = VECTOR('',#9469,1.);
#9469 = DIRECTION('',(-0.,1.,0.));
#9470 = PCURVE('',#771,#9471);
#9471 = DEFINITIONAL_REPRESENTATION('',(#9472),#9476);
#9472 = LINE('',#9473,#9474);
#9473 = CARTESIAN_POINT('',(0.,0.));
#9474 = VECTOR('',#9475,1.);
#9475 = DIRECTION('',(0.,1.));
#9476 = ( GEOMETRIC_REPRESENTATION_CONTEXT(2) 
PARAMETRIC_REPRESENTATION_CONTEXT() REPRESENTATION_CONTEXT('2D SPACE',''
  ) );
#9477 = PCURVE('',#745,#9478);
#9478 = DEFINITIONAL_REPRESENTATION('',(#9479),#9483);
#9479 = LINE('',#9480,#9481);
#9480 = CARTESIAN_POINT('',(0.,0.));
#9481 = VECTOR('',#9482,1.);
#9482 = DIRECTION('',(0.,-1.));
#9483 = ( GEOMETRIC_REPRESENTATION_CONTEXT(2) 
PARAMETRIC_REPRESENTATION_CONTEXT() REPRESENTATION_CONTEXT('2D SPACE',''
  ) );
#9484 = ORIENTED_EDGE('',*,*,#756,.T.);
#9485 = ORIENTED_EDGE('',*,*,#9439,.T.);
#9486 = ORIENTED_EDGE('',*,*,#5426,.F.);
#9487 = ADVANCED_FACE('',(#9488),#745,.T.);
#9488 = FACE_BOUND('',#9489,.T.);
#9489 = EDGE_LOOP('',(#9490,#9491,#9492,#9493));
#9490 = ORIENTED_EDGE('',*,*,#9390,.F.);
#9491 = ORIENTED_EDGE('',*,*,#730,.T.);
#9492 = ORIENTED_EDGE('',*,*,#9464,.T.);
#9493 = ORIENTED_EDGE('',*,*,#5405,.F.);
#9494 = ADVANCED_FACE('',(#9495),#825,.F.);
#9495 = FACE_BOUND('',#9496,.F.);
#9496 = EDGE_LOOP('',(#9497,#9518,#9519,#9540));
#9497 = ORIENTED_EDGE('',*,*,#9498,.F.);
#9498 = EDGE_CURVE('',#809,#5469,#9499,.T.);
#9499 = SURFACE_CURVE('',#9500,(#9504,#9511),.PCURVE_S1.);
#9500 = LINE('',#9501,#9502);
#9501 = CARTESIAN_POINT('',(-195.35,89.99,23.));
#9502 = VECTOR('',#9503,1.);
#9503 = DIRECTION('',(-0.,1.,0.));
#9504 = PCURVE('',#825,#9505);
#9505 = DEFINITIONAL_REPRESENTATION('',(#9506),#9510);
#9506 = LINE('',#9507,#9508);
#9507 = CARTESIAN_POINT('',(0.,0.));
#9508 = VECTOR('',#9509,1.);
#9509 = DIRECTION('',(0.,1.));
#9510 = ( GEOMETRIC_REPRESENTATION_CONTEXT(2) 
PARAMETRIC_REPRESENTATION_CONTEXT() REPRESENTATION_CONTEXT('2D SPACE',''
  ) );
#9511 = PCURVE('',#851,#9512);
#9512 = DEFINITIONAL_REPRESENTATION('',(#9513),#9517);
#9513 = LINE('',#9514,#9515);
#9514 = CARTESIAN_POINT('',(14.,0.));
#9515 = VECTOR('',#9516,1.);
#9516 = DIRECTION('',(0.,-1.));
#9517 = ( GEOMETRIC_REPRESENTATION_CONTEXT(2) 
PARAMETRIC_REPRESENTATION_CONTEXT() REPRESENTATION_CONTEXT('2D SPACE',''
  ) );
#9518 = ORIENTED_EDGE('',*,*,#808,.T.);
#9519 = ORIENTED_EDGE('',*,*,#9520,.T.);
#9520 = EDGE_CURVE('',#811,#5471,#9521,.T.);
#9521 = SURFACE_CURVE('',#9522,(#9526,#9533),.PCURVE_S1.);
#9522 = LINE('',#9523,#9524);
#9523 = CARTESIAN_POINT('',(-192.35,89.99,23.));
#9524 = VECTOR('',#9525,1.);
#9525 = DIRECTION('',(-0.,1.,0.));
#9526 = PCURVE('',#825,#9527);
#9527 = DEFINITIONAL_REPRESENTATION('',(#9528),#9532);
#9528 = LINE('',#9529,#9530);
#9529 = CARTESIAN_POINT('',(3.,0.));
#9530 = VECTOR('',#9531,1.);
#9531 = DIRECTION('',(0.,1.));
#9532 = ( GEOMETRIC_REPRESENTATION_CONTEXT(2) 
PARAMETRIC_REPRESENTATION_CONTEXT() REPRESENTATION_CONTEXT('2D SPACE',''
  ) );
#9533 = PCURVE('',#901,#9534);
#9534 = DEFINITIONAL_REPRESENTATION('',(#9535),#9539);
#9535 = LINE('',#9536,#9537);
#9536 = CARTESIAN_POINT('',(14.,0.));
#9537 = VECTOR('',#9538,1.);
#9538 = DIRECTION('',(0.,-1.));
#9539 = ( GEOMETRIC_REPRESENTATION_CONTEXT(2) 
PARAMETRIC_REPRESENTATION_CONTEXT() REPRESENTATION_CONTEXT('2D SPACE',''
  ) );
#9540 = ORIENTED_EDGE('',*,*,#5468,.F.);
#9541 = ADVANCED_FACE('',(#9542),#901,.F.);
#9542 = FACE_BOUND('',#9543,.F.);
#9543 = EDGE_LOOP('',(#9544,#9545,#9546,#9567));
#9544 = ORIENTED_EDGE('',*,*,#9520,.F.);
#9545 = ORIENTED_EDGE('',*,*,#888,.T.);
#9546 = ORIENTED_EDGE('',*,*,#9547,.T.);
#9547 = EDGE_CURVE('',#863,#5513,#9548,.T.);
#9548 = SURFACE_CURVE('',#9549,(#9553,#9560),.PCURVE_S1.);
#9549 = LINE('',#9550,#9551);
#9550 = CARTESIAN_POINT('',(-192.35,89.99,9.));
#9551 = VECTOR('',#9552,1.);
#9552 = DIRECTION('',(-0.,1.,0.));
#9553 = PCURVE('',#901,#9554);
#9554 = DEFINITIONAL_REPRESENTATION('',(#9555),#9559);
#9555 = LINE('',#9556,#9557);
#9556 = CARTESIAN_POINT('',(0.,0.));
#9557 = VECTOR('',#9558,1.);
#9558 = DIRECTION('',(0.,-1.));
#9559 = ( GEOMETRIC_REPRESENTATION_CONTEXT(2) 
PARAMETRIC_REPRESENTATION_CONTEXT() REPRESENTATION_CONTEXT('2D SPACE',''
  ) );
#9560 = PCURVE('',#877,#9561);
#9561 = DEFINITIONAL_REPRESENTATION('',(#9562),#9566);
#9562 = LINE('',#9563,#9564);
#9563 = CARTESIAN_POINT('',(3.,0.));
#9564 = VECTOR('',#9565,1.);
#9565 = DIRECTION('',(0.,1.));
#9566 = ( GEOMETRIC_REPRESENTATION_CONTEXT(2) 
PARAMETRIC_REPRESENTATION_CONTEXT() REPRESENTATION_CONTEXT('2D SPACE',''
  ) );
#9567 = ORIENTED_EDGE('',*,*,#5533,.F.);
#9568 = ADVANCED_FACE('',(#9569),#877,.T.);
#9569 = FACE_BOUND('',#9570,.T.);
#9570 = EDGE_LOOP('',(#9571,#9592,#9593,#9594));
#9571 = ORIENTED_EDGE('',*,*,#9572,.F.);
#9572 = EDGE_CURVE('',#837,#5492,#9573,.T.);
#9573 = SURFACE_CURVE('',#9574,(#9578,#9585),.PCURVE_S1.);
#9574 = LINE('',#9575,#9576);
#9575 = CARTESIAN_POINT('',(-195.35,89.99,9.));
#9576 = VECTOR('',#9577,1.);
#9577 = DIRECTION('',(-0.,1.,0.));
#9578 = PCURVE('',#877,#9579);
#9579 = DEFINITIONAL_REPRESENTATION('',(#9580),#9584);
#9580 = LINE('',#9581,#9582);
#9581 = CARTESIAN_POINT('',(0.,0.));
#9582 = VECTOR('',#9583,1.);
#9583 = DIRECTION('',(0.,1.));
#9584 = ( GEOMETRIC_REPRESENTATION_CONTEXT(2) 
PARAMETRIC_REPRESENTATION_CONTEXT() REPRESENTATION_CONTEXT('2D SPACE',''
  ) );
#9585 = PCURVE('',#851,#9586);
#9586 = DEFINITIONAL_REPRESENTATION('',(#9587),#9591);
#9587 = LINE('',#9588,#9589);
#9588 = CARTESIAN_POINT('',(0.,0.));
#9589 = VECTOR('',#9590,1.);
#9590 = DIRECTION('',(0.,-1.));
#9591 = ( GEOMETRIC_REPRESENTATION_CONTEXT(2) 
PARAMETRIC_REPRESENTATION_CONTEXT() REPRESENTATION_CONTEXT('2D SPACE',''
  ) );
#9592 = ORIENTED_EDGE('',*,*,#862,.T.);
#9593 = ORIENTED_EDGE('',*,*,#9547,.T.);
#9594 = ORIENTED_EDGE('',*,*,#5512,.F.);
#9595 = ADVANCED_FACE('',(#9596),#851,.T.);
#9596 = FACE_BOUND('',#9597,.T.);
#9597 = EDGE_LOOP('',(#9598,#9599,#9600,#9601));
#9598 = ORIENTED_EDGE('',*,*,#9498,.F.);
#9599 = ORIENTED_EDGE('',*,*,#836,.T.);
#9600 = ORIENTED_EDGE('',*,*,#9572,.T.);
#9601 = ORIENTED_EDGE('',*,*,#5491,.F.);
#9602 = ADVANCED_FACE('',(#9603),#931,.F.);
#9603 = FACE_BOUND('',#9604,.F.);
#9604 = EDGE_LOOP('',(#9605,#9626,#9627,#9648));
#9605 = ORIENTED_EDGE('',*,*,#9606,.F.);
#9606 = EDGE_CURVE('',#915,#5555,#9607,.T.);
#9607 = SURFACE_CURVE('',#9608,(#9612,#9619),.PCURVE_S1.);
#9608 = LINE('',#9609,#9610);
#9609 = CARTESIAN_POINT('',(-189.35,89.99,23.));
#9610 = VECTOR('',#9611,1.);
#9611 = DIRECTION('',(-0.,1.,0.));
#9612 = PCURVE('',#931,#9613);
#9613 = DEFINITIONAL_REPRESENTATION('',(#9614),#9618);
#9614 = LINE('',#9615,#9616);
#9615 = CARTESIAN_POINT('',(0.,0.));
#9616 = VECTOR('',#9617,1.);
#9617 = DIRECTION('',(0.,1.));
#9618 = ( GEOMETRIC_REPRESENTATION_CONTEXT(2) 
PARAMETRIC_REPRESENTATION_CONTEXT() REPRESENTATION_CONTEXT('2D SPACE',''
  ) );
#9619 = PCURVE('',#957,#9620);
#9620 = DEFINITIONAL_REPRESENTATION('',(#9621),#9625);
#9621 = LINE('',#9622,#9623);
#9622 = CARTESIAN_POINT('',(14.,0.));
#9623 = VECTOR('',#9624,1.);
#9624 = DIRECTION('',(0.,-1.));
#9625 = ( GEOMETRIC_REPRESENTATION_CONTEXT(2) 
PARAMETRIC_REPRESENTATION_CONTEXT() REPRESENTATION_CONTEXT('2D SPACE',''
  ) );
#9626 = ORIENTED_EDGE('',*,*,#914,.T.);
#9627 = ORIENTED_EDGE('',*,*,#9628,.T.);
#9628 = EDGE_CURVE('',#917,#5557,#9629,.T.);
#9629 = SURFACE_CURVE('',#9630,(#9634,#9641),.PCURVE_S1.);
#9630 = LINE('',#9631,#9632);
#9631 = CARTESIAN_POINT('',(-186.35,89.99,23.));
#9632 = VECTOR('',#9633,1.);
#9633 = DIRECTION('',(-0.,1.,0.));
#9634 = PCURVE('',#931,#9635);
#9635 = DEFINITIONAL_REPRESENTATION('',(#9636),#9640);
#9636 = LINE('',#9637,#9638);
#9637 = CARTESIAN_POINT('',(3.,0.));
#9638 = VECTOR('',#9639,1.);
#9639 = DIRECTION('',(0.,1.));
#9640 = ( GEOMETRIC_REPRESENTATION_CONTEXT(2) 
PARAMETRIC_REPRESENTATION_CONTEXT() REPRESENTATION_CONTEXT('2D SPACE',''
  ) );
#9641 = PCURVE('',#1007,#9642);
#9642 = DEFINITIONAL_REPRESENTATION('',(#9643),#9647);
#9643 = LINE('',#9644,#9645);
#9644 = CARTESIAN_POINT('',(14.,0.));
#9645 = VECTOR('',#9646,1.);
#9646 = DIRECTION('',(0.,-1.));
#9647 = ( GEOMETRIC_REPRESENTATION_CONTEXT(2) 
PARAMETRIC_REPRESENTATION_CONTEXT() REPRESENTATION_CONTEXT('2D SPACE',''
  ) );
#9648 = ORIENTED_EDGE('',*,*,#5554,.F.);
#9649 = ADVANCED_FACE('',(#9650),#1007,.F.);
#9650 = FACE_BOUND('',#9651,.F.);
#9651 = EDGE_LOOP('',(#9652,#9653,#9654,#9675));
#9652 = ORIENTED_EDGE('',*,*,#9628,.F.);
#9653 = ORIENTED_EDGE('',*,*,#994,.T.);
#9654 = ORIENTED_EDGE('',*,*,#9655,.T.);
#9655 = EDGE_CURVE('',#969,#5599,#9656,.T.);
#9656 = SURFACE_CURVE('',#9657,(#9661,#9668),.PCURVE_S1.);
#9657 = LINE('',#9658,#9659);
#9658 = CARTESIAN_POINT('',(-186.35,89.99,9.));
#9659 = VECTOR('',#9660,1.);
#9660 = DIRECTION('',(-0.,1.,0.));
#9661 = PCURVE('',#1007,#9662);
#9662 = DEFINITIONAL_REPRESENTATION('',(#9663),#9667);
#9663 = LINE('',#9664,#9665);
#9664 = CARTESIAN_POINT('',(0.,0.));
#9665 = VECTOR('',#9666,1.);
#9666 = DIRECTION('',(0.,-1.));
#9667 = ( GEOMETRIC_REPRESENTATION_CONTEXT(2) 
PARAMETRIC_REPRESENTATION_CONTEXT() REPRESENTATION_CONTEXT('2D SPACE',''
  ) );
#9668 = PCURVE('',#983,#9669);
#9669 = DEFINITIONAL_REPRESENTATION('',(#9670),#9674);
#9670 = LINE('',#9671,#9672);
#9671 = CARTESIAN_POINT('',(3.,0.));
#9672 = VECTOR('',#9673,1.);
#9673 = DIRECTION('',(0.,1.));
#9674 = ( GEOMETRIC_REPRESENTATION_CONTEXT(2) 
PARAMETRIC_REPRESENTATION_CONTEXT() REPRESENTATION_CONTEXT('2D SPACE',''
  ) );
#9675 = ORIENTED_EDGE('',*,*,#5619,.F.);
#9676 = ADVANCED_FACE('',(#9677),#983,.T.);
#9677 = FACE_BOUND('',#9678,.T.);
#9678 = EDGE_LOOP('',(#9679,#9700,#9701,#9702));
#9679 = ORIENTED_EDGE('',*,*,#9680,.F.);
#9680 = EDGE_CURVE('',#943,#5578,#9681,.T.);
#9681 = SURFACE_CURVE('',#9682,(#9686,#9693),.PCURVE_S1.);
#9682 = LINE('',#9683,#9684);
#9683 = CARTESIAN_POINT('',(-189.35,89.99,9.));
#9684 = VECTOR('',#9685,1.);
#9685 = DIRECTION('',(-0.,1.,0.));
#9686 = PCURVE('',#983,#9687);
#9687 = DEFINITIONAL_REPRESENTATION('',(#9688),#9692);
#9688 = LINE('',#9689,#9690);
#9689 = CARTESIAN_POINT('',(0.,0.));
#9690 = VECTOR('',#9691,1.);
#9691 = DIRECTION('',(0.,1.));
#9692 = ( GEOMETRIC_REPRESENTATION_CONTEXT(2) 
PARAMETRIC_REPRESENTATION_CONTEXT() REPRESENTATION_CONTEXT('2D SPACE',''
  ) );
#9693 = PCURVE('',#957,#9694);
#9694 = DEFINITIONAL_REPRESENTATION('',(#9695),#9699);
#9695 = LINE('',#9696,#9697);
#9696 = CARTESIAN_POINT('',(0.,0.));
#9697 = VECTOR('',#9698,1.);
#9698 = DIRECTION('',(0.,-1.));
#9699 = ( GEOMETRIC_REPRESENTATION_CONTEXT(2) 
PARAMETRIC_REPRESENTATION_CONTEXT() REPRESENTATION_CONTEXT('2D SPACE',''
  ) );
#9700 = ORIENTED_EDGE('',*,*,#968,.T.);
#9701 = ORIENTED_EDGE('',*,*,#9655,.T.);
#9702 = ORIENTED_EDGE('',*,*,#5598,.F.);
#9703 = ADVANCED_FACE('',(#9704),#957,.T.);
#9704 = FACE_BOUND('',#9705,.T.);
#9705 = EDGE_LOOP('',(#9706,#9707,#9708,#9709));
#9706 = ORIENTED_EDGE('',*,*,#9606,.F.);
#9707 = ORIENTED_EDGE('',*,*,#942,.T.);
#9708 = ORIENTED_EDGE('',*,*,#9680,.T.);
#9709 = ORIENTED_EDGE('',*,*,#5577,.F.);
#9710 = ADVANCED_FACE('',(#9711),#1037,.F.);
#9711 = FACE_BOUND('',#9712,.F.);
#9712 = EDGE_LOOP('',(#9713,#9734,#9735,#9756));
#9713 = ORIENTED_EDGE('',*,*,#9714,.F.);
#9714 = EDGE_CURVE('',#1021,#5641,#9715,.T.);
#9715 = SURFACE_CURVE('',#9716,(#9720,#9727),.PCURVE_S1.);
#9716 = LINE('',#9717,#9718);
#9717 = CARTESIAN_POINT('',(-183.35,89.99,23.));
#9718 = VECTOR('',#9719,1.);
#9719 = DIRECTION('',(-0.,1.,0.));
#9720 = PCURVE('',#1037,#9721);
#9721 = DEFINITIONAL_REPRESENTATION('',(#9722),#9726);
#9722 = LINE('',#9723,#9724);
#9723 = CARTESIAN_POINT('',(0.,0.));
#9724 = VECTOR('',#9725,1.);
#9725 = DIRECTION('',(0.,1.));
#9726 = ( GEOMETRIC_REPRESENTATION_CONTEXT(2) 
PARAMETRIC_REPRESENTATION_CONTEXT() REPRESENTATION_CONTEXT('2D SPACE',''
  ) );
#9727 = PCURVE('',#1063,#9728);
#9728 = DEFINITIONAL_REPRESENTATION('',(#9729),#9733);
#9729 = LINE('',#9730,#9731);
#9730 = CARTESIAN_POINT('',(14.,0.));
#9731 = VECTOR('',#9732,1.);
#9732 = DIRECTION('',(0.,-1.));
#9733 = ( GEOMETRIC_REPRESENTATION_CONTEXT(2) 
PARAMETRIC_REPRESENTATION_CONTEXT() REPRESENTATION_CONTEXT('2D SPACE',''
  ) );
#9734 = ORIENTED_EDGE('',*,*,#1020,.T.);
#9735 = ORIENTED_EDGE('',*,*,#9736,.T.);
#9736 = EDGE_CURVE('',#1023,#5643,#9737,.T.);
#9737 = SURFACE_CURVE('',#9738,(#9742,#9749),.PCURVE_S1.);
#9738 = LINE('',#9739,#9740);
#9739 = CARTESIAN_POINT('',(-180.35,89.99,23.));
#9740 = VECTOR('',#9741,1.);
#9741 = DIRECTION('',(-0.,1.,0.));
#9742 = PCURVE('',#1037,#9743);
#9743 = DEFINITIONAL_REPRESENTATION('',(#9744),#9748);
#9744 = LINE('',#9745,#9746);
#9745 = CARTESIAN_POINT('',(3.,0.));
#9746 = VECTOR('',#9747,1.);
#9747 = DIRECTION('',(0.,1.));
#9748 = ( GEOMETRIC_REPRESENTATION_CONTEXT(2) 
PARAMETRIC_REPRESENTATION_CONTEXT() REPRESENTATION_CONTEXT('2D SPACE',''
  ) );
#9749 = PCURVE('',#1113,#9750);
#9750 = DEFINITIONAL_REPRESENTATION('',(#9751),#9755);
#9751 = LINE('',#9752,#9753);
#9752 = CARTESIAN_POINT('',(14.,0.));
#9753 = VECTOR('',#9754,1.);
#9754 = DIRECTION('',(0.,-1.));
#9755 = ( GEOMETRIC_REPRESENTATION_CONTEXT(2) 
PARAMETRIC_REPRESENTATION_CONTEXT() REPRESENTATION_CONTEXT('2D SPACE',''
  ) );
#9756 = ORIENTED_EDGE('',*,*,#5640,.F.);
#9757 = ADVANCED_FACE('',(#9758),#1113,.F.);
#9758 = FACE_BOUND('',#9759,.F.);
#9759 = EDGE_LOOP('',(#9760,#9761,#9762,#9783));
#9760 = ORIENTED_EDGE('',*,*,#9736,.F.);
#9761 = ORIENTED_EDGE('',*,*,#1100,.T.);
#9762 = ORIENTED_EDGE('',*,*,#9763,.T.);
#9763 = EDGE_CURVE('',#1075,#5685,#9764,.T.);
#9764 = SURFACE_CURVE('',#9765,(#9769,#9776),.PCURVE_S1.);
#9765 = LINE('',#9766,#9767);
#9766 = CARTESIAN_POINT('',(-180.35,89.99,9.));
#9767 = VECTOR('',#9768,1.);
#9768 = DIRECTION('',(-0.,1.,0.));
#9769 = PCURVE('',#1113,#9770);
#9770 = DEFINITIONAL_REPRESENTATION('',(#9771),#9775);
#9771 = LINE('',#9772,#9773);
#9772 = CARTESIAN_POINT('',(0.,0.));
#9773 = VECTOR('',#9774,1.);
#9774 = DIRECTION('',(0.,-1.));
#9775 = ( GEOMETRIC_REPRESENTATION_CONTEXT(2) 
PARAMETRIC_REPRESENTATION_CONTEXT() REPRESENTATION_CONTEXT('2D SPACE',''
  ) );
#9776 = PCURVE('',#1089,#9777);
#9777 = DEFINITIONAL_REPRESENTATION('',(#9778),#9782);
#9778 = LINE('',#9779,#9780);
#9779 = CARTESIAN_POINT('',(3.,0.));
#9780 = VECTOR('',#9781,1.);
#9781 = DIRECTION('',(0.,1.));
#9782 = ( GEOMETRIC_REPRESENTATION_CONTEXT(2) 
PARAMETRIC_REPRESENTATION_CONTEXT() REPRESENTATION_CONTEXT('2D SPACE',''
  ) );
#9783 = ORIENTED_EDGE('',*,*,#5705,.F.);
#9784 = ADVANCED_FACE('',(#9785),#1089,.T.);
#9785 = FACE_BOUND('',#9786,.T.);
#9786 = EDGE_LOOP('',(#9787,#9808,#9809,#9810));
#9787 = ORIENTED_EDGE('',*,*,#9788,.F.);
#9788 = EDGE_CURVE('',#1049,#5664,#9789,.T.);
#9789 = SURFACE_CURVE('',#9790,(#9794,#9801),.PCURVE_S1.);
#9790 = LINE('',#9791,#9792);
#9791 = CARTESIAN_POINT('',(-183.35,89.99,9.));
#9792 = VECTOR('',#9793,1.);
#9793 = DIRECTION('',(-0.,1.,0.));
#9794 = PCURVE('',#1089,#9795);
#9795 = DEFINITIONAL_REPRESENTATION('',(#9796),#9800);
#9796 = LINE('',#9797,#9798);
#9797 = CARTESIAN_POINT('',(0.,0.));
#9798 = VECTOR('',#9799,1.);
#9799 = DIRECTION('',(0.,1.));
#9800 = ( GEOMETRIC_REPRESENTATION_CONTEXT(2) 
PARAMETRIC_REPRESENTATION_CONTEXT() REPRESENTATION_CONTEXT('2D SPACE',''
  ) );
#9801 = PCURVE('',#1063,#9802);
#9802 = DEFINITIONAL_REPRESENTATION('',(#9803),#9807);
#9803 = LINE('',#9804,#9805);
#9804 = CARTESIAN_POINT('',(0.,0.));
#9805 = VECTOR('',#9806,1.);
#9806 = DIRECTION('',(0.,-1.));
#9807 = ( GEOMETRIC_REPRESENTATION_CONTEXT(2) 
PARAMETRIC_REPRESENTATION_CONTEXT() REPRESENTATION_CONTEXT('2D SPACE',''
  ) );
#9808 = ORIENTED_EDGE('',*,*,#1074,.T.);
#9809 = ORIENTED_EDGE('',*,*,#9763,.T.);
#9810 = ORIENTED_EDGE('',*,*,#5684,.F.);
#9811 = ADVANCED_FACE('',(#9812),#1063,.T.);
#9812 = FACE_BOUND('',#9813,.T.);
#9813 = EDGE_LOOP('',(#9814,#9815,#9816,#9817));
#9814 = ORIENTED_EDGE('',*,*,#9714,.F.);
#9815 = ORIENTED_EDGE('',*,*,#1048,.T.);
#9816 = ORIENTED_EDGE('',*,*,#9788,.T.);
#9817 = ORIENTED_EDGE('',*,*,#5663,.F.);
#9818 = ADVANCED_FACE('',(#9819),#1143,.F.);
#9819 = FACE_BOUND('',#9820,.F.);
#9820 = EDGE_LOOP('',(#9821,#9842,#9843,#9864));
#9821 = ORIENTED_EDGE('',*,*,#9822,.F.);
#9822 = EDGE_CURVE('',#1127,#5727,#9823,.T.);
#9823 = SURFACE_CURVE('',#9824,(#9828,#9835),.PCURVE_S1.);
#9824 = LINE('',#9825,#9826);
#9825 = CARTESIAN_POINT('',(-177.35,89.99,23.));
#9826 = VECTOR('',#9827,1.);
#9827 = DIRECTION('',(-0.,1.,0.));
#9828 = PCURVE('',#1143,#9829);
#9829 = DEFINITIONAL_REPRESENTATION('',(#9830),#9834);
#9830 = LINE('',#9831,#9832);
#9831 = CARTESIAN_POINT('',(0.,0.));
#9832 = VECTOR('',#9833,1.);
#9833 = DIRECTION('',(0.,1.));
#9834 = ( GEOMETRIC_REPRESENTATION_CONTEXT(2) 
PARAMETRIC_REPRESENTATION_CONTEXT() REPRESENTATION_CONTEXT('2D SPACE',''
  ) );
#9835 = PCURVE('',#1169,#9836);
#9836 = DEFINITIONAL_REPRESENTATION('',(#9837),#9841);
#9837 = LINE('',#9838,#9839);
#9838 = CARTESIAN_POINT('',(14.,0.));
#9839 = VECTOR('',#9840,1.);
#9840 = DIRECTION('',(0.,-1.));
#9841 = ( GEOMETRIC_REPRESENTATION_CONTEXT(2) 
PARAMETRIC_REPRESENTATION_CONTEXT() REPRESENTATION_CONTEXT('2D SPACE',''
  ) );
#9842 = ORIENTED_EDGE('',*,*,#1126,.T.);
#9843 = ORIENTED_EDGE('',*,*,#9844,.T.);
#9844 = EDGE_CURVE('',#1129,#5729,#9845,.T.);
#9845 = SURFACE_CURVE('',#9846,(#9850,#9857),.PCURVE_S1.);
#9846 = LINE('',#9847,#9848);
#9847 = CARTESIAN_POINT('',(-174.35,89.99,23.));
#9848 = VECTOR('',#9849,1.);
#9849 = DIRECTION('',(-0.,1.,0.));
#9850 = PCURVE('',#1143,#9851);
#9851 = DEFINITIONAL_REPRESENTATION('',(#9852),#9856);
#9852 = LINE('',#9853,#9854);
#9853 = CARTESIAN_POINT('',(3.,0.));
#9854 = VECTOR('',#9855,1.);
#9855 = DIRECTION('',(0.,1.));
#9856 = ( GEOMETRIC_REPRESENTATION_CONTEXT(2) 
PARAMETRIC_REPRESENTATION_CONTEXT() REPRESENTATION_CONTEXT('2D SPACE',''
  ) );
#9857 = PCURVE('',#1219,#9858);
#9858 = DEFINITIONAL_REPRESENTATION('',(#9859),#9863);
#9859 = LINE('',#9860,#9861);
#9860 = CARTESIAN_POINT('',(14.,0.));
#9861 = VECTOR('',#9862,1.);
#9862 = DIRECTION('',(0.,-1.));
#9863 = ( GEOMETRIC_REPRESENTATION_CONTEXT(2) 
PARAMETRIC_REPRESENTATION_CONTEXT() REPRESENTATION_CONTEXT('2D SPACE',''
  ) );
#9864 = ORIENTED_EDGE('',*,*,#5726,.F.);
#9865 = ADVANCED_FACE('',(#9866),#1219,.F.);
#9866 = FACE_BOUND('',#9867,.F.);
#9867 = EDGE_LOOP('',(#9868,#9869,#9870,#9891));
#9868 = ORIENTED_EDGE('',*,*,#9844,.F.);
#9869 = ORIENTED_EDGE('',*,*,#1206,.T.);
#9870 = ORIENTED_EDGE('',*,*,#9871,.T.);
#9871 = EDGE_CURVE('',#1181,#5771,#9872,.T.);
#9872 = SURFACE_CURVE('',#9873,(#9877,#9884),.PCURVE_S1.);
#9873 = LINE('',#9874,#9875);
#9874 = CARTESIAN_POINT('',(-174.35,89.99,9.));
#9875 = VECTOR('',#9876,1.);
#9876 = DIRECTION('',(-0.,1.,0.));
#9877 = PCURVE('',#1219,#9878);
#9878 = DEFINITIONAL_REPRESENTATION('',(#9879),#9883);
#9879 = LINE('',#9880,#9881);
#9880 = CARTESIAN_POINT('',(0.,0.));
#9881 = VECTOR('',#9882,1.);
#9882 = DIRECTION('',(0.,-1.));
#9883 = ( GEOMETRIC_REPRESENTATION_CONTEXT(2) 
PARAMETRIC_REPRESENTATION_CONTEXT() REPRESENTATION_CONTEXT('2D SPACE',''
  ) );
#9884 = PCURVE('',#1195,#9885);
#9885 = DEFINITIONAL_REPRESENTATION('',(#9886),#9890);
#9886 = LINE('',#9887,#9888);
#9887 = CARTESIAN_POINT('',(3.,0.));
#9888 = VECTOR('',#9889,1.);
#9889 = DIRECTION('',(0.,1.));
#9890 = ( GEOMETRIC_REPRESENTATION_CONTEXT(2) 
PARAMETRIC_REPRESENTATION_CONTEXT() REPRESENTATION_CONTEXT('2D SPACE',''
  ) );
#9891 = ORIENTED_EDGE('',*,*,#5791,.F.);
#9892 = ADVANCED_FACE('',(#9893),#1195,.T.);
#9893 = FACE_BOUND('',#9894,.T.);
#9894 = EDGE_LOOP('',(#9895,#9916,#9917,#9918));
#9895 = ORIENTED_EDGE('',*,*,#9896,.F.);
#9896 = EDGE_CURVE('',#1155,#5750,#9897,.T.);
#9897 = SURFACE_CURVE('',#9898,(#9902,#9909),.PCURVE_S1.);
#9898 = LINE('',#9899,#9900);
#9899 = CARTESIAN_POINT('',(-177.35,89.99,9.));
#9900 = VECTOR('',#9901,1.);
#9901 = DIRECTION('',(-0.,1.,0.));
#9902 = PCURVE('',#1195,#9903);
#9903 = DEFINITIONAL_REPRESENTATION('',(#9904),#9908);
#9904 = LINE('',#9905,#9906);
#9905 = CARTESIAN_POINT('',(0.,0.));
#9906 = VECTOR('',#9907,1.);
#9907 = DIRECTION('',(0.,1.));
#9908 = ( GEOMETRIC_REPRESENTATION_CONTEXT(2) 
PARAMETRIC_REPRESENTATION_CONTEXT() REPRESENTATION_CONTEXT('2D SPACE',''
  ) );
#9909 = PCURVE('',#1169,#9910);
#9910 = DEFINITIONAL_REPRESENTATION('',(#9911),#9915);
#9911 = LINE('',#9912,#9913);
#9912 = CARTESIAN_POINT('',(0.,0.));
#9913 = VECTOR('',#9914,1.);
#9914 = DIRECTION('',(0.,-1.));
#9915 = ( GEOMETRIC_REPRESENTATION_CONTEXT(2) 
PARAMETRIC_REPRESENTATION_CONTEXT() REPRESENTATION_CONTEXT('2D SPACE',''
  ) );
#9916 = ORIENTED_EDGE('',*,*,#1180,.T.);
#9917 = ORIENTED_EDGE('',*,*,#9871,.T.);
#9918 = ORIENTED_EDGE('',*,*,#5770,.F.);
#9919 = ADVANCED_FACE('',(#9920),#1169,.T.);
#9920 = FACE_BOUND('',#9921,.T.);
#9921 = EDGE_LOOP('',(#9922,#9923,#9924,#9925));
#9922 = ORIENTED_EDGE('',*,*,#9822,.F.);
#9923 = ORIENTED_EDGE('',*,*,#1154,.T.);
#9924 = ORIENTED_EDGE('',*,*,#9896,.T.);
#9925 = ORIENTED_EDGE('',*,*,#5749,.F.);
#9926 = ADVANCED_FACE('',(#9927),#1249,.F.);
#9927 = FACE_BOUND('',#9928,.F.);
#9928 = EDGE_LOOP('',(#9929,#9950,#9951,#9972));
#9929 = ORIENTED_EDGE('',*,*,#9930,.F.);
#9930 = EDGE_CURVE('',#1233,#5813,#9931,.T.);
#9931 = SURFACE_CURVE('',#9932,(#9936,#9943),.PCURVE_S1.);
#9932 = LINE('',#9933,#9934);
#9933 = CARTESIAN_POINT('',(-171.35,89.99,23.));
#9934 = VECTOR('',#9935,1.);
#9935 = DIRECTION('',(-0.,1.,0.));
#9936 = PCURVE('',#1249,#9937);
#9937 = DEFINITIONAL_REPRESENTATION('',(#9938),#9942);
#9938 = LINE('',#9939,#9940);
#9939 = CARTESIAN_POINT('',(0.,0.));
#9940 = VECTOR('',#9941,1.);
#9941 = DIRECTION('',(0.,1.));
#9942 = ( GEOMETRIC_REPRESENTATION_CONTEXT(2) 
PARAMETRIC_REPRESENTATION_CONTEXT() REPRESENTATION_CONTEXT('2D SPACE',''
  ) );
#9943 = PCURVE('',#1275,#9944);
#9944 = DEFINITIONAL_REPRESENTATION('',(#9945),#9949);
#9945 = LINE('',#9946,#9947);
#9946 = CARTESIAN_POINT('',(14.,0.));
#9947 = VECTOR('',#9948,1.);
#9948 = DIRECTION('',(0.,-1.));
#9949 = ( GEOMETRIC_REPRESENTATION_CONTEXT(2) 
PARAMETRIC_REPRESENTATION_CONTEXT() REPRESENTATION_CONTEXT('2D SPACE',''
  ) );
#9950 = ORIENTED_EDGE('',*,*,#1232,.T.);
#9951 = ORIENTED_EDGE('',*,*,#9952,.T.);
#9952 = EDGE_CURVE('',#1235,#5815,#9953,.T.);
#9953 = SURFACE_CURVE('',#9954,(#9958,#9965),.PCURVE_S1.);
#9954 = LINE('',#9955,#9956);
#9955 = CARTESIAN_POINT('',(-168.35,89.99,23.));
#9956 = VECTOR('',#9957,1.);
#9957 = DIRECTION('',(-0.,1.,0.));
#9958 = PCURVE('',#1249,#9959);
#9959 = DEFINITIONAL_REPRESENTATION('',(#9960),#9964);
#9960 = LINE('',#9961,#9962);
#9961 = CARTESIAN_POINT('',(3.,0.));
#9962 = VECTOR('',#9963,1.);
#9963 = DIRECTION('',(0.,1.));
#9964 = ( GEOMETRIC_REPRESENTATION_CONTEXT(2) 
PARAMETRIC_REPRESENTATION_CONTEXT() REPRESENTATION_CONTEXT('2D SPACE',''
  ) );
#9965 = PCURVE('',#1325,#9966);
#9966 = DEFINITIONAL_REPRESENTATION('',(#9967),#9971);
#9967 = LINE('',#9968,#9969);
#9968 = CARTESIAN_POINT('',(14.,0.));
#9969 = VECTOR('',#9970,1.);
#9970 = DIRECTION('',(0.,-1.));
#9971 = ( GEOMETRIC_REPRESENTATION_CONTEXT(2) 
PARAMETRIC_REPRESENTATION_CONTEXT() REPRESENTATION_CONTEXT('2D SPACE',''
  ) );
#9972 = ORIENTED_EDGE('',*,*,#5812,.F.);
#9973 = ADVANCED_FACE('',(#9974),#1325,.F.);
#9974 = FACE_BOUND('',#9975,.F.);
#9975 = EDGE_LOOP('',(#9976,#9977,#9978,#9999));
#9976 = ORIENTED_EDGE('',*,*,#9952,.F.);
#9977 = ORIENTED_EDGE('',*,*,#1312,.T.);
#9978 = ORIENTED_EDGE('',*,*,#9979,.T.);
#9979 = EDGE_CURVE('',#1287,#5857,#9980,.T.);
#9980 = SURFACE_CURVE('',#9981,(#9985,#9992),.PCURVE_S1.);
#9981 = LINE('',#9982,#9983);
#9982 = CARTESIAN_POINT('',(-168.35,89.99,9.));
#9983 = VECTOR('',#9984,1.);
#9984 = DIRECTION('',(-0.,1.,0.));
#9985 = PCURVE('',#1325,#9986);
#9986 = DEFINITIONAL_REPRESENTATION('',(#9987),#9991);
#9987 = LINE('',#9988,#9989);
#9988 = CARTESIAN_POINT('',(0.,0.));
#9989 = VECTOR('',#9990,1.);
#9990 = DIRECTION('',(0.,-1.));
#9991 = ( GEOMETRIC_REPRESENTATION_CONTEXT(2) 
PARAMETRIC_REPRESENTATION_CONTEXT() REPRESENTATION_CONTEXT('2D SPACE',''
  ) );
#9992 = PCURVE('',#1301,#9993);
#9993 = DEFINITIONAL_REPRESENTATION('',(#9994),#9998);
#9994 = LINE('',#9995,#9996);
#9995 = CARTESIAN_POINT('',(3.,0.));
#9996 = VECTOR('',#9997,1.);
#9997 = DIRECTION('',(0.,1.));
#9998 = ( GEOMETRIC_REPRESENTATION_CONTEXT(2) 
PARAMETRIC_REPRESENTATION_CONTEXT() REPRESENTATION_CONTEXT('2D SPACE',''
  ) );
#9999 = ORIENTED_EDGE('',*,*,#5877,.F.);
#10000 = ADVANCED_FACE('',(#10001),#1301,.T.);
#10001 = FACE_BOUND('',#10002,.T.);
#10002 = EDGE_LOOP('',(#10003,#10024,#10025,#10026));
#10003 = ORIENTED_EDGE('',*,*,#10004,.F.);
#10004 = EDGE_CURVE('',#1261,#5836,#10005,.T.);
#10005 = SURFACE_CURVE('',#10006,(#10010,#10017),.PCURVE_S1.);
#10006 = LINE('',#10007,#10008);
#10007 = CARTESIAN_POINT('',(-171.35,89.99,9.));
#10008 = VECTOR('',#10009,1.);
#10009 = DIRECTION('',(-0.,1.,0.));
#10010 = PCURVE('',#1301,#10011);
#10011 = DEFINITIONAL_REPRESENTATION('',(#10012),#10016);
#10012 = LINE('',#10013,#10014);
#10013 = CARTESIAN_POINT('',(0.,0.));
#10014 = VECTOR('',#10015,1.);
#10015 = DIRECTION('',(0.,1.));
#10016 = ( GEOMETRIC_REPRESENTATION_CONTEXT(2) 
PARAMETRIC_REPRESENTATION_CONTEXT() REPRESENTATION_CONTEXT('2D SPACE',''
  ) );
#10017 = PCURVE('',#1275,#10018);
#10018 = DEFINITIONAL_REPRESENTATION('',(#10019),#10023);
#10019 = LINE('',#10020,#10021);
#10020 = CARTESIAN_POINT('',(0.,0.));
#10021 = VECTOR('',#10022,1.);
#10022 = DIRECTION('',(0.,-1.));
#10023 = ( GEOMETRIC_REPRESENTATION_CONTEXT(2) 
PARAMETRIC_REPRESENTATION_CONTEXT() REPRESENTATION_CONTEXT('2D SPACE',''
  ) );
#10024 = ORIENTED_EDGE('',*,*,#1286,.T.);
#10025 = ORIENTED_EDGE('',*,*,#9979,.T.);
#10026 = ORIENTED_EDGE('',*,*,#5856,.F.);
#10027 = ADVANCED_FACE('',(#10028),#1275,.T.);
#10028 = FACE_BOUND('',#10029,.T.);
#10029 = EDGE_LOOP('',(#10030,#10031,#10032,#10033));
#10030 = ORIENTED_EDGE('',*,*,#9930,.F.);
#10031 = ORIENTED_EDGE('',*,*,#1260,.T.);
#10032 = ORIENTED_EDGE('',*,*,#10004,.T.);
#10033 = ORIENTED_EDGE('',*,*,#5835,.F.);
#10034 = ADVANCED_FACE('',(#10035),#1355,.F.);
#10035 = FACE_BOUND('',#10036,.F.);
#10036 = EDGE_LOOP('',(#10037,#10060,#10087,#10088));
#10037 = ORIENTED_EDGE('',*,*,#10038,.T.);
#10038 = EDGE_CURVE('',#1339,#10039,#10041,.T.);
#10039 = VERTEX_POINT('',#10040);
#10040 = CARTESIAN_POINT('',(-232.575,91.4,71.05));
#10041 = SEAM_CURVE('',#10042,(#10046,#10053),.PCURVE_S1.);
#10042 = LINE('',#10043,#10044);
#10043 = CARTESIAN_POINT('',(-232.575,89.99,71.05));
#10044 = VECTOR('',#10045,1.);
#10045 = DIRECTION('',(0.,1.,2.22044604925E-16));
#10046 = PCURVE('',#1355,#10047);
#10047 = DEFINITIONAL_REPRESENTATION('',(#10048),#10052);
#10048 = LINE('',#10049,#10050);
#10049 = CARTESIAN_POINT('',(6.28318530718,-0.));
#10050 = VECTOR('',#10051,1.);
#10051 = DIRECTION('',(0.,1.));
#10052 = ( GEOMETRIC_REPRESENTATION_CONTEXT(2) 
PARAMETRIC_REPRESENTATION_CONTEXT() REPRESENTATION_CONTEXT('2D SPACE',''
  ) );
#10053 = PCURVE('',#1355,#10054);
#10054 = DEFINITIONAL_REPRESENTATION('',(#10055),#10059);
#10055 = LINE('',#10056,#10057);
#10056 = CARTESIAN_POINT('',(0.,-0.));
#10057 = VECTOR('',#10058,1.);
#10058 = DIRECTION('',(0.,1.));
#10059 = ( GEOMETRIC_REPRESENTATION_CONTEXT(2) 
PARAMETRIC_REPRESENTATION_CONTEXT() REPRESENTATION_CONTEXT('2D SPACE',''
  ) );
#10060 = ORIENTED_EDGE('',*,*,#10061,.F.);
#10061 = EDGE_CURVE('',#10039,#10039,#10062,.T.);
#10062 = SURFACE_CURVE('',#10063,(#10068,#10075),.PCURVE_S1.);
#10063 = CIRCLE('',#10064,1.775);
#10064 = AXIS2_PLACEMENT_3D('',#10065,#10066,#10067);
#10065 = CARTESIAN_POINT('',(-234.35,91.4,71.05));
#10066 = DIRECTION('',(0.,1.,2.22044604925E-16));
#10067 = DIRECTION('',(1.,0.,-0.));
#10068 = PCURVE('',#1355,#10069);
#10069 = DEFINITIONAL_REPRESENTATION('',(#10070),#10074);
#10070 = LINE('',#10071,#10072);
#10071 = CARTESIAN_POINT('',(0.,1.41));
#10072 = VECTOR('',#10073,1.);
#10073 = DIRECTION('',(1.,0.));
#10074 = ( GEOMETRIC_REPRESENTATION_CONTEXT(2) 
PARAMETRIC_REPRESENTATION_CONTEXT() REPRESENTATION_CONTEXT('2D SPACE',''
  ) );
#10075 = PCURVE('',#10076,#10081);
#10076 = PLANE('',#10077);
#10077 = AXIS2_PLACEMENT_3D('',#10078,#10079,#10080);
#10078 = CARTESIAN_POINT('',(-234.35,91.4,71.05));
#10079 = DIRECTION('',(0.,1.,2.22044604925E-16));
#10080 = DIRECTION('',(1.,0.,-0.));
#10081 = DEFINITIONAL_REPRESENTATION('',(#10082),#10086);
#10082 = CIRCLE('',#10083,1.775);
#10083 = AXIS2_PLACEMENT_2D('',#10084,#10085);
#10084 = CARTESIAN_POINT('',(0.,0.));
#10085 = DIRECTION('',(1.,0.));
#10086 = ( GEOMETRIC_REPRESENTATION_CONTEXT(2) 
PARAMETRIC_REPRESENTATION_CONTEXT() REPRESENTATION_CONTEXT('2D SPACE',''
  ) );
#10087 = ORIENTED_EDGE('',*,*,#10038,.F.);
#10088 = ORIENTED_EDGE('',*,*,#1338,.T.);
#10089 = ADVANCED_FACE('',(#10090),#1386,.F.);
#10090 = FACE_BOUND('',#10091,.F.);
#10091 = EDGE_LOOP('',(#10092,#10113,#10114,#10135));
#10092 = ORIENTED_EDGE('',*,*,#10093,.F.);
#10093 = EDGE_CURVE('',#1370,#5930,#10094,.T.);
#10094 = SURFACE_CURVE('',#10095,(#10099,#10106),.PCURVE_S1.);
#10095 = LINE('',#10096,#10097);
#10096 = CARTESIAN_POINT('',(-225.35,89.99,92.5));
#10097 = VECTOR('',#10098,1.);
#10098 = DIRECTION('',(-0.,1.,0.));
#10099 = PCURVE('',#1386,#10100);
#10100 = DEFINITIONAL_REPRESENTATION('',(#10101),#10105);
#10101 = LINE('',#10102,#10103);
#10102 = CARTESIAN_POINT('',(0.,0.));
#10103 = VECTOR('',#10104,1.);
#10104 = DIRECTION('',(0.,1.));
#10105 = ( GEOMETRIC_REPRESENTATION_CONTEXT(2) 
PARAMETRIC_REPRESENTATION_CONTEXT() REPRESENTATION_CONTEXT('2D SPACE',''
  ) );
#10106 = PCURVE('',#1412,#10107);
#10107 = DEFINITIONAL_REPRESENTATION('',(#10108),#10112);
#10108 = LINE('',#10109,#10110);
#10109 = CARTESIAN_POINT('',(14.,0.));
#10110 = VECTOR('',#10111,1.);
#10111 = DIRECTION('',(0.,-1.));
#10112 = ( GEOMETRIC_REPRESENTATION_CONTEXT(2) 
PARAMETRIC_REPRESENTATION_CONTEXT() REPRESENTATION_CONTEXT('2D SPACE',''
  ) );
#10113 = ORIENTED_EDGE('',*,*,#1369,.T.);
#10114 = ORIENTED_EDGE('',*,*,#10115,.T.);
#10115 = EDGE_CURVE('',#1372,#5932,#10116,.T.);
#10116 = SURFACE_CURVE('',#10117,(#10121,#10128),.PCURVE_S1.);
#10117 = LINE('',#10118,#10119);
#10118 = CARTESIAN_POINT('',(-222.35,89.99,92.5));
#10119 = VECTOR('',#10120,1.);
#10120 = DIRECTION('',(-0.,1.,0.));
#10121 = PCURVE('',#1386,#10122);
#10122 = DEFINITIONAL_REPRESENTATION('',(#10123),#10127);
#10123 = LINE('',#10124,#10125);
#10124 = CARTESIAN_POINT('',(3.,0.));
#10125 = VECTOR('',#10126,1.);
#10126 = DIRECTION('',(0.,1.));
#10127 = ( GEOMETRIC_REPRESENTATION_CONTEXT(2) 
PARAMETRIC_REPRESENTATION_CONTEXT() REPRESENTATION_CONTEXT('2D SPACE',''
  ) );
#10128 = PCURVE('',#1462,#10129);
#10129 = DEFINITIONAL_REPRESENTATION('',(#10130),#10134);
#10130 = LINE('',#10131,#10132);
#10131 = CARTESIAN_POINT('',(14.,0.));
#10132 = VECTOR('',#10133,1.);
#10133 = DIRECTION('',(0.,-1.));
#10134 = ( GEOMETRIC_REPRESENTATION_CONTEXT(2) 
PARAMETRIC_REPRESENTATION_CONTEXT() REPRESENTATION_CONTEXT('2D SPACE',''
  ) );
#10135 = ORIENTED_EDGE('',*,*,#5929,.F.);
#10136 = ADVANCED_FACE('',(#10137),#1462,.F.);
#10137 = FACE_BOUND('',#10138,.F.);
#10138 = EDGE_LOOP('',(#10139,#10140,#10141,#10162));
#10139 = ORIENTED_EDGE('',*,*,#10115,.F.);
#10140 = ORIENTED_EDGE('',*,*,#1449,.T.);
#10141 = ORIENTED_EDGE('',*,*,#10142,.T.);
#10142 = EDGE_CURVE('',#1424,#5974,#10143,.T.);
#10143 = SURFACE_CURVE('',#10144,(#10148,#10155),.PCURVE_S1.);
#10144 = LINE('',#10145,#10146);
#10145 = CARTESIAN_POINT('',(-222.35,89.99,78.5));
#10146 = VECTOR('',#10147,1.);
#10147 = DIRECTION('',(-0.,1.,0.));
#10148 = PCURVE('',#1462,#10149);
#10149 = DEFINITIONAL_REPRESENTATION('',(#10150),#10154);
#10150 = LINE('',#10151,#10152);
#10151 = CARTESIAN_POINT('',(0.,0.));
#10152 = VECTOR('',#10153,1.);
#10153 = DIRECTION('',(0.,-1.));
#10154 = ( GEOMETRIC_REPRESENTATION_CONTEXT(2) 
PARAMETRIC_REPRESENTATION_CONTEXT() REPRESENTATION_CONTEXT('2D SPACE',''
  ) );
#10155 = PCURVE('',#1438,#10156);
#10156 = DEFINITIONAL_REPRESENTATION('',(#10157),#10161);
#10157 = LINE('',#10158,#10159);
#10158 = CARTESIAN_POINT('',(3.,0.));
#10159 = VECTOR('',#10160,1.);
#10160 = DIRECTION('',(0.,1.));
#10161 = ( GEOMETRIC_REPRESENTATION_CONTEXT(2) 
PARAMETRIC_REPRESENTATION_CONTEXT() REPRESENTATION_CONTEXT('2D SPACE',''
  ) );
#10162 = ORIENTED_EDGE('',*,*,#5994,.F.);
#10163 = ADVANCED_FACE('',(#10164),#1438,.T.);
#10164 = FACE_BOUND('',#10165,.T.);
#10165 = EDGE_LOOP('',(#10166,#10187,#10188,#10189));
#10166 = ORIENTED_EDGE('',*,*,#10167,.F.);
#10167 = EDGE_CURVE('',#1398,#5953,#10168,.T.);
#10168 = SURFACE_CURVE('',#10169,(#10173,#10180),.PCURVE_S1.);
#10169 = LINE('',#10170,#10171);
#10170 = CARTESIAN_POINT('',(-225.35,89.99,78.5));
#10171 = VECTOR('',#10172,1.);
#10172 = DIRECTION('',(-0.,1.,0.));
#10173 = PCURVE('',#1438,#10174);
#10174 = DEFINITIONAL_REPRESENTATION('',(#10175),#10179);
#10175 = LINE('',#10176,#10177);
#10176 = CARTESIAN_POINT('',(0.,0.));
#10177 = VECTOR('',#10178,1.);
#10178 = DIRECTION('',(0.,1.));
#10179 = ( GEOMETRIC_REPRESENTATION_CONTEXT(2) 
PARAMETRIC_REPRESENTATION_CONTEXT() REPRESENTATION_CONTEXT('2D SPACE',''
  ) );
#10180 = PCURVE('',#1412,#10181);
#10181 = DEFINITIONAL_REPRESENTATION('',(#10182),#10186);
#10182 = LINE('',#10183,#10184);
#10183 = CARTESIAN_POINT('',(0.,0.));
#10184 = VECTOR('',#10185,1.);
#10185 = DIRECTION('',(0.,-1.));
#10186 = ( GEOMETRIC_REPRESENTATION_CONTEXT(2) 
PARAMETRIC_REPRESENTATION_CONTEXT() REPRESENTATION_CONTEXT('2D SPACE',''
  ) );
#10187 = ORIENTED_EDGE('',*,*,#1423,.T.);
#10188 = ORIENTED_EDGE('',*,*,#10142,.T.);
#10189 = ORIENTED_EDGE('',*,*,#5973,.F.);
#10190 = ADVANCED_FACE('',(#10191),#1412,.T.);
#10191 = FACE_BOUND('',#10192,.T.);
#10192 = EDGE_LOOP('',(#10193,#10194,#10195,#10196));
#10193 = ORIENTED_EDGE('',*,*,#10093,.F.);
#10194 = ORIENTED_EDGE('',*,*,#1397,.T.);
#10195 = ORIENTED_EDGE('',*,*,#10167,.T.);
#10196 = ORIENTED_EDGE('',*,*,#5952,.F.);
#10197 = ADVANCED_FACE('',(#10198),#1492,.F.);
#10198 = FACE_BOUND('',#10199,.F.);
#10199 = EDGE_LOOP('',(#10200,#10221,#10222,#10243));
#10200 = ORIENTED_EDGE('',*,*,#10201,.F.);
#10201 = EDGE_CURVE('',#1476,#6016,#10202,.T.);
#10202 = SURFACE_CURVE('',#10203,(#10207,#10214),.PCURVE_S1.);
#10203 = LINE('',#10204,#10205);
#10204 = CARTESIAN_POINT('',(-219.35,89.99,92.5));
#10205 = VECTOR('',#10206,1.);
#10206 = DIRECTION('',(-0.,1.,0.));
#10207 = PCURVE('',#1492,#10208);
#10208 = DEFINITIONAL_REPRESENTATION('',(#10209),#10213);
#10209 = LINE('',#10210,#10211);
#10210 = CARTESIAN_POINT('',(0.,0.));
#10211 = VECTOR('',#10212,1.);
#10212 = DIRECTION('',(0.,1.));
#10213 = ( GEOMETRIC_REPRESENTATION_CONTEXT(2) 
PARAMETRIC_REPRESENTATION_CONTEXT() REPRESENTATION_CONTEXT('2D SPACE',''
  ) );
#10214 = PCURVE('',#1518,#10215);
#10215 = DEFINITIONAL_REPRESENTATION('',(#10216),#10220);
#10216 = LINE('',#10217,#10218);
#10217 = CARTESIAN_POINT('',(14.,0.));
#10218 = VECTOR('',#10219,1.);
#10219 = DIRECTION('',(0.,-1.));
#10220 = ( GEOMETRIC_REPRESENTATION_CONTEXT(2) 
PARAMETRIC_REPRESENTATION_CONTEXT() REPRESENTATION_CONTEXT('2D SPACE',''
  ) );
#10221 = ORIENTED_EDGE('',*,*,#1475,.T.);
#10222 = ORIENTED_EDGE('',*,*,#10223,.T.);
#10223 = EDGE_CURVE('',#1478,#6018,#10224,.T.);
#10224 = SURFACE_CURVE('',#10225,(#10229,#10236),.PCURVE_S1.);
#10225 = LINE('',#10226,#10227);
#10226 = CARTESIAN_POINT('',(-216.35,89.99,92.5));
#10227 = VECTOR('',#10228,1.);
#10228 = DIRECTION('',(-0.,1.,0.));
#10229 = PCURVE('',#1492,#10230);
#10230 = DEFINITIONAL_REPRESENTATION('',(#10231),#10235);
#10231 = LINE('',#10232,#10233);
#10232 = CARTESIAN_POINT('',(3.,0.));
#10233 = VECTOR('',#10234,1.);
#10234 = DIRECTION('',(0.,1.));
#10235 = ( GEOMETRIC_REPRESENTATION_CONTEXT(2) 
PARAMETRIC_REPRESENTATION_CONTEXT() REPRESENTATION_CONTEXT('2D SPACE',''
  ) );
#10236 = PCURVE('',#1568,#10237);
#10237 = DEFINITIONAL_REPRESENTATION('',(#10238),#10242);
#10238 = LINE('',#10239,#10240);
#10239 = CARTESIAN_POINT('',(14.,0.));
#10240 = VECTOR('',#10241,1.);
#10241 = DIRECTION('',(0.,-1.));
#10242 = ( GEOMETRIC_REPRESENTATION_CONTEXT(2) 
PARAMETRIC_REPRESENTATION_CONTEXT() REPRESENTATION_CONTEXT('2D SPACE',''
  ) );
#10243 = ORIENTED_EDGE('',*,*,#6015,.F.);
#10244 = ADVANCED_FACE('',(#10245),#1568,.F.);
#10245 = FACE_BOUND('',#10246,.F.);
#10246 = EDGE_LOOP('',(#10247,#10248,#10249,#10270));
#10247 = ORIENTED_EDGE('',*,*,#10223,.F.);
#10248 = ORIENTED_EDGE('',*,*,#1555,.T.);
#10249 = ORIENTED_EDGE('',*,*,#10250,.T.);
#10250 = EDGE_CURVE('',#1530,#6060,#10251,.T.);
#10251 = SURFACE_CURVE('',#10252,(#10256,#10263),.PCURVE_S1.);
#10252 = LINE('',#10253,#10254);
#10253 = CARTESIAN_POINT('',(-216.35,89.99,78.5));
#10254 = VECTOR('',#10255,1.);
#10255 = DIRECTION('',(-0.,1.,0.));
#10256 = PCURVE('',#1568,#10257);
#10257 = DEFINITIONAL_REPRESENTATION('',(#10258),#10262);
#10258 = LINE('',#10259,#10260);
#10259 = CARTESIAN_POINT('',(0.,0.));
#10260 = VECTOR('',#10261,1.);
#10261 = DIRECTION('',(0.,-1.));
#10262 = ( GEOMETRIC_REPRESENTATION_CONTEXT(2) 
PARAMETRIC_REPRESENTATION_CONTEXT() REPRESENTATION_CONTEXT('2D SPACE',''
  ) );
#10263 = PCURVE('',#1544,#10264);
#10264 = DEFINITIONAL_REPRESENTATION('',(#10265),#10269);
#10265 = LINE('',#10266,#10267);
#10266 = CARTESIAN_POINT('',(3.,0.));
#10267 = VECTOR('',#10268,1.);
#10268 = DIRECTION('',(0.,1.));
#10269 = ( GEOMETRIC_REPRESENTATION_CONTEXT(2) 
PARAMETRIC_REPRESENTATION_CONTEXT() REPRESENTATION_CONTEXT('2D SPACE',''
  ) );
#10270 = ORIENTED_EDGE('',*,*,#6080,.F.);
#10271 = ADVANCED_FACE('',(#10272),#1544,.T.);
#10272 = FACE_BOUND('',#10273,.T.);
#10273 = EDGE_LOOP('',(#10274,#10295,#10296,#10297));
#10274 = ORIENTED_EDGE('',*,*,#10275,.F.);
#10275 = EDGE_CURVE('',#1504,#6039,#10276,.T.);
#10276 = SURFACE_CURVE('',#10277,(#10281,#10288),.PCURVE_S1.);
#10277 = LINE('',#10278,#10279);
#10278 = CARTESIAN_POINT('',(-219.35,89.99,78.5));
#10279 = VECTOR('',#10280,1.);
#10280 = DIRECTION('',(-0.,1.,0.));
#10281 = PCURVE('',#1544,#10282);
#10282 = DEFINITIONAL_REPRESENTATION('',(#10283),#10287);
#10283 = LINE('',#10284,#10285);
#10284 = CARTESIAN_POINT('',(0.,0.));
#10285 = VECTOR('',#10286,1.);
#10286 = DIRECTION('',(0.,1.));
#10287 = ( GEOMETRIC_REPRESENTATION_CONTEXT(2) 
PARAMETRIC_REPRESENTATION_CONTEXT() REPRESENTATION_CONTEXT('2D SPACE',''
  ) );
#10288 = PCURVE('',#1518,#10289);
#10289 = DEFINITIONAL_REPRESENTATION('',(#10290),#10294);
#10290 = LINE('',#10291,#10292);
#10291 = CARTESIAN_POINT('',(0.,0.));
#10292 = VECTOR('',#10293,1.);
#10293 = DIRECTION('',(0.,-1.));
#10294 = ( GEOMETRIC_REPRESENTATION_CONTEXT(2) 
PARAMETRIC_REPRESENTATION_CONTEXT() REPRESENTATION_CONTEXT('2D SPACE',''
  ) );
#10295 = ORIENTED_EDGE('',*,*,#1529,.T.);
#10296 = ORIENTED_EDGE('',*,*,#10250,.T.);
#10297 = ORIENTED_EDGE('',*,*,#6059,.F.);
#10298 = ADVANCED_FACE('',(#10299),#1518,.T.);
#10299 = FACE_BOUND('',#10300,.T.);
#10300 = EDGE_LOOP('',(#10301,#10302,#10303,#10304));
#10301 = ORIENTED_EDGE('',*,*,#10201,.F.);
#10302 = ORIENTED_EDGE('',*,*,#1503,.T.);
#10303 = ORIENTED_EDGE('',*,*,#10275,.T.);
#10304 = ORIENTED_EDGE('',*,*,#6038,.F.);
#10305 = ADVANCED_FACE('',(#10306),#1598,.F.);
#10306 = FACE_BOUND('',#10307,.F.);
#10307 = EDGE_LOOP('',(#10308,#10329,#10330,#10351));
#10308 = ORIENTED_EDGE('',*,*,#10309,.F.);
#10309 = EDGE_CURVE('',#1582,#6102,#10310,.T.);
#10310 = SURFACE_CURVE('',#10311,(#10315,#10322),.PCURVE_S1.);
#10311 = LINE('',#10312,#10313);
#10312 = CARTESIAN_POINT('',(-213.35,89.99,92.5));
#10313 = VECTOR('',#10314,1.);
#10314 = DIRECTION('',(-0.,1.,0.));
#10315 = PCURVE('',#1598,#10316);
#10316 = DEFINITIONAL_REPRESENTATION('',(#10317),#10321);
#10317 = LINE('',#10318,#10319);
#10318 = CARTESIAN_POINT('',(0.,0.));
#10319 = VECTOR('',#10320,1.);
#10320 = DIRECTION('',(0.,1.));
#10321 = ( GEOMETRIC_REPRESENTATION_CONTEXT(2) 
PARAMETRIC_REPRESENTATION_CONTEXT() REPRESENTATION_CONTEXT('2D SPACE',''
  ) );
#10322 = PCURVE('',#1624,#10323);
#10323 = DEFINITIONAL_REPRESENTATION('',(#10324),#10328);
#10324 = LINE('',#10325,#10326);
#10325 = CARTESIAN_POINT('',(14.,0.));
#10326 = VECTOR('',#10327,1.);
#10327 = DIRECTION('',(0.,-1.));
#10328 = ( GEOMETRIC_REPRESENTATION_CONTEXT(2) 
PARAMETRIC_REPRESENTATION_CONTEXT() REPRESENTATION_CONTEXT('2D SPACE',''
  ) );
#10329 = ORIENTED_EDGE('',*,*,#1581,.T.);
#10330 = ORIENTED_EDGE('',*,*,#10331,.T.);
#10331 = EDGE_CURVE('',#1584,#6104,#10332,.T.);
#10332 = SURFACE_CURVE('',#10333,(#10337,#10344),.PCURVE_S1.);
#10333 = LINE('',#10334,#10335);
#10334 = CARTESIAN_POINT('',(-210.35,89.99,92.5));
#10335 = VECTOR('',#10336,1.);
#10336 = DIRECTION('',(-0.,1.,0.));
#10337 = PCURVE('',#1598,#10338);
#10338 = DEFINITIONAL_REPRESENTATION('',(#10339),#10343);
#10339 = LINE('',#10340,#10341);
#10340 = CARTESIAN_POINT('',(3.,0.));
#10341 = VECTOR('',#10342,1.);
#10342 = DIRECTION('',(0.,1.));
#10343 = ( GEOMETRIC_REPRESENTATION_CONTEXT(2) 
PARAMETRIC_REPRESENTATION_CONTEXT() REPRESENTATION_CONTEXT('2D SPACE',''
  ) );
#10344 = PCURVE('',#1674,#10345);
#10345 = DEFINITIONAL_REPRESENTATION('',(#10346),#10350);
#10346 = LINE('',#10347,#10348);
#10347 = CARTESIAN_POINT('',(14.,0.));
#10348 = VECTOR('',#10349,1.);
#10349 = DIRECTION('',(0.,-1.));
#10350 = ( GEOMETRIC_REPRESENTATION_CONTEXT(2) 
PARAMETRIC_REPRESENTATION_CONTEXT() REPRESENTATION_CONTEXT('2D SPACE',''
  ) );
#10351 = ORIENTED_EDGE('',*,*,#6101,.F.);
#10352 = ADVANCED_FACE('',(#10353),#1674,.F.);
#10353 = FACE_BOUND('',#10354,.F.);
#10354 = EDGE_LOOP('',(#10355,#10356,#10357,#10378));
#10355 = ORIENTED_EDGE('',*,*,#10331,.F.);
#10356 = ORIENTED_EDGE('',*,*,#1661,.T.);
#10357 = ORIENTED_EDGE('',*,*,#10358,.T.);
#10358 = EDGE_CURVE('',#1636,#6146,#10359,.T.);
#10359 = SURFACE_CURVE('',#10360,(#10364,#10371),.PCURVE_S1.);
#10360 = LINE('',#10361,#10362);
#10361 = CARTESIAN_POINT('',(-210.35,89.99,78.5));
#10362 = VECTOR('',#10363,1.);
#10363 = DIRECTION('',(-0.,1.,0.));
#10364 = PCURVE('',#1674,#10365);
#10365 = DEFINITIONAL_REPRESENTATION('',(#10366),#10370);
#10366 = LINE('',#10367,#10368);
#10367 = CARTESIAN_POINT('',(0.,0.));
#10368 = VECTOR('',#10369,1.);
#10369 = DIRECTION('',(0.,-1.));
#10370 = ( GEOMETRIC_REPRESENTATION_CONTEXT(2) 
PARAMETRIC_REPRESENTATION_CONTEXT() REPRESENTATION_CONTEXT('2D SPACE',''
  ) );
#10371 = PCURVE('',#1650,#10372);
#10372 = DEFINITIONAL_REPRESENTATION('',(#10373),#10377);
#10373 = LINE('',#10374,#10375);
#10374 = CARTESIAN_POINT('',(3.,0.));
#10375 = VECTOR('',#10376,1.);
#10376 = DIRECTION('',(0.,1.));
#10377 = ( GEOMETRIC_REPRESENTATION_CONTEXT(2) 
PARAMETRIC_REPRESENTATION_CONTEXT() REPRESENTATION_CONTEXT('2D SPACE',''
  ) );
#10378 = ORIENTED_EDGE('',*,*,#6166,.F.);
#10379 = ADVANCED_FACE('',(#10380),#1650,.T.);
#10380 = FACE_BOUND('',#10381,.T.);
#10381 = EDGE_LOOP('',(#10382,#10403,#10404,#10405));
#10382 = ORIENTED_EDGE('',*,*,#10383,.F.);
#10383 = EDGE_CURVE('',#1610,#6125,#10384,.T.);
#10384 = SURFACE_CURVE('',#10385,(#10389,#10396),.PCURVE_S1.);
#10385 = LINE('',#10386,#10387);
#10386 = CARTESIAN_POINT('',(-213.35,89.99,78.5));
#10387 = VECTOR('',#10388,1.);
#10388 = DIRECTION('',(-0.,1.,0.));
#10389 = PCURVE('',#1650,#10390);
#10390 = DEFINITIONAL_REPRESENTATION('',(#10391),#10395);
#10391 = LINE('',#10392,#10393);
#10392 = CARTESIAN_POINT('',(0.,0.));
#10393 = VECTOR('',#10394,1.);
#10394 = DIRECTION('',(0.,1.));
#10395 = ( GEOMETRIC_REPRESENTATION_CONTEXT(2) 
PARAMETRIC_REPRESENTATION_CONTEXT() REPRESENTATION_CONTEXT('2D SPACE',''
  ) );
#10396 = PCURVE('',#1624,#10397);
#10397 = DEFINITIONAL_REPRESENTATION('',(#10398),#10402);
#10398 = LINE('',#10399,#10400);
#10399 = CARTESIAN_POINT('',(0.,0.));
#10400 = VECTOR('',#10401,1.);
#10401 = DIRECTION('',(0.,-1.));
#10402 = ( GEOMETRIC_REPRESENTATION_CONTEXT(2) 
PARAMETRIC_REPRESENTATION_CONTEXT() REPRESENTATION_CONTEXT('2D SPACE',''
  ) );
#10403 = ORIENTED_EDGE('',*,*,#1635,.T.);
#10404 = ORIENTED_EDGE('',*,*,#10358,.T.);
#10405 = ORIENTED_EDGE('',*,*,#6145,.F.);
#10406 = ADVANCED_FACE('',(#10407),#1624,.T.);
#10407 = FACE_BOUND('',#10408,.T.);
#10408 = EDGE_LOOP('',(#10409,#10410,#10411,#10412));
#10409 = ORIENTED_EDGE('',*,*,#10309,.F.);
#10410 = ORIENTED_EDGE('',*,*,#1609,.T.);
#10411 = ORIENTED_EDGE('',*,*,#10383,.T.);
#10412 = ORIENTED_EDGE('',*,*,#6124,.F.);
#10413 = ADVANCED_FACE('',(#10414),#1704,.F.);
#10414 = FACE_BOUND('',#10415,.F.);
#10415 = EDGE_LOOP('',(#10416,#10437,#10438,#10459));
#10416 = ORIENTED_EDGE('',*,*,#10417,.F.);
#10417 = EDGE_CURVE('',#1688,#6188,#10418,.T.);
#10418 = SURFACE_CURVE('',#10419,(#10423,#10430),.PCURVE_S1.);
#10419 = LINE('',#10420,#10421);
#10420 = CARTESIAN_POINT('',(-207.35,89.99,92.5));
#10421 = VECTOR('',#10422,1.);
#10422 = DIRECTION('',(-0.,1.,0.));
#10423 = PCURVE('',#1704,#10424);
#10424 = DEFINITIONAL_REPRESENTATION('',(#10425),#10429);
#10425 = LINE('',#10426,#10427);
#10426 = CARTESIAN_POINT('',(0.,0.));
#10427 = VECTOR('',#10428,1.);
#10428 = DIRECTION('',(0.,1.));
#10429 = ( GEOMETRIC_REPRESENTATION_CONTEXT(2) 
PARAMETRIC_REPRESENTATION_CONTEXT() REPRESENTATION_CONTEXT('2D SPACE',''
  ) );
#10430 = PCURVE('',#1730,#10431);
#10431 = DEFINITIONAL_REPRESENTATION('',(#10432),#10436);
#10432 = LINE('',#10433,#10434);
#10433 = CARTESIAN_POINT('',(14.,0.));
#10434 = VECTOR('',#10435,1.);
#10435 = DIRECTION('',(0.,-1.));
#10436 = ( GEOMETRIC_REPRESENTATION_CONTEXT(2) 
PARAMETRIC_REPRESENTATION_CONTEXT() REPRESENTATION_CONTEXT('2D SPACE',''
  ) );
#10437 = ORIENTED_EDGE('',*,*,#1687,.T.);
#10438 = ORIENTED_EDGE('',*,*,#10439,.T.);
#10439 = EDGE_CURVE('',#1690,#6190,#10440,.T.);
#10440 = SURFACE_CURVE('',#10441,(#10445,#10452),.PCURVE_S1.);
#10441 = LINE('',#10442,#10443);
#10442 = CARTESIAN_POINT('',(-204.35,89.99,92.5));
#10443 = VECTOR('',#10444,1.);
#10444 = DIRECTION('',(-0.,1.,0.));
#10445 = PCURVE('',#1704,#10446);
#10446 = DEFINITIONAL_REPRESENTATION('',(#10447),#10451);
#10447 = LINE('',#10448,#10449);
#10448 = CARTESIAN_POINT('',(3.,0.));
#10449 = VECTOR('',#10450,1.);
#10450 = DIRECTION('',(0.,1.));
#10451 = ( GEOMETRIC_REPRESENTATION_CONTEXT(2) 
PARAMETRIC_REPRESENTATION_CONTEXT() REPRESENTATION_CONTEXT('2D SPACE',''
  ) );
#10452 = PCURVE('',#1780,#10453);
#10453 = DEFINITIONAL_REPRESENTATION('',(#10454),#10458);
#10454 = LINE('',#10455,#10456);
#10455 = CARTESIAN_POINT('',(14.,0.));
#10456 = VECTOR('',#10457,1.);
#10457 = DIRECTION('',(0.,-1.));
#10458 = ( GEOMETRIC_REPRESENTATION_CONTEXT(2) 
PARAMETRIC_REPRESENTATION_CONTEXT() REPRESENTATION_CONTEXT('2D SPACE',''
  ) );
#10459 = ORIENTED_EDGE('',*,*,#6187,.F.);
#10460 = ADVANCED_FACE('',(#10461),#1780,.F.);
#10461 = FACE_BOUND('',#10462,.F.);
#10462 = EDGE_LOOP('',(#10463,#10464,#10465,#10486));
#10463 = ORIENTED_EDGE('',*,*,#10439,.F.);
#10464 = ORIENTED_EDGE('',*,*,#1767,.T.);
#10465 = ORIENTED_EDGE('',*,*,#10466,.T.);
#10466 = EDGE_CURVE('',#1742,#6232,#10467,.T.);
#10467 = SURFACE_CURVE('',#10468,(#10472,#10479),.PCURVE_S1.);
#10468 = LINE('',#10469,#10470);
#10469 = CARTESIAN_POINT('',(-204.35,89.99,78.5));
#10470 = VECTOR('',#10471,1.);
#10471 = DIRECTION('',(-0.,1.,0.));
#10472 = PCURVE('',#1780,#10473);
#10473 = DEFINITIONAL_REPRESENTATION('',(#10474),#10478);
#10474 = LINE('',#10475,#10476);
#10475 = CARTESIAN_POINT('',(0.,0.));
#10476 = VECTOR('',#10477,1.);
#10477 = DIRECTION('',(0.,-1.));
#10478 = ( GEOMETRIC_REPRESENTATION_CONTEXT(2) 
PARAMETRIC_REPRESENTATION_CONTEXT() REPRESENTATION_CONTEXT('2D SPACE',''
  ) );
#10479 = PCURVE('',#1756,#10480);
#10480 = DEFINITIONAL_REPRESENTATION('',(#10481),#10485);
#10481 = LINE('',#10482,#10483);
#10482 = CARTESIAN_POINT('',(3.,0.));
#10483 = VECTOR('',#10484,1.);
#10484 = DIRECTION('',(0.,1.));
#10485 = ( GEOMETRIC_REPRESENTATION_CONTEXT(2) 
PARAMETRIC_REPRESENTATION_CONTEXT() REPRESENTATION_CONTEXT('2D SPACE',''
  ) );
#10486 = ORIENTED_EDGE('',*,*,#6252,.F.);
#10487 = ADVANCED_FACE('',(#10488),#1756,.T.);
#10488 = FACE_BOUND('',#10489,.T.);
#10489 = EDGE_LOOP('',(#10490,#10511,#10512,#10513));
#10490 = ORIENTED_EDGE('',*,*,#10491,.F.);
#10491 = EDGE_CURVE('',#1716,#6211,#10492,.T.);
#10492 = SURFACE_CURVE('',#10493,(#10497,#10504),.PCURVE_S1.);
#10493 = LINE('',#10494,#10495);
#10494 = CARTESIAN_POINT('',(-207.35,89.99,78.5));
#10495 = VECTOR('',#10496,1.);
#10496 = DIRECTION('',(-0.,1.,0.));
#10497 = PCURVE('',#1756,#10498);
#10498 = DEFINITIONAL_REPRESENTATION('',(#10499),#10503);
#10499 = LINE('',#10500,#10501);
#10500 = CARTESIAN_POINT('',(0.,0.));
#10501 = VECTOR('',#10502,1.);
#10502 = DIRECTION('',(0.,1.));
#10503 = ( GEOMETRIC_REPRESENTATION_CONTEXT(2) 
PARAMETRIC_REPRESENTATION_CONTEXT() REPRESENTATION_CONTEXT('2D SPACE',''
  ) );
#10504 = PCURVE('',#1730,#10505);
#10505 = DEFINITIONAL_REPRESENTATION('',(#10506),#10510);
#10506 = LINE('',#10507,#10508);
#10507 = CARTESIAN_POINT('',(0.,0.));
#10508 = VECTOR('',#10509,1.);
#10509 = DIRECTION('',(0.,-1.));
#10510 = ( GEOMETRIC_REPRESENTATION_CONTEXT(2) 
PARAMETRIC_REPRESENTATION_CONTEXT() REPRESENTATION_CONTEXT('2D SPACE',''
  ) );
#10511 = ORIENTED_EDGE('',*,*,#1741,.T.);
#10512 = ORIENTED_EDGE('',*,*,#10466,.T.);
#10513 = ORIENTED_EDGE('',*,*,#6231,.F.);
#10514 = ADVANCED_FACE('',(#10515),#1730,.T.);
#10515 = FACE_BOUND('',#10516,.T.);
#10516 = EDGE_LOOP('',(#10517,#10518,#10519,#10520));
#10517 = ORIENTED_EDGE('',*,*,#10417,.F.);
#10518 = ORIENTED_EDGE('',*,*,#1715,.T.);
#10519 = ORIENTED_EDGE('',*,*,#10491,.T.);
#10520 = ORIENTED_EDGE('',*,*,#6210,.F.);
#10521 = ADVANCED_FACE('',(#10522),#1810,.F.);
#10522 = FACE_BOUND('',#10523,.F.);
#10523 = EDGE_LOOP('',(#10524,#10547,#10574,#10575));
#10524 = ORIENTED_EDGE('',*,*,#10525,.T.);
#10525 = EDGE_CURVE('',#1794,#10526,#10528,.T.);
#10526 = VERTEX_POINT('',#10527);
#10527 = CARTESIAN_POINT('',(-212.575,91.4,96.5));
#10528 = SEAM_CURVE('',#10529,(#10533,#10540),.PCURVE_S1.);
#10529 = LINE('',#10530,#10531);
#10530 = CARTESIAN_POINT('',(-212.575,89.99,96.5));
#10531 = VECTOR('',#10532,1.);
#10532 = DIRECTION('',(0.,1.,2.22044604925E-16));
#10533 = PCURVE('',#1810,#10534);
#10534 = DEFINITIONAL_REPRESENTATION('',(#10535),#10539);
#10535 = LINE('',#10536,#10537);
#10536 = CARTESIAN_POINT('',(6.28318530718,-0.));
#10537 = VECTOR('',#10538,1.);
#10538 = DIRECTION('',(0.,1.));
#10539 = ( GEOMETRIC_REPRESENTATION_CONTEXT(2) 
PARAMETRIC_REPRESENTATION_CONTEXT() REPRESENTATION_CONTEXT('2D SPACE',''
  ) );
#10540 = PCURVE('',#1810,#10541);
#10541 = DEFINITIONAL_REPRESENTATION('',(#10542),#10546);
#10542 = LINE('',#10543,#10544);
#10543 = CARTESIAN_POINT('',(0.,-0.));
#10544 = VECTOR('',#10545,1.);
#10545 = DIRECTION('',(0.,1.));
#10546 = ( GEOMETRIC_REPRESENTATION_CONTEXT(2) 
PARAMETRIC_REPRESENTATION_CONTEXT() REPRESENTATION_CONTEXT('2D SPACE',''
  ) );
#10547 = ORIENTED_EDGE('',*,*,#10548,.F.);
#10548 = EDGE_CURVE('',#10526,#10526,#10549,.T.);
#10549 = SURFACE_CURVE('',#10550,(#10555,#10562),.PCURVE_S1.);
#10550 = CIRCLE('',#10551,1.775);
#10551 = AXIS2_PLACEMENT_3D('',#10552,#10553,#10554);
#10552 = CARTESIAN_POINT('',(-214.35,91.4,96.5));
#10553 = DIRECTION('',(0.,1.,2.22044604925E-16));
#10554 = DIRECTION('',(1.,0.,-0.));
#10555 = PCURVE('',#1810,#10556);
#10556 = DEFINITIONAL_REPRESENTATION('',(#10557),#10561);
#10557 = LINE('',#10558,#10559);
#10558 = CARTESIAN_POINT('',(0.,1.41));
#10559 = VECTOR('',#10560,1.);
#10560 = DIRECTION('',(1.,0.));
#10561 = ( GEOMETRIC_REPRESENTATION_CONTEXT(2) 
PARAMETRIC_REPRESENTATION_CONTEXT() REPRESENTATION_CONTEXT('2D SPACE',''
  ) );
#10562 = PCURVE('',#10563,#10568);
#10563 = PLANE('',#10564);
#10564 = AXIS2_PLACEMENT_3D('',#10565,#10566,#10567);
#10565 = CARTESIAN_POINT('',(-214.35,91.4,96.5));
#10566 = DIRECTION('',(0.,1.,2.22044604925E-16));
#10567 = DIRECTION('',(1.,0.,-0.));
#10568 = DEFINITIONAL_REPRESENTATION('',(#10569),#10573);
#10569 = CIRCLE('',#10570,1.775);
#10570 = AXIS2_PLACEMENT_2D('',#10571,#10572);
#10571 = CARTESIAN_POINT('',(0.,0.));
#10572 = DIRECTION('',(1.,0.));
#10573 = ( GEOMETRIC_REPRESENTATION_CONTEXT(2) 
PARAMETRIC_REPRESENTATION_CONTEXT() REPRESENTATION_CONTEXT('2D SPACE',''
  ) );
#10574 = ORIENTED_EDGE('',*,*,#10525,.F.);
#10575 = ORIENTED_EDGE('',*,*,#1793,.T.);
#10576 = ADVANCED_FACE('',(#10577),#1843,.F.);
#10577 = FACE_BOUND('',#10578,.F.);
#10578 = EDGE_LOOP('',(#10579,#10598,#10599,#10618));
#10579 = ORIENTED_EDGE('',*,*,#10580,.F.);
#10580 = EDGE_CURVE('',#1825,#6305,#10581,.T.);
#10581 = SURFACE_CURVE('',#10582,(#10586,#10592),.PCURVE_S1.);
#10582 = LINE('',#10583,#10584);
#10583 = CARTESIAN_POINT('',(-170.05,89.99,53.694928957368));
#10584 = VECTOR('',#10585,1.);
#10585 = DIRECTION('',(0.,1.,2.22044604925E-16));
#10586 = PCURVE('',#1843,#10587);
#10587 = DEFINITIONAL_REPRESENTATION('',(#10588),#10591);
#10588 = B_SPLINE_CURVE_WITH_KNOTS('',1,(#10589,#10590),.UNSPECIFIED.,
  .F.,.F.,(2,2),(-2.208810534619E-29,3.02),.PIECEWISE_BEZIER_KNOTS.);
#10589 = CARTESIAN_POINT('',(5.229208614473,8.204390405649E-16));
#10590 = CARTESIAN_POINT('',(5.229208614473,3.02));
#10591 = ( GEOMETRIC_REPRESENTATION_CONTEXT(2) 
PARAMETRIC_REPRESENTATION_CONTEXT() REPRESENTATION_CONTEXT('2D SPACE',''
  ) );
#10592 = PCURVE('',#1870,#10593);
#10593 = DEFINITIONAL_REPRESENTATION('',(#10594),#10597);
#10594 = B_SPLINE_CURVE_WITH_KNOTS('',1,(#10595,#10596),.UNSPECIFIED.,
  .F.,.F.,(2,2),(-2.399999999625E-06,3.0200024),
  .PIECEWISE_BEZIER_KNOTS.);
#10595 = CARTESIAN_POINT('',(3.694928957368,2.399999999625E-06));
#10596 = CARTESIAN_POINT('',(3.694928957368,-3.0200024));
#10597 = ( GEOMETRIC_REPRESENTATION_CONTEXT(2) 
PARAMETRIC_REPRESENTATION_CONTEXT() REPRESENTATION_CONTEXT('2D SPACE',''
  ) );
#10598 = ORIENTED_EDGE('',*,*,#1824,.T.);
#10599 = ORIENTED_EDGE('',*,*,#10600,.T.);
#10600 = EDGE_CURVE('',#1827,#6307,#10601,.T.);
#10601 = SURFACE_CURVE('',#10602,(#10606,#10612),.PCURVE_S1.);
#10602 = LINE('',#10603,#10604);
#10603 = CARTESIAN_POINT('',(-174.25,89.99,53.694928957368));
#10604 = VECTOR('',#10605,1.);
#10605 = DIRECTION('',(0.,1.,2.22044604925E-16));
#10606 = PCURVE('',#1843,#10607);
#10607 = DEFINITIONAL_REPRESENTATION('',(#10608),#10611);
#10608 = B_SPLINE_CURVE_WITH_KNOTS('',1,(#10609,#10610),.UNSPECIFIED.,
  .F.,.F.,(2,2),(2.524354896707E-29,3.02),.PIECEWISE_BEZIER_KNOTS.);
#10609 = CARTESIAN_POINT('',(10.478754653476,8.20439040565E-16));
#10610 = CARTESIAN_POINT('',(10.478754653476,3.02));
#10611 = ( GEOMETRIC_REPRESENTATION_CONTEXT(2) 
PARAMETRIC_REPRESENTATION_CONTEXT() REPRESENTATION_CONTEXT('2D SPACE',''
  ) );
#10612 = PCURVE('',#1923,#10613);
#10613 = DEFINITIONAL_REPRESENTATION('',(#10614),#10617);
#10614 = B_SPLINE_CURVE_WITH_KNOTS('',1,(#10615,#10616),.UNSPECIFIED.,
  .F.,.F.,(2,2),(-2.399999999625E-06,3.0200024),
  .PIECEWISE_BEZIER_KNOTS.);
#10615 = CARTESIAN_POINT('',(3.694928957368,2.399999999625E-06));
#10616 = CARTESIAN_POINT('',(3.694928957368,-3.0200024));
#10617 = ( GEOMETRIC_REPRESENTATION_CONTEXT(2) 
PARAMETRIC_REPRESENTATION_CONTEXT() REPRESENTATION_CONTEXT('2D SPACE',''
  ) );
#10618 = ORIENTED_EDGE('',*,*,#6304,.F.);
#10619 = ADVANCED_FACE('',(#10620),#1923,.T.);
#10620 = FACE_BOUND('',#10621,.T.);
#10621 = EDGE_LOOP('',(#10622,#10623,#10624,#10625));
#10622 = ORIENTED_EDGE('',*,*,#1910,.T.);
#10623 = ORIENTED_EDGE('',*,*,#10600,.T.);
#10624 = ORIENTED_EDGE('',*,*,#6375,.F.);
#10625 = ORIENTED_EDGE('',*,*,#10626,.F.);
#10626 = EDGE_CURVE('',#1882,#6352,#10627,.T.);
#10627 = SURFACE_CURVE('',#10628,(#10632,#10639),.PCURVE_S1.);
#10628 = LINE('',#10629,#10630);
#10629 = CARTESIAN_POINT('',(-174.25,89.99,60.));
#10630 = VECTOR('',#10631,1.);
#10631 = DIRECTION('',(-0.,1.,0.));
#10632 = PCURVE('',#1923,#10633);
#10633 = DEFINITIONAL_REPRESENTATION('',(#10634),#10638);
#10634 = LINE('',#10635,#10636);
#10635 = CARTESIAN_POINT('',(10.,0.));
#10636 = VECTOR('',#10637,1.);
#10637 = DIRECTION('',(0.,-1.));
#10638 = ( GEOMETRIC_REPRESENTATION_CONTEXT(2) 
PARAMETRIC_REPRESENTATION_CONTEXT() REPRESENTATION_CONTEXT('2D SPACE',''
  ) );
#10639 = PCURVE('',#1898,#10640);
#10640 = DEFINITIONAL_REPRESENTATION('',(#10641),#10645);
#10641 = LINE('',#10642,#10643);
#10642 = CARTESIAN_POINT('',(3.14159265359,0.));
#10643 = VECTOR('',#10644,1.);
#10644 = DIRECTION('',(0.,1.));
#10645 = ( GEOMETRIC_REPRESENTATION_CONTEXT(2) 
PARAMETRIC_REPRESENTATION_CONTEXT() REPRESENTATION_CONTEXT('2D SPACE',''
  ) );
#10646 = ADVANCED_FACE('',(#10647),#1898,.F.);
#10647 = FACE_BOUND('',#10648,.F.);
#10648 = EDGE_LOOP('',(#10649,#10650,#10670,#10671));
#10649 = ORIENTED_EDGE('',*,*,#1881,.T.);
#10650 = ORIENTED_EDGE('',*,*,#10651,.T.);
#10651 = EDGE_CURVE('',#1856,#6331,#10652,.T.);
#10652 = SURFACE_CURVE('',#10653,(#10657,#10663),.PCURVE_S1.);
#10653 = LINE('',#10654,#10655);
#10654 = CARTESIAN_POINT('',(-170.05,89.99,60.));
#10655 = VECTOR('',#10656,1.);
#10656 = DIRECTION('',(-0.,1.,0.));
#10657 = PCURVE('',#1898,#10658);
#10658 = DEFINITIONAL_REPRESENTATION('',(#10659),#10662);
#10659 = B_SPLINE_CURVE_WITH_KNOTS('',1,(#10660,#10661),.UNSPECIFIED.,
  .F.,.F.,(2,2),(0.,3.02),.PIECEWISE_BEZIER_KNOTS.);
#10660 = CARTESIAN_POINT('',(6.28318530718,0.));
#10661 = CARTESIAN_POINT('',(6.28318530718,3.02));
#10662 = ( GEOMETRIC_REPRESENTATION_CONTEXT(2) 
PARAMETRIC_REPRESENTATION_CONTEXT() REPRESENTATION_CONTEXT('2D SPACE',''
  ) );
#10663 = PCURVE('',#1870,#10664);
#10664 = DEFINITIONAL_REPRESENTATION('',(#10665),#10669);
#10665 = LINE('',#10666,#10667);
#10666 = CARTESIAN_POINT('',(10.,0.));
#10667 = VECTOR('',#10668,1.);
#10668 = DIRECTION('',(0.,-1.));
#10669 = ( GEOMETRIC_REPRESENTATION_CONTEXT(2) 
PARAMETRIC_REPRESENTATION_CONTEXT() REPRESENTATION_CONTEXT('2D SPACE',''
  ) );
#10670 = ORIENTED_EDGE('',*,*,#6351,.F.);
#10671 = ORIENTED_EDGE('',*,*,#10626,.F.);
#10672 = ADVANCED_FACE('',(#10673),#1870,.F.);
#10673 = FACE_BOUND('',#10674,.F.);
#10674 = EDGE_LOOP('',(#10675,#10676,#10677,#10678));
#10675 = ORIENTED_EDGE('',*,*,#1855,.T.);
#10676 = ORIENTED_EDGE('',*,*,#10580,.T.);
#10677 = ORIENTED_EDGE('',*,*,#6330,.F.);
#10678 = ORIENTED_EDGE('',*,*,#10651,.F.);
#10679 = ADVANCED_FACE('',(#10680),#1953,.F.);
#10680 = FACE_BOUND('',#10681,.F.);
#10681 = EDGE_LOOP('',(#10682,#10703,#10704,#10725));
#10682 = ORIENTED_EDGE('',*,*,#10683,.F.);
#10683 = EDGE_CURVE('',#1937,#6397,#10684,.T.);
#10684 = SURFACE_CURVE('',#10685,(#10689,#10696),.PCURVE_S1.);
#10685 = LINE('',#10686,#10687);
#10686 = CARTESIAN_POINT('',(-201.35,89.99,92.5));
#10687 = VECTOR('',#10688,1.);
#10688 = DIRECTION('',(-0.,1.,0.));
#10689 = PCURVE('',#1953,#10690);
#10690 = DEFINITIONAL_REPRESENTATION('',(#10691),#10695);
#10691 = LINE('',#10692,#10693);
#10692 = CARTESIAN_POINT('',(0.,0.));
#10693 = VECTOR('',#10694,1.);
#10694 = DIRECTION('',(0.,1.));
#10695 = ( GEOMETRIC_REPRESENTATION_CONTEXT(2) 
PARAMETRIC_REPRESENTATION_CONTEXT() REPRESENTATION_CONTEXT('2D SPACE',''
  ) );
#10696 = PCURVE('',#1979,#10697);
#10697 = DEFINITIONAL_REPRESENTATION('',(#10698),#10702);
#10698 = LINE('',#10699,#10700);
#10699 = CARTESIAN_POINT('',(14.,0.));
#10700 = VECTOR('',#10701,1.);
#10701 = DIRECTION('',(0.,-1.));
#10702 = ( GEOMETRIC_REPRESENTATION_CONTEXT(2) 
PARAMETRIC_REPRESENTATION_CONTEXT() REPRESENTATION_CONTEXT('2D SPACE',''
  ) );
#10703 = ORIENTED_EDGE('',*,*,#1936,.T.);
#10704 = ORIENTED_EDGE('',*,*,#10705,.T.);
#10705 = EDGE_CURVE('',#1939,#6399,#10706,.T.);
#10706 = SURFACE_CURVE('',#10707,(#10711,#10718),.PCURVE_S1.);
#10707 = LINE('',#10708,#10709);
#10708 = CARTESIAN_POINT('',(-198.35,89.99,92.5));
#10709 = VECTOR('',#10710,1.);
#10710 = DIRECTION('',(-0.,1.,0.));
#10711 = PCURVE('',#1953,#10712);
#10712 = DEFINITIONAL_REPRESENTATION('',(#10713),#10717);
#10713 = LINE('',#10714,#10715);
#10714 = CARTESIAN_POINT('',(3.,0.));
#10715 = VECTOR('',#10716,1.);
#10716 = DIRECTION('',(0.,1.));
#10717 = ( GEOMETRIC_REPRESENTATION_CONTEXT(2) 
PARAMETRIC_REPRESENTATION_CONTEXT() REPRESENTATION_CONTEXT('2D SPACE',''
  ) );
#10718 = PCURVE('',#2029,#10719);
#10719 = DEFINITIONAL_REPRESENTATION('',(#10720),#10724);
#10720 = LINE('',#10721,#10722);
#10721 = CARTESIAN_POINT('',(14.,0.));
#10722 = VECTOR('',#10723,1.);
#10723 = DIRECTION('',(0.,-1.));
#10724 = ( GEOMETRIC_REPRESENTATION_CONTEXT(2) 
PARAMETRIC_REPRESENTATION_CONTEXT() REPRESENTATION_CONTEXT('2D SPACE',''
  ) );
#10725 = ORIENTED_EDGE('',*,*,#6396,.F.);
#10726 = ADVANCED_FACE('',(#10727),#2029,.F.);
#10727 = FACE_BOUND('',#10728,.F.);
#10728 = EDGE_LOOP('',(#10729,#10730,#10731,#10752));
#10729 = ORIENTED_EDGE('',*,*,#10705,.F.);
#10730 = ORIENTED_EDGE('',*,*,#2016,.T.);
#10731 = ORIENTED_EDGE('',*,*,#10732,.T.);
#10732 = EDGE_CURVE('',#1991,#6441,#10733,.T.);
#10733 = SURFACE_CURVE('',#10734,(#10738,#10745),.PCURVE_S1.);
#10734 = LINE('',#10735,#10736);
#10735 = CARTESIAN_POINT('',(-198.35,89.99,78.5));
#10736 = VECTOR('',#10737,1.);
#10737 = DIRECTION('',(-0.,1.,0.));
#10738 = PCURVE('',#2029,#10739);
#10739 = DEFINITIONAL_REPRESENTATION('',(#10740),#10744);
#10740 = LINE('',#10741,#10742);
#10741 = CARTESIAN_POINT('',(0.,0.));
#10742 = VECTOR('',#10743,1.);
#10743 = DIRECTION('',(0.,-1.));
#10744 = ( GEOMETRIC_REPRESENTATION_CONTEXT(2) 
PARAMETRIC_REPRESENTATION_CONTEXT() REPRESENTATION_CONTEXT('2D SPACE',''
  ) );
#10745 = PCURVE('',#2005,#10746);
#10746 = DEFINITIONAL_REPRESENTATION('',(#10747),#10751);
#10747 = LINE('',#10748,#10749);
#10748 = CARTESIAN_POINT('',(3.,0.));
#10749 = VECTOR('',#10750,1.);
#10750 = DIRECTION('',(0.,1.));
#10751 = ( GEOMETRIC_REPRESENTATION_CONTEXT(2) 
PARAMETRIC_REPRESENTATION_CONTEXT() REPRESENTATION_CONTEXT('2D SPACE',''
  ) );
#10752 = ORIENTED_EDGE('',*,*,#6461,.F.);
#10753 = ADVANCED_FACE('',(#10754),#2005,.T.);
#10754 = FACE_BOUND('',#10755,.T.);
#10755 = EDGE_LOOP('',(#10756,#10777,#10778,#10779));
#10756 = ORIENTED_EDGE('',*,*,#10757,.F.);
#10757 = EDGE_CURVE('',#1965,#6420,#10758,.T.);
#10758 = SURFACE_CURVE('',#10759,(#10763,#10770),.PCURVE_S1.);
#10759 = LINE('',#10760,#10761);
#10760 = CARTESIAN_POINT('',(-201.35,89.99,78.5));
#10761 = VECTOR('',#10762,1.);
#10762 = DIRECTION('',(-0.,1.,0.));
#10763 = PCURVE('',#2005,#10764);
#10764 = DEFINITIONAL_REPRESENTATION('',(#10765),#10769);
#10765 = LINE('',#10766,#10767);
#10766 = CARTESIAN_POINT('',(0.,0.));
#10767 = VECTOR('',#10768,1.);
#10768 = DIRECTION('',(0.,1.));
#10769 = ( GEOMETRIC_REPRESENTATION_CONTEXT(2) 
PARAMETRIC_REPRESENTATION_CONTEXT() REPRESENTATION_CONTEXT('2D SPACE',''
  ) );
#10770 = PCURVE('',#1979,#10771);
#10771 = DEFINITIONAL_REPRESENTATION('',(#10772),#10776);
#10772 = LINE('',#10773,#10774);
#10773 = CARTESIAN_POINT('',(0.,0.));
#10774 = VECTOR('',#10775,1.);
#10775 = DIRECTION('',(0.,-1.));
#10776 = ( GEOMETRIC_REPRESENTATION_CONTEXT(2) 
PARAMETRIC_REPRESENTATION_CONTEXT() REPRESENTATION_CONTEXT('2D SPACE',''
  ) );
#10777 = ORIENTED_EDGE('',*,*,#1990,.T.);
#10778 = ORIENTED_EDGE('',*,*,#10732,.T.);
#10779 = ORIENTED_EDGE('',*,*,#6440,.F.);
#10780 = ADVANCED_FACE('',(#10781),#1979,.T.);
#10781 = FACE_BOUND('',#10782,.T.);
#10782 = EDGE_LOOP('',(#10783,#10784,#10785,#10786));
#10783 = ORIENTED_EDGE('',*,*,#10683,.F.);
#10784 = ORIENTED_EDGE('',*,*,#1964,.T.);
#10785 = ORIENTED_EDGE('',*,*,#10757,.T.);
#10786 = ORIENTED_EDGE('',*,*,#6419,.F.);
#10787 = ADVANCED_FACE('',(#10788),#2059,.F.);
#10788 = FACE_BOUND('',#10789,.F.);
#10789 = EDGE_LOOP('',(#10790,#10811,#10812,#10833));
#10790 = ORIENTED_EDGE('',*,*,#10791,.F.);
#10791 = EDGE_CURVE('',#2043,#6483,#10792,.T.);
#10792 = SURFACE_CURVE('',#10793,(#10797,#10804),.PCURVE_S1.);
#10793 = LINE('',#10794,#10795);
#10794 = CARTESIAN_POINT('',(-195.35,89.99,92.5));
#10795 = VECTOR('',#10796,1.);
#10796 = DIRECTION('',(-0.,1.,0.));
#10797 = PCURVE('',#2059,#10798);
#10798 = DEFINITIONAL_REPRESENTATION('',(#10799),#10803);
#10799 = LINE('',#10800,#10801);
#10800 = CARTESIAN_POINT('',(0.,0.));
#10801 = VECTOR('',#10802,1.);
#10802 = DIRECTION('',(0.,1.));
#10803 = ( GEOMETRIC_REPRESENTATION_CONTEXT(2) 
PARAMETRIC_REPRESENTATION_CONTEXT() REPRESENTATION_CONTEXT('2D SPACE',''
  ) );
#10804 = PCURVE('',#2085,#10805);
#10805 = DEFINITIONAL_REPRESENTATION('',(#10806),#10810);
#10806 = LINE('',#10807,#10808);
#10807 = CARTESIAN_POINT('',(14.,0.));
#10808 = VECTOR('',#10809,1.);
#10809 = DIRECTION('',(0.,-1.));
#10810 = ( GEOMETRIC_REPRESENTATION_CONTEXT(2) 
PARAMETRIC_REPRESENTATION_CONTEXT() REPRESENTATION_CONTEXT('2D SPACE',''
  ) );
#10811 = ORIENTED_EDGE('',*,*,#2042,.T.);
#10812 = ORIENTED_EDGE('',*,*,#10813,.T.);
#10813 = EDGE_CURVE('',#2045,#6485,#10814,.T.);
#10814 = SURFACE_CURVE('',#10815,(#10819,#10826),.PCURVE_S1.);
#10815 = LINE('',#10816,#10817);
#10816 = CARTESIAN_POINT('',(-192.35,89.99,92.5));
#10817 = VECTOR('',#10818,1.);
#10818 = DIRECTION('',(-0.,1.,0.));
#10819 = PCURVE('',#2059,#10820);
#10820 = DEFINITIONAL_REPRESENTATION('',(#10821),#10825);
#10821 = LINE('',#10822,#10823);
#10822 = CARTESIAN_POINT('',(3.,0.));
#10823 = VECTOR('',#10824,1.);
#10824 = DIRECTION('',(0.,1.));
#10825 = ( GEOMETRIC_REPRESENTATION_CONTEXT(2) 
PARAMETRIC_REPRESENTATION_CONTEXT() REPRESENTATION_CONTEXT('2D SPACE',''
  ) );
#10826 = PCURVE('',#2135,#10827);
#10827 = DEFINITIONAL_REPRESENTATION('',(#10828),#10832);
#10828 = LINE('',#10829,#10830);
#10829 = CARTESIAN_POINT('',(14.,0.));
#10830 = VECTOR('',#10831,1.);
#10831 = DIRECTION('',(0.,-1.));
#10832 = ( GEOMETRIC_REPRESENTATION_CONTEXT(2) 
PARAMETRIC_REPRESENTATION_CONTEXT() REPRESENTATION_CONTEXT('2D SPACE',''
  ) );
#10833 = ORIENTED_EDGE('',*,*,#6482,.F.);
#10834 = ADVANCED_FACE('',(#10835),#2135,.F.);
#10835 = FACE_BOUND('',#10836,.F.);
#10836 = EDGE_LOOP('',(#10837,#10838,#10839,#10860));
#10837 = ORIENTED_EDGE('',*,*,#10813,.F.);
#10838 = ORIENTED_EDGE('',*,*,#2122,.T.);
#10839 = ORIENTED_EDGE('',*,*,#10840,.T.);
#10840 = EDGE_CURVE('',#2097,#6527,#10841,.T.);
#10841 = SURFACE_CURVE('',#10842,(#10846,#10853),.PCURVE_S1.);
#10842 = LINE('',#10843,#10844);
#10843 = CARTESIAN_POINT('',(-192.35,89.99,78.5));
#10844 = VECTOR('',#10845,1.);
#10845 = DIRECTION('',(-0.,1.,0.));
#10846 = PCURVE('',#2135,#10847);
#10847 = DEFINITIONAL_REPRESENTATION('',(#10848),#10852);
#10848 = LINE('',#10849,#10850);
#10849 = CARTESIAN_POINT('',(0.,0.));
#10850 = VECTOR('',#10851,1.);
#10851 = DIRECTION('',(0.,-1.));
#10852 = ( GEOMETRIC_REPRESENTATION_CONTEXT(2) 
PARAMETRIC_REPRESENTATION_CONTEXT() REPRESENTATION_CONTEXT('2D SPACE',''
  ) );
#10853 = PCURVE('',#2111,#10854);
#10854 = DEFINITIONAL_REPRESENTATION('',(#10855),#10859);
#10855 = LINE('',#10856,#10857);
#10856 = CARTESIAN_POINT('',(3.,0.));
#10857 = VECTOR('',#10858,1.);
#10858 = DIRECTION('',(0.,1.));
#10859 = ( GEOMETRIC_REPRESENTATION_CONTEXT(2) 
PARAMETRIC_REPRESENTATION_CONTEXT() REPRESENTATION_CONTEXT('2D SPACE',''
  ) );
#10860 = ORIENTED_EDGE('',*,*,#6547,.F.);
#10861 = ADVANCED_FACE('',(#10862),#2111,.T.);
#10862 = FACE_BOUND('',#10863,.T.);
#10863 = EDGE_LOOP('',(#10864,#10885,#10886,#10887));
#10864 = ORIENTED_EDGE('',*,*,#10865,.F.);
#10865 = EDGE_CURVE('',#2071,#6506,#10866,.T.);
#10866 = SURFACE_CURVE('',#10867,(#10871,#10878),.PCURVE_S1.);
#10867 = LINE('',#10868,#10869);
#10868 = CARTESIAN_POINT('',(-195.35,89.99,78.5));
#10869 = VECTOR('',#10870,1.);
#10870 = DIRECTION('',(-0.,1.,0.));
#10871 = PCURVE('',#2111,#10872);
#10872 = DEFINITIONAL_REPRESENTATION('',(#10873),#10877);
#10873 = LINE('',#10874,#10875);
#10874 = CARTESIAN_POINT('',(0.,0.));
#10875 = VECTOR('',#10876,1.);
#10876 = DIRECTION('',(0.,1.));
#10877 = ( GEOMETRIC_REPRESENTATION_CONTEXT(2) 
PARAMETRIC_REPRESENTATION_CONTEXT() REPRESENTATION_CONTEXT('2D SPACE',''
  ) );
#10878 = PCURVE('',#2085,#10879);
#10879 = DEFINITIONAL_REPRESENTATION('',(#10880),#10884);
#10880 = LINE('',#10881,#10882);
#10881 = CARTESIAN_POINT('',(0.,0.));
#10882 = VECTOR('',#10883,1.);
#10883 = DIRECTION('',(0.,-1.));
#10884 = ( GEOMETRIC_REPRESENTATION_CONTEXT(2) 
PARAMETRIC_REPRESENTATION_CONTEXT() REPRESENTATION_CONTEXT('2D SPACE',''
  ) );
#10885 = ORIENTED_EDGE('',*,*,#2096,.T.);
#10886 = ORIENTED_EDGE('',*,*,#10840,.T.);
#10887 = ORIENTED_EDGE('',*,*,#6526,.F.);
#10888 = ADVANCED_FACE('',(#10889),#2085,.T.);
#10889 = FACE_BOUND('',#10890,.T.);
#10890 = EDGE_LOOP('',(#10891,#10892,#10893,#10894));
#10891 = ORIENTED_EDGE('',*,*,#10791,.F.);
#10892 = ORIENTED_EDGE('',*,*,#2070,.T.);
#10893 = ORIENTED_EDGE('',*,*,#10865,.T.);
#10894 = ORIENTED_EDGE('',*,*,#6505,.F.);
#10895 = ADVANCED_FACE('',(#10896),#2165,.F.);
#10896 = FACE_BOUND('',#10897,.F.);
#10897 = EDGE_LOOP('',(#10898,#10919,#10920,#10941));
#10898 = ORIENTED_EDGE('',*,*,#10899,.F.);
#10899 = EDGE_CURVE('',#2149,#6569,#10900,.T.);
#10900 = SURFACE_CURVE('',#10901,(#10905,#10912),.PCURVE_S1.);
#10901 = LINE('',#10902,#10903);
#10902 = CARTESIAN_POINT('',(-189.35,89.99,92.5));
#10903 = VECTOR('',#10904,1.);
#10904 = DIRECTION('',(-0.,1.,0.));
#10905 = PCURVE('',#2165,#10906);
#10906 = DEFINITIONAL_REPRESENTATION('',(#10907),#10911);
#10907 = LINE('',#10908,#10909);
#10908 = CARTESIAN_POINT('',(0.,0.));
#10909 = VECTOR('',#10910,1.);
#10910 = DIRECTION('',(0.,1.));
#10911 = ( GEOMETRIC_REPRESENTATION_CONTEXT(2) 
PARAMETRIC_REPRESENTATION_CONTEXT() REPRESENTATION_CONTEXT('2D SPACE',''
  ) );
#10912 = PCURVE('',#2191,#10913);
#10913 = DEFINITIONAL_REPRESENTATION('',(#10914),#10918);
#10914 = LINE('',#10915,#10916);
#10915 = CARTESIAN_POINT('',(14.,0.));
#10916 = VECTOR('',#10917,1.);
#10917 = DIRECTION('',(0.,-1.));
#10918 = ( GEOMETRIC_REPRESENTATION_CONTEXT(2) 
PARAMETRIC_REPRESENTATION_CONTEXT() REPRESENTATION_CONTEXT('2D SPACE',''
  ) );
#10919 = ORIENTED_EDGE('',*,*,#2148,.T.);
#10920 = ORIENTED_EDGE('',*,*,#10921,.T.);
#10921 = EDGE_CURVE('',#2151,#6571,#10922,.T.);
#10922 = SURFACE_CURVE('',#10923,(#10927,#10934),.PCURVE_S1.);
#10923 = LINE('',#10924,#10925);
#10924 = CARTESIAN_POINT('',(-186.35,89.99,92.5));
#10925 = VECTOR('',#10926,1.);
#10926 = DIRECTION('',(-0.,1.,0.));
#10927 = PCURVE('',#2165,#10928);
#10928 = DEFINITIONAL_REPRESENTATION('',(#10929),#10933);
#10929 = LINE('',#10930,#10931);
#10930 = CARTESIAN_POINT('',(3.,0.));
#10931 = VECTOR('',#10932,1.);
#10932 = DIRECTION('',(0.,1.));
#10933 = ( GEOMETRIC_REPRESENTATION_CONTEXT(2) 
PARAMETRIC_REPRESENTATION_CONTEXT() REPRESENTATION_CONTEXT('2D SPACE',''
  ) );
#10934 = PCURVE('',#2241,#10935);
#10935 = DEFINITIONAL_REPRESENTATION('',(#10936),#10940);
#10936 = LINE('',#10937,#10938);
#10937 = CARTESIAN_POINT('',(14.,0.));
#10938 = VECTOR('',#10939,1.);
#10939 = DIRECTION('',(0.,-1.));
#10940 = ( GEOMETRIC_REPRESENTATION_CONTEXT(2) 
PARAMETRIC_REPRESENTATION_CONTEXT() REPRESENTATION_CONTEXT('2D SPACE',''
  ) );
#10941 = ORIENTED_EDGE('',*,*,#6568,.F.);
#10942 = ADVANCED_FACE('',(#10943),#2241,.F.);
#10943 = FACE_BOUND('',#10944,.F.);
#10944 = EDGE_LOOP('',(#10945,#10946,#10947,#10968));
#10945 = ORIENTED_EDGE('',*,*,#10921,.F.);
#10946 = ORIENTED_EDGE('',*,*,#2228,.T.);
#10947 = ORIENTED_EDGE('',*,*,#10948,.T.);
#10948 = EDGE_CURVE('',#2203,#6613,#10949,.T.);
#10949 = SURFACE_CURVE('',#10950,(#10954,#10961),.PCURVE_S1.);
#10950 = LINE('',#10951,#10952);
#10951 = CARTESIAN_POINT('',(-186.35,89.99,78.5));
#10952 = VECTOR('',#10953,1.);
#10953 = DIRECTION('',(-0.,1.,0.));
#10954 = PCURVE('',#2241,#10955);
#10955 = DEFINITIONAL_REPRESENTATION('',(#10956),#10960);
#10956 = LINE('',#10957,#10958);
#10957 = CARTESIAN_POINT('',(0.,0.));
#10958 = VECTOR('',#10959,1.);
#10959 = DIRECTION('',(0.,-1.));
#10960 = ( GEOMETRIC_REPRESENTATION_CONTEXT(2) 
PARAMETRIC_REPRESENTATION_CONTEXT() REPRESENTATION_CONTEXT('2D SPACE',''
  ) );
#10961 = PCURVE('',#2217,#10962);
#10962 = DEFINITIONAL_REPRESENTATION('',(#10963),#10967);
#10963 = LINE('',#10964,#10965);
#10964 = CARTESIAN_POINT('',(3.,0.));
#10965 = VECTOR('',#10966,1.);
#10966 = DIRECTION('',(0.,1.));
#10967 = ( GEOMETRIC_REPRESENTATION_CONTEXT(2) 
PARAMETRIC_REPRESENTATION_CONTEXT() REPRESENTATION_CONTEXT('2D SPACE',''
  ) );
#10968 = ORIENTED_EDGE('',*,*,#6633,.F.);
#10969 = ADVANCED_FACE('',(#10970),#2217,.T.);
#10970 = FACE_BOUND('',#10971,.T.);
#10971 = EDGE_LOOP('',(#10972,#10993,#10994,#10995));
#10972 = ORIENTED_EDGE('',*,*,#10973,.F.);
#10973 = EDGE_CURVE('',#2177,#6592,#10974,.T.);
#10974 = SURFACE_CURVE('',#10975,(#10979,#10986),.PCURVE_S1.);
#10975 = LINE('',#10976,#10977);
#10976 = CARTESIAN_POINT('',(-189.35,89.99,78.5));
#10977 = VECTOR('',#10978,1.);
#10978 = DIRECTION('',(-0.,1.,0.));
#10979 = PCURVE('',#2217,#10980);
#10980 = DEFINITIONAL_REPRESENTATION('',(#10981),#10985);
#10981 = LINE('',#10982,#10983);
#10982 = CARTESIAN_POINT('',(0.,0.));
#10983 = VECTOR('',#10984,1.);
#10984 = DIRECTION('',(0.,1.));
#10985 = ( GEOMETRIC_REPRESENTATION_CONTEXT(2) 
PARAMETRIC_REPRESENTATION_CONTEXT() REPRESENTATION_CONTEXT('2D SPACE',''
  ) );
#10986 = PCURVE('',#2191,#10987);
#10987 = DEFINITIONAL_REPRESENTATION('',(#10988),#10992);
#10988 = LINE('',#10989,#10990);
#10989 = CARTESIAN_POINT('',(0.,0.));
#10990 = VECTOR('',#10991,1.);
#10991 = DIRECTION('',(0.,-1.));
#10992 = ( GEOMETRIC_REPRESENTATION_CONTEXT(2) 
PARAMETRIC_REPRESENTATION_CONTEXT() REPRESENTATION_CONTEXT('2D SPACE',''
  ) );
#10993 = ORIENTED_EDGE('',*,*,#2202,.T.);
#10994 = ORIENTED_EDGE('',*,*,#10948,.T.);
#10995 = ORIENTED_EDGE('',*,*,#6612,.F.);
#10996 = ADVANCED_FACE('',(#10997),#2191,.T.);
#10997 = FACE_BOUND('',#10998,.T.);
#10998 = EDGE_LOOP('',(#10999,#11000,#11001,#11002));
#10999 = ORIENTED_EDGE('',*,*,#10899,.F.);
#11000 = ORIENTED_EDGE('',*,*,#2176,.T.);
#11001 = ORIENTED_EDGE('',*,*,#10973,.T.);
#11002 = ORIENTED_EDGE('',*,*,#6591,.F.);
#11003 = ADVANCED_FACE('',(#11004),#2271,.F.);
#11004 = FACE_BOUND('',#11005,.F.);
#11005 = EDGE_LOOP('',(#11006,#11027,#11028,#11049));
#11006 = ORIENTED_EDGE('',*,*,#11007,.F.);
#11007 = EDGE_CURVE('',#2255,#6655,#11008,.T.);
#11008 = SURFACE_CURVE('',#11009,(#11013,#11020),.PCURVE_S1.);
#11009 = LINE('',#11010,#11011);
#11010 = CARTESIAN_POINT('',(-183.35,89.99,92.5));
#11011 = VECTOR('',#11012,1.);
#11012 = DIRECTION('',(-0.,1.,0.));
#11013 = PCURVE('',#2271,#11014);
#11014 = DEFINITIONAL_REPRESENTATION('',(#11015),#11019);
#11015 = LINE('',#11016,#11017);
#11016 = CARTESIAN_POINT('',(0.,0.));
#11017 = VECTOR('',#11018,1.);
#11018 = DIRECTION('',(0.,1.));
#11019 = ( GEOMETRIC_REPRESENTATION_CONTEXT(2) 
PARAMETRIC_REPRESENTATION_CONTEXT() REPRESENTATION_CONTEXT('2D SPACE',''
  ) );
#11020 = PCURVE('',#2297,#11021);
#11021 = DEFINITIONAL_REPRESENTATION('',(#11022),#11026);
#11022 = LINE('',#11023,#11024);
#11023 = CARTESIAN_POINT('',(14.,0.));
#11024 = VECTOR('',#11025,1.);
#11025 = DIRECTION('',(0.,-1.));
#11026 = ( GEOMETRIC_REPRESENTATION_CONTEXT(2) 
PARAMETRIC_REPRESENTATION_CONTEXT() REPRESENTATION_CONTEXT('2D SPACE',''
  ) );
#11027 = ORIENTED_EDGE('',*,*,#2254,.T.);
#11028 = ORIENTED_EDGE('',*,*,#11029,.T.);
#11029 = EDGE_CURVE('',#2257,#6657,#11030,.T.);
#11030 = SURFACE_CURVE('',#11031,(#11035,#11042),.PCURVE_S1.);
#11031 = LINE('',#11032,#11033);
#11032 = CARTESIAN_POINT('',(-180.35,89.99,92.5));
#11033 = VECTOR('',#11034,1.);
#11034 = DIRECTION('',(-0.,1.,0.));
#11035 = PCURVE('',#2271,#11036);
#11036 = DEFINITIONAL_REPRESENTATION('',(#11037),#11041);
#11037 = LINE('',#11038,#11039);
#11038 = CARTESIAN_POINT('',(3.,0.));
#11039 = VECTOR('',#11040,1.);
#11040 = DIRECTION('',(0.,1.));
#11041 = ( GEOMETRIC_REPRESENTATION_CONTEXT(2) 
PARAMETRIC_REPRESENTATION_CONTEXT() REPRESENTATION_CONTEXT('2D SPACE',''
  ) );
#11042 = PCURVE('',#2347,#11043);
#11043 = DEFINITIONAL_REPRESENTATION('',(#11044),#11048);
#11044 = LINE('',#11045,#11046);
#11045 = CARTESIAN_POINT('',(14.,0.));
#11046 = VECTOR('',#11047,1.);
#11047 = DIRECTION('',(0.,-1.));
#11048 = ( GEOMETRIC_REPRESENTATION_CONTEXT(2) 
PARAMETRIC_REPRESENTATION_CONTEXT() REPRESENTATION_CONTEXT('2D SPACE',''
  ) );
#11049 = ORIENTED_EDGE('',*,*,#6654,.F.);
#11050 = ADVANCED_FACE('',(#11051),#2347,.F.);
#11051 = FACE_BOUND('',#11052,.F.);
#11052 = EDGE_LOOP('',(#11053,#11054,#11055,#11076));
#11053 = ORIENTED_EDGE('',*,*,#11029,.F.);
#11054 = ORIENTED_EDGE('',*,*,#2334,.T.);
#11055 = ORIENTED_EDGE('',*,*,#11056,.T.);
#11056 = EDGE_CURVE('',#2309,#6699,#11057,.T.);
#11057 = SURFACE_CURVE('',#11058,(#11062,#11069),.PCURVE_S1.);
#11058 = LINE('',#11059,#11060);
#11059 = CARTESIAN_POINT('',(-180.35,89.99,78.5));
#11060 = VECTOR('',#11061,1.);
#11061 = DIRECTION('',(-0.,1.,0.));
#11062 = PCURVE('',#2347,#11063);
#11063 = DEFINITIONAL_REPRESENTATION('',(#11064),#11068);
#11064 = LINE('',#11065,#11066);
#11065 = CARTESIAN_POINT('',(0.,0.));
#11066 = VECTOR('',#11067,1.);
#11067 = DIRECTION('',(0.,-1.));
#11068 = ( GEOMETRIC_REPRESENTATION_CONTEXT(2) 
PARAMETRIC_REPRESENTATION_CONTEXT() REPRESENTATION_CONTEXT('2D SPACE',''
  ) );
#11069 = PCURVE('',#2323,#11070);
#11070 = DEFINITIONAL_REPRESENTATION('',(#11071),#11075);
#11071 = LINE('',#11072,#11073);
#11072 = CARTESIAN_POINT('',(3.,0.));
#11073 = VECTOR('',#11074,1.);
#11074 = DIRECTION('',(0.,1.));
#11075 = ( GEOMETRIC_REPRESENTATION_CONTEXT(2) 
PARAMETRIC_REPRESENTATION_CONTEXT() REPRESENTATION_CONTEXT('2D SPACE',''
  ) );
#11076 = ORIENTED_EDGE('',*,*,#6719,.F.);
#11077 = ADVANCED_FACE('',(#11078),#2323,.T.);
#11078 = FACE_BOUND('',#11079,.T.);
#11079 = EDGE_LOOP('',(#11080,#11101,#11102,#11103));
#11080 = ORIENTED_EDGE('',*,*,#11081,.F.);
#11081 = EDGE_CURVE('',#2283,#6678,#11082,.T.);
#11082 = SURFACE_CURVE('',#11083,(#11087,#11094),.PCURVE_S1.);
#11083 = LINE('',#11084,#11085);
#11084 = CARTESIAN_POINT('',(-183.35,89.99,78.5));
#11085 = VECTOR('',#11086,1.);
#11086 = DIRECTION('',(-0.,1.,0.));
#11087 = PCURVE('',#2323,#11088);
#11088 = DEFINITIONAL_REPRESENTATION('',(#11089),#11093);
#11089 = LINE('',#11090,#11091);
#11090 = CARTESIAN_POINT('',(0.,0.));
#11091 = VECTOR('',#11092,1.);
#11092 = DIRECTION('',(0.,1.));
#11093 = ( GEOMETRIC_REPRESENTATION_CONTEXT(2) 
PARAMETRIC_REPRESENTATION_CONTEXT() REPRESENTATION_CONTEXT('2D SPACE',''
  ) );
#11094 = PCURVE('',#2297,#11095);
#11095 = DEFINITIONAL_REPRESENTATION('',(#11096),#11100);
#11096 = LINE('',#11097,#11098);
#11097 = CARTESIAN_POINT('',(0.,0.));
#11098 = VECTOR('',#11099,1.);
#11099 = DIRECTION('',(0.,-1.));
#11100 = ( GEOMETRIC_REPRESENTATION_CONTEXT(2) 
PARAMETRIC_REPRESENTATION_CONTEXT() REPRESENTATION_CONTEXT('2D SPACE',''
  ) );
#11101 = ORIENTED_EDGE('',*,*,#2308,.T.);
#11102 = ORIENTED_EDGE('',*,*,#11056,.T.);
#11103 = ORIENTED_EDGE('',*,*,#6698,.F.);
#11104 = ADVANCED_FACE('',(#11105),#2297,.T.);
#11105 = FACE_BOUND('',#11106,.T.);
#11106 = EDGE_LOOP('',(#11107,#11108,#11109,#11110));
#11107 = ORIENTED_EDGE('',*,*,#11007,.F.);
#11108 = ORIENTED_EDGE('',*,*,#2282,.T.);
#11109 = ORIENTED_EDGE('',*,*,#11081,.T.);
#11110 = ORIENTED_EDGE('',*,*,#6677,.F.);
#11111 = ADVANCED_FACE('',(#11112),#2377,.F.);
#11112 = FACE_BOUND('',#11113,.F.);
#11113 = EDGE_LOOP('',(#11114,#11135,#11136,#11157));
#11114 = ORIENTED_EDGE('',*,*,#11115,.F.);
#11115 = EDGE_CURVE('',#2361,#6741,#11116,.T.);
#11116 = SURFACE_CURVE('',#11117,(#11121,#11128),.PCURVE_S1.);
#11117 = LINE('',#11118,#11119);
#11118 = CARTESIAN_POINT('',(-177.35,89.99,92.5));
#11119 = VECTOR('',#11120,1.);
#11120 = DIRECTION('',(-0.,1.,0.));
#11121 = PCURVE('',#2377,#11122);
#11122 = DEFINITIONAL_REPRESENTATION('',(#11123),#11127);
#11123 = LINE('',#11124,#11125);
#11124 = CARTESIAN_POINT('',(0.,0.));
#11125 = VECTOR('',#11126,1.);
#11126 = DIRECTION('',(0.,1.));
#11127 = ( GEOMETRIC_REPRESENTATION_CONTEXT(2) 
PARAMETRIC_REPRESENTATION_CONTEXT() REPRESENTATION_CONTEXT('2D SPACE',''
  ) );
#11128 = PCURVE('',#2403,#11129);
#11129 = DEFINITIONAL_REPRESENTATION('',(#11130),#11134);
#11130 = LINE('',#11131,#11132);
#11131 = CARTESIAN_POINT('',(14.,0.));
#11132 = VECTOR('',#11133,1.);
#11133 = DIRECTION('',(0.,-1.));
#11134 = ( GEOMETRIC_REPRESENTATION_CONTEXT(2) 
PARAMETRIC_REPRESENTATION_CONTEXT() REPRESENTATION_CONTEXT('2D SPACE',''
  ) );
#11135 = ORIENTED_EDGE('',*,*,#2360,.T.);
#11136 = ORIENTED_EDGE('',*,*,#11137,.T.);
#11137 = EDGE_CURVE('',#2363,#6743,#11138,.T.);
#11138 = SURFACE_CURVE('',#11139,(#11143,#11150),.PCURVE_S1.);
#11139 = LINE('',#11140,#11141);
#11140 = CARTESIAN_POINT('',(-174.35,89.99,92.5));
#11141 = VECTOR('',#11142,1.);
#11142 = DIRECTION('',(-0.,1.,0.));
#11143 = PCURVE('',#2377,#11144);
#11144 = DEFINITIONAL_REPRESENTATION('',(#11145),#11149);
#11145 = LINE('',#11146,#11147);
#11146 = CARTESIAN_POINT('',(3.,0.));
#11147 = VECTOR('',#11148,1.);
#11148 = DIRECTION('',(0.,1.));
#11149 = ( GEOMETRIC_REPRESENTATION_CONTEXT(2) 
PARAMETRIC_REPRESENTATION_CONTEXT() REPRESENTATION_CONTEXT('2D SPACE',''
  ) );
#11150 = PCURVE('',#2453,#11151);
#11151 = DEFINITIONAL_REPRESENTATION('',(#11152),#11156);
#11152 = LINE('',#11153,#11154);
#11153 = CARTESIAN_POINT('',(14.,0.));
#11154 = VECTOR('',#11155,1.);
#11155 = DIRECTION('',(0.,-1.));
#11156 = ( GEOMETRIC_REPRESENTATION_CONTEXT(2) 
PARAMETRIC_REPRESENTATION_CONTEXT() REPRESENTATION_CONTEXT('2D SPACE',''
  ) );
#11157 = ORIENTED_EDGE('',*,*,#6740,.F.);
#11158 = ADVANCED_FACE('',(#11159),#2453,.F.);
#11159 = FACE_BOUND('',#11160,.F.);
#11160 = EDGE_LOOP('',(#11161,#11162,#11163,#11184));
#11161 = ORIENTED_EDGE('',*,*,#11137,.F.);
#11162 = ORIENTED_EDGE('',*,*,#2440,.T.);
#11163 = ORIENTED_EDGE('',*,*,#11164,.T.);
#11164 = EDGE_CURVE('',#2415,#6785,#11165,.T.);
#11165 = SURFACE_CURVE('',#11166,(#11170,#11177),.PCURVE_S1.);
#11166 = LINE('',#11167,#11168);
#11167 = CARTESIAN_POINT('',(-174.35,89.99,78.5));
#11168 = VECTOR('',#11169,1.);
#11169 = DIRECTION('',(-0.,1.,0.));
#11170 = PCURVE('',#2453,#11171);
#11171 = DEFINITIONAL_REPRESENTATION('',(#11172),#11176);
#11172 = LINE('',#11173,#11174);
#11173 = CARTESIAN_POINT('',(0.,0.));
#11174 = VECTOR('',#11175,1.);
#11175 = DIRECTION('',(0.,-1.));
#11176 = ( GEOMETRIC_REPRESENTATION_CONTEXT(2) 
PARAMETRIC_REPRESENTATION_CONTEXT() REPRESENTATION_CONTEXT('2D SPACE',''
  ) );
#11177 = PCURVE('',#2429,#11178);
#11178 = DEFINITIONAL_REPRESENTATION('',(#11179),#11183);
#11179 = LINE('',#11180,#11181);
#11180 = CARTESIAN_POINT('',(3.,0.));
#11181 = VECTOR('',#11182,1.);
#11182 = DIRECTION('',(0.,1.));
#11183 = ( GEOMETRIC_REPRESENTATION_CONTEXT(2) 
PARAMETRIC_REPRESENTATION_CONTEXT() REPRESENTATION_CONTEXT('2D SPACE',''
  ) );
#11184 = ORIENTED_EDGE('',*,*,#6805,.F.);
#11185 = ADVANCED_FACE('',(#11186),#2429,.T.);
#11186 = FACE_BOUND('',#11187,.T.);
#11187 = EDGE_LOOP('',(#11188,#11209,#11210,#11211));
#11188 = ORIENTED_EDGE('',*,*,#11189,.F.);
#11189 = EDGE_CURVE('',#2389,#6764,#11190,.T.);
#11190 = SURFACE_CURVE('',#11191,(#11195,#11202),.PCURVE_S1.);
#11191 = LINE('',#11192,#11193);
#11192 = CARTESIAN_POINT('',(-177.35,89.99,78.5));
#11193 = VECTOR('',#11194,1.);
#11194 = DIRECTION('',(-0.,1.,0.));
#11195 = PCURVE('',#2429,#11196);
#11196 = DEFINITIONAL_REPRESENTATION('',(#11197),#11201);
#11197 = LINE('',#11198,#11199);
#11198 = CARTESIAN_POINT('',(0.,0.));
#11199 = VECTOR('',#11200,1.);
#11200 = DIRECTION('',(0.,1.));
#11201 = ( GEOMETRIC_REPRESENTATION_CONTEXT(2) 
PARAMETRIC_REPRESENTATION_CONTEXT() REPRESENTATION_CONTEXT('2D SPACE',''
  ) );
#11202 = PCURVE('',#2403,#11203);
#11203 = DEFINITIONAL_REPRESENTATION('',(#11204),#11208);
#11204 = LINE('',#11205,#11206);
#11205 = CARTESIAN_POINT('',(0.,0.));
#11206 = VECTOR('',#11207,1.);
#11207 = DIRECTION('',(0.,-1.));
#11208 = ( GEOMETRIC_REPRESENTATION_CONTEXT(2) 
PARAMETRIC_REPRESENTATION_CONTEXT() REPRESENTATION_CONTEXT('2D SPACE',''
  ) );
#11209 = ORIENTED_EDGE('',*,*,#2414,.T.);
#11210 = ORIENTED_EDGE('',*,*,#11164,.T.);
#11211 = ORIENTED_EDGE('',*,*,#6784,.F.);
#11212 = ADVANCED_FACE('',(#11213),#2403,.T.);
#11213 = FACE_BOUND('',#11214,.T.);
#11214 = EDGE_LOOP('',(#11215,#11216,#11217,#11218));
#11215 = ORIENTED_EDGE('',*,*,#11115,.F.);
#11216 = ORIENTED_EDGE('',*,*,#2388,.T.);
#11217 = ORIENTED_EDGE('',*,*,#11189,.T.);
#11218 = ORIENTED_EDGE('',*,*,#6763,.F.);
#11219 = ADVANCED_FACE('',(#11220),#2483,.F.);
#11220 = FACE_BOUND('',#11221,.F.);
#11221 = EDGE_LOOP('',(#11222,#11243,#11244,#11265));
#11222 = ORIENTED_EDGE('',*,*,#11223,.F.);
#11223 = EDGE_CURVE('',#2467,#6827,#11224,.T.);
#11224 = SURFACE_CURVE('',#11225,(#11229,#11236),.PCURVE_S1.);
#11225 = LINE('',#11226,#11227);
#11226 = CARTESIAN_POINT('',(-171.35,89.99,92.5));
#11227 = VECTOR('',#11228,1.);
#11228 = DIRECTION('',(-0.,1.,0.));
#11229 = PCURVE('',#2483,#11230);
#11230 = DEFINITIONAL_REPRESENTATION('',(#11231),#11235);
#11231 = LINE('',#11232,#11233);
#11232 = CARTESIAN_POINT('',(0.,0.));
#11233 = VECTOR('',#11234,1.);
#11234 = DIRECTION('',(0.,1.));
#11235 = ( GEOMETRIC_REPRESENTATION_CONTEXT(2) 
PARAMETRIC_REPRESENTATION_CONTEXT() REPRESENTATION_CONTEXT('2D SPACE',''
  ) );
#11236 = PCURVE('',#2509,#11237);
#11237 = DEFINITIONAL_REPRESENTATION('',(#11238),#11242);
#11238 = LINE('',#11239,#11240);
#11239 = CARTESIAN_POINT('',(14.,0.));
#11240 = VECTOR('',#11241,1.);
#11241 = DIRECTION('',(0.,-1.));
#11242 = ( GEOMETRIC_REPRESENTATION_CONTEXT(2) 
PARAMETRIC_REPRESENTATION_CONTEXT() REPRESENTATION_CONTEXT('2D SPACE',''
  ) );
#11243 = ORIENTED_EDGE('',*,*,#2466,.T.);
#11244 = ORIENTED_EDGE('',*,*,#11245,.T.);
#11245 = EDGE_CURVE('',#2469,#6829,#11246,.T.);
#11246 = SURFACE_CURVE('',#11247,(#11251,#11258),.PCURVE_S1.);
#11247 = LINE('',#11248,#11249);
#11248 = CARTESIAN_POINT('',(-168.35,89.99,92.5));
#11249 = VECTOR('',#11250,1.);
#11250 = DIRECTION('',(-0.,1.,0.));
#11251 = PCURVE('',#2483,#11252);
#11252 = DEFINITIONAL_REPRESENTATION('',(#11253),#11257);
#11253 = LINE('',#11254,#11255);
#11254 = CARTESIAN_POINT('',(3.,0.));
#11255 = VECTOR('',#11256,1.);
#11256 = DIRECTION('',(0.,1.));
#11257 = ( GEOMETRIC_REPRESENTATION_CONTEXT(2) 
PARAMETRIC_REPRESENTATION_CONTEXT() REPRESENTATION_CONTEXT('2D SPACE',''
  ) );
#11258 = PCURVE('',#2559,#11259);
#11259 = DEFINITIONAL_REPRESENTATION('',(#11260),#11264);
#11260 = LINE('',#11261,#11262);
#11261 = CARTESIAN_POINT('',(14.,0.));
#11262 = VECTOR('',#11263,1.);
#11263 = DIRECTION('',(0.,-1.));
#11264 = ( GEOMETRIC_REPRESENTATION_CONTEXT(2) 
PARAMETRIC_REPRESENTATION_CONTEXT() REPRESENTATION_CONTEXT('2D SPACE',''
  ) );
#11265 = ORIENTED_EDGE('',*,*,#6826,.F.);
#11266 = ADVANCED_FACE('',(#11267),#2559,.F.);
#11267 = FACE_BOUND('',#11268,.F.);
#11268 = EDGE_LOOP('',(#11269,#11270,#11271,#11292));
#11269 = ORIENTED_EDGE('',*,*,#11245,.F.);
#11270 = ORIENTED_EDGE('',*,*,#2546,.T.);
#11271 = ORIENTED_EDGE('',*,*,#11272,.T.);
#11272 = EDGE_CURVE('',#2521,#6871,#11273,.T.);
#11273 = SURFACE_CURVE('',#11274,(#11278,#11285),.PCURVE_S1.);
#11274 = LINE('',#11275,#11276);
#11275 = CARTESIAN_POINT('',(-168.35,89.99,78.5));
#11276 = VECTOR('',#11277,1.);
#11277 = DIRECTION('',(-0.,1.,0.));
#11278 = PCURVE('',#2559,#11279);
#11279 = DEFINITIONAL_REPRESENTATION('',(#11280),#11284);
#11280 = LINE('',#11281,#11282);
#11281 = CARTESIAN_POINT('',(0.,0.));
#11282 = VECTOR('',#11283,1.);
#11283 = DIRECTION('',(0.,-1.));
#11284 = ( GEOMETRIC_REPRESENTATION_CONTEXT(2) 
PARAMETRIC_REPRESENTATION_CONTEXT() REPRESENTATION_CONTEXT('2D SPACE',''
  ) );
#11285 = PCURVE('',#2535,#11286);
#11286 = DEFINITIONAL_REPRESENTATION('',(#11287),#11291);
#11287 = LINE('',#11288,#11289);
#11288 = CARTESIAN_POINT('',(3.,0.));
#11289 = VECTOR('',#11290,1.);
#11290 = DIRECTION('',(0.,1.));
#11291 = ( GEOMETRIC_REPRESENTATION_CONTEXT(2) 
PARAMETRIC_REPRESENTATION_CONTEXT() REPRESENTATION_CONTEXT('2D SPACE',''
  ) );
#11292 = ORIENTED_EDGE('',*,*,#6891,.F.);
#11293 = ADVANCED_FACE('',(#11294),#2535,.T.);
#11294 = FACE_BOUND('',#11295,.T.);
#11295 = EDGE_LOOP('',(#11296,#11317,#11318,#11319));
#11296 = ORIENTED_EDGE('',*,*,#11297,.F.);
#11297 = EDGE_CURVE('',#2495,#6850,#11298,.T.);
#11298 = SURFACE_CURVE('',#11299,(#11303,#11310),.PCURVE_S1.);
#11299 = LINE('',#11300,#11301);
#11300 = CARTESIAN_POINT('',(-171.35,89.99,78.5));
#11301 = VECTOR('',#11302,1.);
#11302 = DIRECTION('',(-0.,1.,0.));
#11303 = PCURVE('',#2535,#11304);
#11304 = DEFINITIONAL_REPRESENTATION('',(#11305),#11309);
#11305 = LINE('',#11306,#11307);
#11306 = CARTESIAN_POINT('',(0.,0.));
#11307 = VECTOR('',#11308,1.);
#11308 = DIRECTION('',(0.,1.));
#11309 = ( GEOMETRIC_REPRESENTATION_CONTEXT(2) 
PARAMETRIC_REPRESENTATION_CONTEXT() REPRESENTATION_CONTEXT('2D SPACE',''
  ) );
#11310 = PCURVE('',#2509,#11311);
#11311 = DEFINITIONAL_REPRESENTATION('',(#11312),#11316);
#11312 = LINE('',#11313,#11314);
#11313 = CARTESIAN_POINT('',(0.,0.));
#11314 = VECTOR('',#11315,1.);
#11315 = DIRECTION('',(0.,-1.));
#11316 = ( GEOMETRIC_REPRESENTATION_CONTEXT(2) 
PARAMETRIC_REPRESENTATION_CONTEXT() REPRESENTATION_CONTEXT('2D SPACE',''
  ) );
#11317 = ORIENTED_EDGE('',*,*,#2520,.T.);
#11318 = ORIENTED_EDGE('',*,*,#11272,.T.);
#11319 = ORIENTED_EDGE('',*,*,#6870,.F.);
#11320 = ADVANCED_FACE('',(#11321),#2509,.T.);
#11321 = FACE_BOUND('',#11322,.T.);
#11322 = EDGE_LOOP('',(#11323,#11324,#11325,#11326));
#11323 = ORIENTED_EDGE('',*,*,#11223,.F.);
#11324 = ORIENTED_EDGE('',*,*,#2494,.T.);
#11325 = ORIENTED_EDGE('',*,*,#11297,.T.);
#11326 = ORIENTED_EDGE('',*,*,#6849,.F.);
#11327 = ADVANCED_FACE('',(#11328),#2589,.F.);
#11328 = FACE_BOUND('',#11329,.F.);
#11329 = EDGE_LOOP('',(#11330,#11353,#11380,#11381));
#11330 = ORIENTED_EDGE('',*,*,#11331,.T.);
#11331 = EDGE_CURVE('',#2573,#11332,#11334,.T.);
#11332 = VERTEX_POINT('',#11333);
#11333 = CARTESIAN_POINT('',(-162.575,91.4,5.));
#11334 = SEAM_CURVE('',#11335,(#11339,#11346),.PCURVE_S1.);
#11335 = LINE('',#11336,#11337);
#11336 = CARTESIAN_POINT('',(-162.575,89.99,5.));
#11337 = VECTOR('',#11338,1.);
#11338 = DIRECTION('',(0.,1.,2.22044604925E-16));
#11339 = PCURVE('',#2589,#11340);
#11340 = DEFINITIONAL_REPRESENTATION('',(#11341),#11345);
#11341 = LINE('',#11342,#11343);
#11342 = CARTESIAN_POINT('',(6.28318530718,-0.));
#11343 = VECTOR('',#11344,1.);
#11344 = DIRECTION('',(0.,1.));
#11345 = ( GEOMETRIC_REPRESENTATION_CONTEXT(2) 
PARAMETRIC_REPRESENTATION_CONTEXT() REPRESENTATION_CONTEXT('2D SPACE',''
  ) );
#11346 = PCURVE('',#2589,#11347);
#11347 = DEFINITIONAL_REPRESENTATION('',(#11348),#11352);
#11348 = LINE('',#11349,#11350);
#11349 = CARTESIAN_POINT('',(0.,-0.));
#11350 = VECTOR('',#11351,1.);
#11351 = DIRECTION('',(0.,1.));
#11352 = ( GEOMETRIC_REPRESENTATION_CONTEXT(2) 
PARAMETRIC_REPRESENTATION_CONTEXT() REPRESENTATION_CONTEXT('2D SPACE',''
  ) );
#11353 = ORIENTED_EDGE('',*,*,#11354,.F.);
#11354 = EDGE_CURVE('',#11332,#11332,#11355,.T.);
#11355 = SURFACE_CURVE('',#11356,(#11361,#11368),.PCURVE_S1.);
#11356 = CIRCLE('',#11357,1.775);
#11357 = AXIS2_PLACEMENT_3D('',#11358,#11359,#11360);
#11358 = CARTESIAN_POINT('',(-164.35,91.4,5.));
#11359 = DIRECTION('',(0.,1.,2.22044604925E-16));
#11360 = DIRECTION('',(1.,0.,-0.));
#11361 = PCURVE('',#2589,#11362);
#11362 = DEFINITIONAL_REPRESENTATION('',(#11363),#11367);
#11363 = LINE('',#11364,#11365);
#11364 = CARTESIAN_POINT('',(0.,1.41));
#11365 = VECTOR('',#11366,1.);
#11366 = DIRECTION('',(1.,0.));
#11367 = ( GEOMETRIC_REPRESENTATION_CONTEXT(2) 
PARAMETRIC_REPRESENTATION_CONTEXT() REPRESENTATION_CONTEXT('2D SPACE',''
  ) );
#11368 = PCURVE('',#11369,#11374);
#11369 = PLANE('',#11370);
#11370 = AXIS2_PLACEMENT_3D('',#11371,#11372,#11373);
#11371 = CARTESIAN_POINT('',(-164.35,91.4,5.));
#11372 = DIRECTION('',(0.,1.,2.22044604925E-16));
#11373 = DIRECTION('',(1.,0.,-0.));
#11374 = DEFINITIONAL_REPRESENTATION('',(#11375),#11379);
#11375 = CIRCLE('',#11376,1.775);
#11376 = AXIS2_PLACEMENT_2D('',#11377,#11378);
#11377 = CARTESIAN_POINT('',(0.,0.));
#11378 = DIRECTION('',(1.,0.));
#11379 = ( GEOMETRIC_REPRESENTATION_CONTEXT(2) 
PARAMETRIC_REPRESENTATION_CONTEXT() REPRESENTATION_CONTEXT('2D SPACE',''
  ) );
#11380 = ORIENTED_EDGE('',*,*,#11331,.F.);
#11381 = ORIENTED_EDGE('',*,*,#2572,.T.);
#11382 = ADVANCED_FACE('',(#11383),#2620,.F.);
#11383 = FACE_BOUND('',#11384,.F.);
#11384 = EDGE_LOOP('',(#11385,#11406,#11407,#11428));
#11385 = ORIENTED_EDGE('',*,*,#11386,.F.);
#11386 = EDGE_CURVE('',#2604,#6944,#11387,.T.);
#11387 = SURFACE_CURVE('',#11388,(#11392,#11399),.PCURVE_S1.);
#11388 = LINE('',#11389,#11390);
#11389 = CARTESIAN_POINT('',(-165.35,89.99,23.));
#11390 = VECTOR('',#11391,1.);
#11391 = DIRECTION('',(-0.,1.,0.));
#11392 = PCURVE('',#2620,#11393);
#11393 = DEFINITIONAL_REPRESENTATION('',(#11394),#11398);
#11394 = LINE('',#11395,#11396);
#11395 = CARTESIAN_POINT('',(0.,0.));
#11396 = VECTOR('',#11397,1.);
#11397 = DIRECTION('',(0.,1.));
#11398 = ( GEOMETRIC_REPRESENTATION_CONTEXT(2) 
PARAMETRIC_REPRESENTATION_CONTEXT() REPRESENTATION_CONTEXT('2D SPACE',''
  ) );
#11399 = PCURVE('',#2646,#11400);
#11400 = DEFINITIONAL_REPRESENTATION('',(#11401),#11405);
#11401 = LINE('',#11402,#11403);
#11402 = CARTESIAN_POINT('',(14.,0.));
#11403 = VECTOR('',#11404,1.);
#11404 = DIRECTION('',(0.,-1.));
#11405 = ( GEOMETRIC_REPRESENTATION_CONTEXT(2) 
PARAMETRIC_REPRESENTATION_CONTEXT() REPRESENTATION_CONTEXT('2D SPACE',''
  ) );
#11406 = ORIENTED_EDGE('',*,*,#2603,.T.);
#11407 = ORIENTED_EDGE('',*,*,#11408,.T.);
#11408 = EDGE_CURVE('',#2606,#6946,#11409,.T.);
#11409 = SURFACE_CURVE('',#11410,(#11414,#11421),.PCURVE_S1.);
#11410 = LINE('',#11411,#11412);
#11411 = CARTESIAN_POINT('',(-162.35,89.99,23.));
#11412 = VECTOR('',#11413,1.);
#11413 = DIRECTION('',(-0.,1.,0.));
#11414 = PCURVE('',#2620,#11415);
#11415 = DEFINITIONAL_REPRESENTATION('',(#11416),#11420);
#11416 = LINE('',#11417,#11418);
#11417 = CARTESIAN_POINT('',(3.,0.));
#11418 = VECTOR('',#11419,1.);
#11419 = DIRECTION('',(0.,1.));
#11420 = ( GEOMETRIC_REPRESENTATION_CONTEXT(2) 
PARAMETRIC_REPRESENTATION_CONTEXT() REPRESENTATION_CONTEXT('2D SPACE',''
  ) );
#11421 = PCURVE('',#2696,#11422);
#11422 = DEFINITIONAL_REPRESENTATION('',(#11423),#11427);
#11423 = LINE('',#11424,#11425);
#11424 = CARTESIAN_POINT('',(14.,0.));
#11425 = VECTOR('',#11426,1.);
#11426 = DIRECTION('',(0.,-1.));
#11427 = ( GEOMETRIC_REPRESENTATION_CONTEXT(2) 
PARAMETRIC_REPRESENTATION_CONTEXT() REPRESENTATION_CONTEXT('2D SPACE',''
  ) );
#11428 = ORIENTED_EDGE('',*,*,#6943,.F.);
#11429 = ADVANCED_FACE('',(#11430),#2696,.F.);
#11430 = FACE_BOUND('',#11431,.F.);
#11431 = EDGE_LOOP('',(#11432,#11433,#11434,#11455));
#11432 = ORIENTED_EDGE('',*,*,#11408,.F.);
#11433 = ORIENTED_EDGE('',*,*,#2683,.T.);
#11434 = ORIENTED_EDGE('',*,*,#11435,.T.);
#11435 = EDGE_CURVE('',#2658,#6988,#11436,.T.);
#11436 = SURFACE_CURVE('',#11437,(#11441,#11448),.PCURVE_S1.);
#11437 = LINE('',#11438,#11439);
#11438 = CARTESIAN_POINT('',(-162.35,89.99,9.));
#11439 = VECTOR('',#11440,1.);
#11440 = DIRECTION('',(-0.,1.,0.));
#11441 = PCURVE('',#2696,#11442);
#11442 = DEFINITIONAL_REPRESENTATION('',(#11443),#11447);
#11443 = LINE('',#11444,#11445);
#11444 = CARTESIAN_POINT('',(0.,0.));
#11445 = VECTOR('',#11446,1.);
#11446 = DIRECTION('',(0.,-1.));
#11447 = ( GEOMETRIC_REPRESENTATION_CONTEXT(2) 
PARAMETRIC_REPRESENTATION_CONTEXT() REPRESENTATION_CONTEXT('2D SPACE',''
  ) );
#11448 = PCURVE('',#2672,#11449);
#11449 = DEFINITIONAL_REPRESENTATION('',(#11450),#11454);
#11450 = LINE('',#11451,#11452);
#11451 = CARTESIAN_POINT('',(3.,0.));
#11452 = VECTOR('',#11453,1.);
#11453 = DIRECTION('',(0.,1.));
#11454 = ( GEOMETRIC_REPRESENTATION_CONTEXT(2) 
PARAMETRIC_REPRESENTATION_CONTEXT() REPRESENTATION_CONTEXT('2D SPACE',''
  ) );
#11455 = ORIENTED_EDGE('',*,*,#7008,.F.);
#11456 = ADVANCED_FACE('',(#11457),#2672,.T.);
#11457 = FACE_BOUND('',#11458,.T.);
#11458 = EDGE_LOOP('',(#11459,#11480,#11481,#11482));
#11459 = ORIENTED_EDGE('',*,*,#11460,.F.);
#11460 = EDGE_CURVE('',#2632,#6967,#11461,.T.);
#11461 = SURFACE_CURVE('',#11462,(#11466,#11473),.PCURVE_S1.);
#11462 = LINE('',#11463,#11464);
#11463 = CARTESIAN_POINT('',(-165.35,89.99,9.));
#11464 = VECTOR('',#11465,1.);
#11465 = DIRECTION('',(-0.,1.,0.));
#11466 = PCURVE('',#2672,#11467);
#11467 = DEFINITIONAL_REPRESENTATION('',(#11468),#11472);
#11468 = LINE('',#11469,#11470);
#11469 = CARTESIAN_POINT('',(0.,0.));
#11470 = VECTOR('',#11471,1.);
#11471 = DIRECTION('',(0.,1.));
#11472 = ( GEOMETRIC_REPRESENTATION_CONTEXT(2) 
PARAMETRIC_REPRESENTATION_CONTEXT() REPRESENTATION_CONTEXT('2D SPACE',''
  ) );
#11473 = PCURVE('',#2646,#11474);
#11474 = DEFINITIONAL_REPRESENTATION('',(#11475),#11479);
#11475 = LINE('',#11476,#11477);
#11476 = CARTESIAN_POINT('',(0.,0.));
#11477 = VECTOR('',#11478,1.);
#11478 = DIRECTION('',(0.,-1.));
#11479 = ( GEOMETRIC_REPRESENTATION_CONTEXT(2) 
PARAMETRIC_REPRESENTATION_CONTEXT() REPRESENTATION_CONTEXT('2D SPACE',''
  ) );
#11480 = ORIENTED_EDGE('',*,*,#2657,.T.);
#11481 = ORIENTED_EDGE('',*,*,#11435,.T.);
#11482 = ORIENTED_EDGE('',*,*,#6987,.F.);
#11483 = ADVANCED_FACE('',(#11484),#2646,.T.);
#11484 = FACE_BOUND('',#11485,.T.);
#11485 = EDGE_LOOP('',(#11486,#11487,#11488,#11489));
#11486 = ORIENTED_EDGE('',*,*,#11386,.F.);
#11487 = ORIENTED_EDGE('',*,*,#2631,.T.);
#11488 = ORIENTED_EDGE('',*,*,#11460,.T.);
#11489 = ORIENTED_EDGE('',*,*,#6966,.F.);
#11490 = ADVANCED_FACE('',(#11491),#2726,.F.);
#11491 = FACE_BOUND('',#11492,.F.);
#11492 = EDGE_LOOP('',(#11493,#11514,#11515,#11536));
#11493 = ORIENTED_EDGE('',*,*,#11494,.F.);
#11494 = EDGE_CURVE('',#2710,#7030,#11495,.T.);
#11495 = SURFACE_CURVE('',#11496,(#11500,#11507),.PCURVE_S1.);
#11496 = LINE('',#11497,#11498);
#11497 = CARTESIAN_POINT('',(-159.35,89.99,23.));
#11498 = VECTOR('',#11499,1.);
#11499 = DIRECTION('',(-0.,1.,0.));
#11500 = PCURVE('',#2726,#11501);
#11501 = DEFINITIONAL_REPRESENTATION('',(#11502),#11506);
#11502 = LINE('',#11503,#11504);
#11503 = CARTESIAN_POINT('',(0.,0.));
#11504 = VECTOR('',#11505,1.);
#11505 = DIRECTION('',(0.,1.));
#11506 = ( GEOMETRIC_REPRESENTATION_CONTEXT(2) 
PARAMETRIC_REPRESENTATION_CONTEXT() REPRESENTATION_CONTEXT('2D SPACE',''
  ) );
#11507 = PCURVE('',#2752,#11508);
#11508 = DEFINITIONAL_REPRESENTATION('',(#11509),#11513);
#11509 = LINE('',#11510,#11511);
#11510 = CARTESIAN_POINT('',(14.,0.));
#11511 = VECTOR('',#11512,1.);
#11512 = DIRECTION('',(0.,-1.));
#11513 = ( GEOMETRIC_REPRESENTATION_CONTEXT(2) 
PARAMETRIC_REPRESENTATION_CONTEXT() REPRESENTATION_CONTEXT('2D SPACE',''
  ) );
#11514 = ORIENTED_EDGE('',*,*,#2709,.T.);
#11515 = ORIENTED_EDGE('',*,*,#11516,.T.);
#11516 = EDGE_CURVE('',#2712,#7032,#11517,.T.);
#11517 = SURFACE_CURVE('',#11518,(#11522,#11529),.PCURVE_S1.);
#11518 = LINE('',#11519,#11520);
#11519 = CARTESIAN_POINT('',(-156.35,89.99,23.));
#11520 = VECTOR('',#11521,1.);
#11521 = DIRECTION('',(-0.,1.,0.));
#11522 = PCURVE('',#2726,#11523);
#11523 = DEFINITIONAL_REPRESENTATION('',(#11524),#11528);
#11524 = LINE('',#11525,#11526);
#11525 = CARTESIAN_POINT('',(3.,0.));
#11526 = VECTOR('',#11527,1.);
#11527 = DIRECTION('',(0.,1.));
#11528 = ( GEOMETRIC_REPRESENTATION_CONTEXT(2) 
PARAMETRIC_REPRESENTATION_CONTEXT() REPRESENTATION_CONTEXT('2D SPACE',''
  ) );
#11529 = PCURVE('',#2802,#11530);
#11530 = DEFINITIONAL_REPRESENTATION('',(#11531),#11535);
#11531 = LINE('',#11532,#11533);
#11532 = CARTESIAN_POINT('',(14.,0.));
#11533 = VECTOR('',#11534,1.);
#11534 = DIRECTION('',(0.,-1.));
#11535 = ( GEOMETRIC_REPRESENTATION_CONTEXT(2) 
PARAMETRIC_REPRESENTATION_CONTEXT() REPRESENTATION_CONTEXT('2D SPACE',''
  ) );
#11536 = ORIENTED_EDGE('',*,*,#7029,.F.);
#11537 = ADVANCED_FACE('',(#11538),#2802,.F.);
#11538 = FACE_BOUND('',#11539,.F.);
#11539 = EDGE_LOOP('',(#11540,#11541,#11542,#11563));
#11540 = ORIENTED_EDGE('',*,*,#11516,.F.);
#11541 = ORIENTED_EDGE('',*,*,#2789,.T.);
#11542 = ORIENTED_EDGE('',*,*,#11543,.T.);
#11543 = EDGE_CURVE('',#2764,#7074,#11544,.T.);
#11544 = SURFACE_CURVE('',#11545,(#11549,#11556),.PCURVE_S1.);
#11545 = LINE('',#11546,#11547);
#11546 = CARTESIAN_POINT('',(-156.35,89.99,9.));
#11547 = VECTOR('',#11548,1.);
#11548 = DIRECTION('',(-0.,1.,0.));
#11549 = PCURVE('',#2802,#11550);
#11550 = DEFINITIONAL_REPRESENTATION('',(#11551),#11555);
#11551 = LINE('',#11552,#11553);
#11552 = CARTESIAN_POINT('',(0.,0.));
#11553 = VECTOR('',#11554,1.);
#11554 = DIRECTION('',(0.,-1.));
#11555 = ( GEOMETRIC_REPRESENTATION_CONTEXT(2) 
PARAMETRIC_REPRESENTATION_CONTEXT() REPRESENTATION_CONTEXT('2D SPACE',''
  ) );
#11556 = PCURVE('',#2778,#11557);
#11557 = DEFINITIONAL_REPRESENTATION('',(#11558),#11562);
#11558 = LINE('',#11559,#11560);
#11559 = CARTESIAN_POINT('',(3.,0.));
#11560 = VECTOR('',#11561,1.);
#11561 = DIRECTION('',(0.,1.));
#11562 = ( GEOMETRIC_REPRESENTATION_CONTEXT(2) 
PARAMETRIC_REPRESENTATION_CONTEXT() REPRESENTATION_CONTEXT('2D SPACE',''
  ) );
#11563 = ORIENTED_EDGE('',*,*,#7094,.F.);
#11564 = ADVANCED_FACE('',(#11565),#2778,.T.);
#11565 = FACE_BOUND('',#11566,.T.);
#11566 = EDGE_LOOP('',(#11567,#11588,#11589,#11590));
#11567 = ORIENTED_EDGE('',*,*,#11568,.F.);
#11568 = EDGE_CURVE('',#2738,#7053,#11569,.T.);
#11569 = SURFACE_CURVE('',#11570,(#11574,#11581),.PCURVE_S1.);
#11570 = LINE('',#11571,#11572);
#11571 = CARTESIAN_POINT('',(-159.35,89.99,9.));
#11572 = VECTOR('',#11573,1.);
#11573 = DIRECTION('',(-0.,1.,0.));
#11574 = PCURVE('',#2778,#11575);
#11575 = DEFINITIONAL_REPRESENTATION('',(#11576),#11580);
#11576 = LINE('',#11577,#11578);
#11577 = CARTESIAN_POINT('',(0.,0.));
#11578 = VECTOR('',#11579,1.);
#11579 = DIRECTION('',(0.,1.));
#11580 = ( GEOMETRIC_REPRESENTATION_CONTEXT(2) 
PARAMETRIC_REPRESENTATION_CONTEXT() REPRESENTATION_CONTEXT('2D SPACE',''
  ) );
#11581 = PCURVE('',#2752,#11582);
#11582 = DEFINITIONAL_REPRESENTATION('',(#11583),#11587);
#11583 = LINE('',#11584,#11585);
#11584 = CARTESIAN_POINT('',(0.,0.));
#11585 = VECTOR('',#11586,1.);
#11586 = DIRECTION('',(0.,-1.));
#11587 = ( GEOMETRIC_REPRESENTATION_CONTEXT(2) 
PARAMETRIC_REPRESENTATION_CONTEXT() REPRESENTATION_CONTEXT('2D SPACE',''
  ) );
#11588 = ORIENTED_EDGE('',*,*,#2763,.T.);
#11589 = ORIENTED_EDGE('',*,*,#11543,.T.);
#11590 = ORIENTED_EDGE('',*,*,#7073,.F.);
#11591 = ADVANCED_FACE('',(#11592),#2752,.T.);
#11592 = FACE_BOUND('',#11593,.T.);
#11593 = EDGE_LOOP('',(#11594,#11595,#11596,#11597));
#11594 = ORIENTED_EDGE('',*,*,#11494,.F.);
#11595 = ORIENTED_EDGE('',*,*,#2737,.T.);
#11596 = ORIENTED_EDGE('',*,*,#11568,.T.);
#11597 = ORIENTED_EDGE('',*,*,#7052,.F.);
#11598 = ADVANCED_FACE('',(#11599),#2832,.F.);
#11599 = FACE_BOUND('',#11600,.F.);
#11600 = EDGE_LOOP('',(#11601,#11622,#11623,#11644));
#11601 = ORIENTED_EDGE('',*,*,#11602,.F.);
#11602 = EDGE_CURVE('',#2816,#7116,#11603,.T.);
#11603 = SURFACE_CURVE('',#11604,(#11608,#11615),.PCURVE_S1.);
#11604 = LINE('',#11605,#11606);
#11605 = CARTESIAN_POINT('',(-153.35,89.99,23.));
#11606 = VECTOR('',#11607,1.);
#11607 = DIRECTION('',(-0.,1.,0.));
#11608 = PCURVE('',#2832,#11609);
#11609 = DEFINITIONAL_REPRESENTATION('',(#11610),#11614);
#11610 = LINE('',#11611,#11612);
#11611 = CARTESIAN_POINT('',(0.,0.));
#11612 = VECTOR('',#11613,1.);
#11613 = DIRECTION('',(0.,1.));
#11614 = ( GEOMETRIC_REPRESENTATION_CONTEXT(2) 
PARAMETRIC_REPRESENTATION_CONTEXT() REPRESENTATION_CONTEXT('2D SPACE',''
  ) );
#11615 = PCURVE('',#2858,#11616);
#11616 = DEFINITIONAL_REPRESENTATION('',(#11617),#11621);
#11617 = LINE('',#11618,#11619);
#11618 = CARTESIAN_POINT('',(14.,0.));
#11619 = VECTOR('',#11620,1.);
#11620 = DIRECTION('',(0.,-1.));
#11621 = ( GEOMETRIC_REPRESENTATION_CONTEXT(2) 
PARAMETRIC_REPRESENTATION_CONTEXT() REPRESENTATION_CONTEXT('2D SPACE',''
  ) );
#11622 = ORIENTED_EDGE('',*,*,#2815,.T.);
#11623 = ORIENTED_EDGE('',*,*,#11624,.T.);
#11624 = EDGE_CURVE('',#2818,#7118,#11625,.T.);
#11625 = SURFACE_CURVE('',#11626,(#11630,#11637),.PCURVE_S1.);
#11626 = LINE('',#11627,#11628);
#11627 = CARTESIAN_POINT('',(-150.35,89.99,23.));
#11628 = VECTOR('',#11629,1.);
#11629 = DIRECTION('',(-0.,1.,0.));
#11630 = PCURVE('',#2832,#11631);
#11631 = DEFINITIONAL_REPRESENTATION('',(#11632),#11636);
#11632 = LINE('',#11633,#11634);
#11633 = CARTESIAN_POINT('',(3.,0.));
#11634 = VECTOR('',#11635,1.);
#11635 = DIRECTION('',(0.,1.));
#11636 = ( GEOMETRIC_REPRESENTATION_CONTEXT(2) 
PARAMETRIC_REPRESENTATION_CONTEXT() REPRESENTATION_CONTEXT('2D SPACE',''
  ) );
#11637 = PCURVE('',#2908,#11638);
#11638 = DEFINITIONAL_REPRESENTATION('',(#11639),#11643);
#11639 = LINE('',#11640,#11641);
#11640 = CARTESIAN_POINT('',(14.,0.));
#11641 = VECTOR('',#11642,1.);
#11642 = DIRECTION('',(0.,-1.));
#11643 = ( GEOMETRIC_REPRESENTATION_CONTEXT(2) 
PARAMETRIC_REPRESENTATION_CONTEXT() REPRESENTATION_CONTEXT('2D SPACE',''
  ) );
#11644 = ORIENTED_EDGE('',*,*,#7115,.F.);
#11645 = ADVANCED_FACE('',(#11646),#2908,.F.);
#11646 = FACE_BOUND('',#11647,.F.);
#11647 = EDGE_LOOP('',(#11648,#11649,#11650,#11671));
#11648 = ORIENTED_EDGE('',*,*,#11624,.F.);
#11649 = ORIENTED_EDGE('',*,*,#2895,.T.);
#11650 = ORIENTED_EDGE('',*,*,#11651,.T.);
#11651 = EDGE_CURVE('',#2870,#7160,#11652,.T.);
#11652 = SURFACE_CURVE('',#11653,(#11657,#11664),.PCURVE_S1.);
#11653 = LINE('',#11654,#11655);
#11654 = CARTESIAN_POINT('',(-150.35,89.99,9.));
#11655 = VECTOR('',#11656,1.);
#11656 = DIRECTION('',(-0.,1.,0.));
#11657 = PCURVE('',#2908,#11658);
#11658 = DEFINITIONAL_REPRESENTATION('',(#11659),#11663);
#11659 = LINE('',#11660,#11661);
#11660 = CARTESIAN_POINT('',(0.,0.));
#11661 = VECTOR('',#11662,1.);
#11662 = DIRECTION('',(0.,-1.));
#11663 = ( GEOMETRIC_REPRESENTATION_CONTEXT(2) 
PARAMETRIC_REPRESENTATION_CONTEXT() REPRESENTATION_CONTEXT('2D SPACE',''
  ) );
#11664 = PCURVE('',#2884,#11665);
#11665 = DEFINITIONAL_REPRESENTATION('',(#11666),#11670);
#11666 = LINE('',#11667,#11668);
#11667 = CARTESIAN_POINT('',(3.,0.));
#11668 = VECTOR('',#11669,1.);
#11669 = DIRECTION('',(0.,1.));
#11670 = ( GEOMETRIC_REPRESENTATION_CONTEXT(2) 
PARAMETRIC_REPRESENTATION_CONTEXT() REPRESENTATION_CONTEXT('2D SPACE',''
  ) );
#11671 = ORIENTED_EDGE('',*,*,#7180,.F.);
#11672 = ADVANCED_FACE('',(#11673),#2884,.T.);
#11673 = FACE_BOUND('',#11674,.T.);
#11674 = EDGE_LOOP('',(#11675,#11696,#11697,#11698));
#11675 = ORIENTED_EDGE('',*,*,#11676,.F.);
#11676 = EDGE_CURVE('',#2844,#7139,#11677,.T.);
#11677 = SURFACE_CURVE('',#11678,(#11682,#11689),.PCURVE_S1.);
#11678 = LINE('',#11679,#11680);
#11679 = CARTESIAN_POINT('',(-153.35,89.99,9.));
#11680 = VECTOR('',#11681,1.);
#11681 = DIRECTION('',(-0.,1.,0.));
#11682 = PCURVE('',#2884,#11683);
#11683 = DEFINITIONAL_REPRESENTATION('',(#11684),#11688);
#11684 = LINE('',#11685,#11686);
#11685 = CARTESIAN_POINT('',(0.,0.));
#11686 = VECTOR('',#11687,1.);
#11687 = DIRECTION('',(0.,1.));
#11688 = ( GEOMETRIC_REPRESENTATION_CONTEXT(2) 
PARAMETRIC_REPRESENTATION_CONTEXT() REPRESENTATION_CONTEXT('2D SPACE',''
  ) );
#11689 = PCURVE('',#2858,#11690);
#11690 = DEFINITIONAL_REPRESENTATION('',(#11691),#11695);
#11691 = LINE('',#11692,#11693);
#11692 = CARTESIAN_POINT('',(0.,0.));
#11693 = VECTOR('',#11694,1.);
#11694 = DIRECTION('',(0.,-1.));
#11695 = ( GEOMETRIC_REPRESENTATION_CONTEXT(2) 
PARAMETRIC_REPRESENTATION_CONTEXT() REPRESENTATION_CONTEXT('2D SPACE',''
  ) );
#11696 = ORIENTED_EDGE('',*,*,#2869,.T.);
#11697 = ORIENTED_EDGE('',*,*,#11651,.T.);
#11698 = ORIENTED_EDGE('',*,*,#7159,.F.);
#11699 = ADVANCED_FACE('',(#11700),#2858,.T.);
#11700 = FACE_BOUND('',#11701,.T.);
#11701 = EDGE_LOOP('',(#11702,#11703,#11704,#11705));
#11702 = ORIENTED_EDGE('',*,*,#11602,.F.);
#11703 = ORIENTED_EDGE('',*,*,#2843,.T.);
#11704 = ORIENTED_EDGE('',*,*,#11676,.T.);
#11705 = ORIENTED_EDGE('',*,*,#7138,.F.);
#11706 = ADVANCED_FACE('',(#11707),#2938,.F.);
#11707 = FACE_BOUND('',#11708,.F.);
#11708 = EDGE_LOOP('',(#11709,#11730,#11731,#11752));
#11709 = ORIENTED_EDGE('',*,*,#11710,.F.);
#11710 = EDGE_CURVE('',#2922,#7202,#11711,.T.);
#11711 = SURFACE_CURVE('',#11712,(#11716,#11723),.PCURVE_S1.);
#11712 = LINE('',#11713,#11714);
#11713 = CARTESIAN_POINT('',(-147.35,89.99,23.));
#11714 = VECTOR('',#11715,1.);
#11715 = DIRECTION('',(-0.,1.,0.));
#11716 = PCURVE('',#2938,#11717);
#11717 = DEFINITIONAL_REPRESENTATION('',(#11718),#11722);
#11718 = LINE('',#11719,#11720);
#11719 = CARTESIAN_POINT('',(0.,0.));
#11720 = VECTOR('',#11721,1.);
#11721 = DIRECTION('',(0.,1.));
#11722 = ( GEOMETRIC_REPRESENTATION_CONTEXT(2) 
PARAMETRIC_REPRESENTATION_CONTEXT() REPRESENTATION_CONTEXT('2D SPACE',''
  ) );
#11723 = PCURVE('',#2964,#11724);
#11724 = DEFINITIONAL_REPRESENTATION('',(#11725),#11729);
#11725 = LINE('',#11726,#11727);
#11726 = CARTESIAN_POINT('',(14.,0.));
#11727 = VECTOR('',#11728,1.);
#11728 = DIRECTION('',(0.,-1.));
#11729 = ( GEOMETRIC_REPRESENTATION_CONTEXT(2) 
PARAMETRIC_REPRESENTATION_CONTEXT() REPRESENTATION_CONTEXT('2D SPACE',''
  ) );
#11730 = ORIENTED_EDGE('',*,*,#2921,.T.);
#11731 = ORIENTED_EDGE('',*,*,#11732,.T.);
#11732 = EDGE_CURVE('',#2924,#7204,#11733,.T.);
#11733 = SURFACE_CURVE('',#11734,(#11738,#11745),.PCURVE_S1.);
#11734 = LINE('',#11735,#11736);
#11735 = CARTESIAN_POINT('',(-144.35,89.99,23.));
#11736 = VECTOR('',#11737,1.);
#11737 = DIRECTION('',(-0.,1.,0.));
#11738 = PCURVE('',#2938,#11739);
#11739 = DEFINITIONAL_REPRESENTATION('',(#11740),#11744);
#11740 = LINE('',#11741,#11742);
#11741 = CARTESIAN_POINT('',(3.,0.));
#11742 = VECTOR('',#11743,1.);
#11743 = DIRECTION('',(0.,1.));
#11744 = ( GEOMETRIC_REPRESENTATION_CONTEXT(2) 
PARAMETRIC_REPRESENTATION_CONTEXT() REPRESENTATION_CONTEXT('2D SPACE',''
  ) );
#11745 = PCURVE('',#3014,#11746);
#11746 = DEFINITIONAL_REPRESENTATION('',(#11747),#11751);
#11747 = LINE('',#11748,#11749);
#11748 = CARTESIAN_POINT('',(14.,0.));
#11749 = VECTOR('',#11750,1.);
#11750 = DIRECTION('',(0.,-1.));
#11751 = ( GEOMETRIC_REPRESENTATION_CONTEXT(2) 
PARAMETRIC_REPRESENTATION_CONTEXT() REPRESENTATION_CONTEXT('2D SPACE',''
  ) );
#11752 = ORIENTED_EDGE('',*,*,#7201,.F.);
#11753 = ADVANCED_FACE('',(#11754),#3014,.F.);
#11754 = FACE_BOUND('',#11755,.F.);
#11755 = EDGE_LOOP('',(#11756,#11757,#11758,#11779));
#11756 = ORIENTED_EDGE('',*,*,#11732,.F.);
#11757 = ORIENTED_EDGE('',*,*,#3001,.T.);
#11758 = ORIENTED_EDGE('',*,*,#11759,.T.);
#11759 = EDGE_CURVE('',#2976,#7246,#11760,.T.);
#11760 = SURFACE_CURVE('',#11761,(#11765,#11772),.PCURVE_S1.);
#11761 = LINE('',#11762,#11763);
#11762 = CARTESIAN_POINT('',(-144.35,89.99,9.));
#11763 = VECTOR('',#11764,1.);
#11764 = DIRECTION('',(-0.,1.,0.));
#11765 = PCURVE('',#3014,#11766);
#11766 = DEFINITIONAL_REPRESENTATION('',(#11767),#11771);
#11767 = LINE('',#11768,#11769);
#11768 = CARTESIAN_POINT('',(0.,0.));
#11769 = VECTOR('',#11770,1.);
#11770 = DIRECTION('',(0.,-1.));
#11771 = ( GEOMETRIC_REPRESENTATION_CONTEXT(2) 
PARAMETRIC_REPRESENTATION_CONTEXT() REPRESENTATION_CONTEXT('2D SPACE',''
  ) );
#11772 = PCURVE('',#2990,#11773);
#11773 = DEFINITIONAL_REPRESENTATION('',(#11774),#11778);
#11774 = LINE('',#11775,#11776);
#11775 = CARTESIAN_POINT('',(3.,0.));
#11776 = VECTOR('',#11777,1.);
#11777 = DIRECTION('',(0.,1.));
#11778 = ( GEOMETRIC_REPRESENTATION_CONTEXT(2) 
PARAMETRIC_REPRESENTATION_CONTEXT() REPRESENTATION_CONTEXT('2D SPACE',''
  ) );
#11779 = ORIENTED_EDGE('',*,*,#7266,.F.);
#11780 = ADVANCED_FACE('',(#11781),#2990,.T.);
#11781 = FACE_BOUND('',#11782,.T.);
#11782 = EDGE_LOOP('',(#11783,#11804,#11805,#11806));
#11783 = ORIENTED_EDGE('',*,*,#11784,.F.);
#11784 = EDGE_CURVE('',#2950,#7225,#11785,.T.);
#11785 = SURFACE_CURVE('',#11786,(#11790,#11797),.PCURVE_S1.);
#11786 = LINE('',#11787,#11788);
#11787 = CARTESIAN_POINT('',(-147.35,89.99,9.));
#11788 = VECTOR('',#11789,1.);
#11789 = DIRECTION('',(-0.,1.,0.));
#11790 = PCURVE('',#2990,#11791);
#11791 = DEFINITIONAL_REPRESENTATION('',(#11792),#11796);
#11792 = LINE('',#11793,#11794);
#11793 = CARTESIAN_POINT('',(0.,0.));
#11794 = VECTOR('',#11795,1.);
#11795 = DIRECTION('',(0.,1.));
#11796 = ( GEOMETRIC_REPRESENTATION_CONTEXT(2) 
PARAMETRIC_REPRESENTATION_CONTEXT() REPRESENTATION_CONTEXT('2D SPACE',''
  ) );
#11797 = PCURVE('',#2964,#11798);
#11798 = DEFINITIONAL_REPRESENTATION('',(#11799),#11803);
#11799 = LINE('',#11800,#11801);
#11800 = CARTESIAN_POINT('',(0.,0.));
#11801 = VECTOR('',#11802,1.);
#11802 = DIRECTION('',(0.,-1.));
#11803 = ( GEOMETRIC_REPRESENTATION_CONTEXT(2) 
PARAMETRIC_REPRESENTATION_CONTEXT() REPRESENTATION_CONTEXT('2D SPACE',''
  ) );
#11804 = ORIENTED_EDGE('',*,*,#2975,.T.);
#11805 = ORIENTED_EDGE('',*,*,#11759,.T.);
#11806 = ORIENTED_EDGE('',*,*,#7245,.F.);
#11807 = ADVANCED_FACE('',(#11808),#2964,.T.);
#11808 = FACE_BOUND('',#11809,.T.);
#11809 = EDGE_LOOP('',(#11810,#11811,#11812,#11813));
#11810 = ORIENTED_EDGE('',*,*,#11710,.F.);
#11811 = ORIENTED_EDGE('',*,*,#2949,.T.);
#11812 = ORIENTED_EDGE('',*,*,#11784,.T.);
#11813 = ORIENTED_EDGE('',*,*,#7224,.F.);
#11814 = ADVANCED_FACE('',(#11815),#3044,.F.);
#11815 = FACE_BOUND('',#11816,.F.);
#11816 = EDGE_LOOP('',(#11817,#11838,#11839,#11860));
#11817 = ORIENTED_EDGE('',*,*,#11818,.F.);
#11818 = EDGE_CURVE('',#3028,#7288,#11819,.T.);
#11819 = SURFACE_CURVE('',#11820,(#11824,#11831),.PCURVE_S1.);
#11820 = LINE('',#11821,#11822);
#11821 = CARTESIAN_POINT('',(-141.35,89.99,23.));
#11822 = VECTOR('',#11823,1.);
#11823 = DIRECTION('',(-0.,1.,0.));
#11824 = PCURVE('',#3044,#11825);
#11825 = DEFINITIONAL_REPRESENTATION('',(#11826),#11830);
#11826 = LINE('',#11827,#11828);
#11827 = CARTESIAN_POINT('',(0.,0.));
#11828 = VECTOR('',#11829,1.);
#11829 = DIRECTION('',(0.,1.));
#11830 = ( GEOMETRIC_REPRESENTATION_CONTEXT(2) 
PARAMETRIC_REPRESENTATION_CONTEXT() REPRESENTATION_CONTEXT('2D SPACE',''
  ) );
#11831 = PCURVE('',#3070,#11832);
#11832 = DEFINITIONAL_REPRESENTATION('',(#11833),#11837);
#11833 = LINE('',#11834,#11835);
#11834 = CARTESIAN_POINT('',(14.,0.));
#11835 = VECTOR('',#11836,1.);
#11836 = DIRECTION('',(0.,-1.));
#11837 = ( GEOMETRIC_REPRESENTATION_CONTEXT(2) 
PARAMETRIC_REPRESENTATION_CONTEXT() REPRESENTATION_CONTEXT('2D SPACE',''
  ) );
#11838 = ORIENTED_EDGE('',*,*,#3027,.T.);
#11839 = ORIENTED_EDGE('',*,*,#11840,.T.);
#11840 = EDGE_CURVE('',#3030,#7290,#11841,.T.);
#11841 = SURFACE_CURVE('',#11842,(#11846,#11853),.PCURVE_S1.);
#11842 = LINE('',#11843,#11844);
#11843 = CARTESIAN_POINT('',(-138.35,89.99,23.));
#11844 = VECTOR('',#11845,1.);
#11845 = DIRECTION('',(-0.,1.,0.));
#11846 = PCURVE('',#3044,#11847);
#11847 = DEFINITIONAL_REPRESENTATION('',(#11848),#11852);
#11848 = LINE('',#11849,#11850);
#11849 = CARTESIAN_POINT('',(3.,0.));
#11850 = VECTOR('',#11851,1.);
#11851 = DIRECTION('',(0.,1.));
#11852 = ( GEOMETRIC_REPRESENTATION_CONTEXT(2) 
PARAMETRIC_REPRESENTATION_CONTEXT() REPRESENTATION_CONTEXT('2D SPACE',''
  ) );
#11853 = PCURVE('',#3120,#11854);
#11854 = DEFINITIONAL_REPRESENTATION('',(#11855),#11859);
#11855 = LINE('',#11856,#11857);
#11856 = CARTESIAN_POINT('',(14.,0.));
#11857 = VECTOR('',#11858,1.);
#11858 = DIRECTION('',(0.,-1.));
#11859 = ( GEOMETRIC_REPRESENTATION_CONTEXT(2) 
PARAMETRIC_REPRESENTATION_CONTEXT() REPRESENTATION_CONTEXT('2D SPACE',''
  ) );
#11860 = ORIENTED_EDGE('',*,*,#7287,.F.);
#11861 = ADVANCED_FACE('',(#11862),#3120,.F.);
#11862 = FACE_BOUND('',#11863,.F.);
#11863 = EDGE_LOOP('',(#11864,#11865,#11866,#11887));
#11864 = ORIENTED_EDGE('',*,*,#11840,.F.);
#11865 = ORIENTED_EDGE('',*,*,#3107,.T.);
#11866 = ORIENTED_EDGE('',*,*,#11867,.T.);
#11867 = EDGE_CURVE('',#3082,#7332,#11868,.T.);
#11868 = SURFACE_CURVE('',#11869,(#11873,#11880),.PCURVE_S1.);
#11869 = LINE('',#11870,#11871);
#11870 = CARTESIAN_POINT('',(-138.35,89.99,9.));
#11871 = VECTOR('',#11872,1.);
#11872 = DIRECTION('',(-0.,1.,0.));
#11873 = PCURVE('',#3120,#11874);
#11874 = DEFINITIONAL_REPRESENTATION('',(#11875),#11879);
#11875 = LINE('',#11876,#11877);
#11876 = CARTESIAN_POINT('',(0.,0.));
#11877 = VECTOR('',#11878,1.);
#11878 = DIRECTION('',(0.,-1.));
#11879 = ( GEOMETRIC_REPRESENTATION_CONTEXT(2) 
PARAMETRIC_REPRESENTATION_CONTEXT() REPRESENTATION_CONTEXT('2D SPACE',''
  ) );
#11880 = PCURVE('',#3096,#11881);
#11881 = DEFINITIONAL_REPRESENTATION('',(#11882),#11886);
#11882 = LINE('',#11883,#11884);
#11883 = CARTESIAN_POINT('',(3.,0.));
#11884 = VECTOR('',#11885,1.);
#11885 = DIRECTION('',(0.,1.));
#11886 = ( GEOMETRIC_REPRESENTATION_CONTEXT(2) 
PARAMETRIC_REPRESENTATION_CONTEXT() REPRESENTATION_CONTEXT('2D SPACE',''
  ) );
#11887 = ORIENTED_EDGE('',*,*,#7352,.F.);
#11888 = ADVANCED_FACE('',(#11889),#3096,.T.);
#11889 = FACE_BOUND('',#11890,.T.);
#11890 = EDGE_LOOP('',(#11891,#11912,#11913,#11914));
#11891 = ORIENTED_EDGE('',*,*,#11892,.F.);
#11892 = EDGE_CURVE('',#3056,#7311,#11893,.T.);
#11893 = SURFACE_CURVE('',#11894,(#11898,#11905),.PCURVE_S1.);
#11894 = LINE('',#11895,#11896);
#11895 = CARTESIAN_POINT('',(-141.35,89.99,9.));
#11896 = VECTOR('',#11897,1.);
#11897 = DIRECTION('',(-0.,1.,0.));
#11898 = PCURVE('',#3096,#11899);
#11899 = DEFINITIONAL_REPRESENTATION('',(#11900),#11904);
#11900 = LINE('',#11901,#11902);
#11901 = CARTESIAN_POINT('',(0.,0.));
#11902 = VECTOR('',#11903,1.);
#11903 = DIRECTION('',(0.,1.));
#11904 = ( GEOMETRIC_REPRESENTATION_CONTEXT(2) 
PARAMETRIC_REPRESENTATION_CONTEXT() REPRESENTATION_CONTEXT('2D SPACE',''
  ) );
#11905 = PCURVE('',#3070,#11906);
#11906 = DEFINITIONAL_REPRESENTATION('',(#11907),#11911);
#11907 = LINE('',#11908,#11909);
#11908 = CARTESIAN_POINT('',(0.,0.));
#11909 = VECTOR('',#11910,1.);
#11910 = DIRECTION('',(0.,-1.));
#11911 = ( GEOMETRIC_REPRESENTATION_CONTEXT(2) 
PARAMETRIC_REPRESENTATION_CONTEXT() REPRESENTATION_CONTEXT('2D SPACE',''
  ) );
#11912 = ORIENTED_EDGE('',*,*,#3081,.T.);
#11913 = ORIENTED_EDGE('',*,*,#11867,.T.);
#11914 = ORIENTED_EDGE('',*,*,#7331,.F.);
#11915 = ADVANCED_FACE('',(#11916),#3070,.T.);
#11916 = FACE_BOUND('',#11917,.T.);
#11917 = EDGE_LOOP('',(#11918,#11919,#11920,#11921));
#11918 = ORIENTED_EDGE('',*,*,#11818,.F.);
#11919 = ORIENTED_EDGE('',*,*,#3055,.T.);
#11920 = ORIENTED_EDGE('',*,*,#11892,.T.);
#11921 = ORIENTED_EDGE('',*,*,#7310,.F.);
#11922 = ADVANCED_FACE('',(#11923),#3150,.F.);
#11923 = FACE_BOUND('',#11924,.F.);
#11924 = EDGE_LOOP('',(#11925,#11946,#11947,#11968));
#11925 = ORIENTED_EDGE('',*,*,#11926,.F.);
#11926 = EDGE_CURVE('',#3134,#7374,#11927,.T.);
#11927 = SURFACE_CURVE('',#11928,(#11932,#11939),.PCURVE_S1.);
#11928 = LINE('',#11929,#11930);
#11929 = CARTESIAN_POINT('',(-135.35,89.99,23.));
#11930 = VECTOR('',#11931,1.);
#11931 = DIRECTION('',(-0.,1.,0.));
#11932 = PCURVE('',#3150,#11933);
#11933 = DEFINITIONAL_REPRESENTATION('',(#11934),#11938);
#11934 = LINE('',#11935,#11936);
#11935 = CARTESIAN_POINT('',(0.,0.));
#11936 = VECTOR('',#11937,1.);
#11937 = DIRECTION('',(0.,1.));
#11938 = ( GEOMETRIC_REPRESENTATION_CONTEXT(2) 
PARAMETRIC_REPRESENTATION_CONTEXT() REPRESENTATION_CONTEXT('2D SPACE',''
  ) );
#11939 = PCURVE('',#3176,#11940);
#11940 = DEFINITIONAL_REPRESENTATION('',(#11941),#11945);
#11941 = LINE('',#11942,#11943);
#11942 = CARTESIAN_POINT('',(14.,0.));
#11943 = VECTOR('',#11944,1.);
#11944 = DIRECTION('',(0.,-1.));
#11945 = ( GEOMETRIC_REPRESENTATION_CONTEXT(2) 
PARAMETRIC_REPRESENTATION_CONTEXT() REPRESENTATION_CONTEXT('2D SPACE',''
  ) );
#11946 = ORIENTED_EDGE('',*,*,#3133,.T.);
#11947 = ORIENTED_EDGE('',*,*,#11948,.T.);
#11948 = EDGE_CURVE('',#3136,#7376,#11949,.T.);
#11949 = SURFACE_CURVE('',#11950,(#11954,#11961),.PCURVE_S1.);
#11950 = LINE('',#11951,#11952);
#11951 = CARTESIAN_POINT('',(-132.35,89.99,23.));
#11952 = VECTOR('',#11953,1.);
#11953 = DIRECTION('',(-0.,1.,0.));
#11954 = PCURVE('',#3150,#11955);
#11955 = DEFINITIONAL_REPRESENTATION('',(#11956),#11960);
#11956 = LINE('',#11957,#11958);
#11957 = CARTESIAN_POINT('',(3.,0.));
#11958 = VECTOR('',#11959,1.);
#11959 = DIRECTION('',(0.,1.));
#11960 = ( GEOMETRIC_REPRESENTATION_CONTEXT(2) 
PARAMETRIC_REPRESENTATION_CONTEXT() REPRESENTATION_CONTEXT('2D SPACE',''
  ) );
#11961 = PCURVE('',#3226,#11962);
#11962 = DEFINITIONAL_REPRESENTATION('',(#11963),#11967);
#11963 = LINE('',#11964,#11965);
#11964 = CARTESIAN_POINT('',(14.,0.));
#11965 = VECTOR('',#11966,1.);
#11966 = DIRECTION('',(0.,-1.));
#11967 = ( GEOMETRIC_REPRESENTATION_CONTEXT(2) 
PARAMETRIC_REPRESENTATION_CONTEXT() REPRESENTATION_CONTEXT('2D SPACE',''
  ) );
#11968 = ORIENTED_EDGE('',*,*,#7373,.F.);
#11969 = ADVANCED_FACE('',(#11970),#3226,.F.);
#11970 = FACE_BOUND('',#11971,.F.);
#11971 = EDGE_LOOP('',(#11972,#11973,#11974,#11995));
#11972 = ORIENTED_EDGE('',*,*,#11948,.F.);
#11973 = ORIENTED_EDGE('',*,*,#3213,.T.);
#11974 = ORIENTED_EDGE('',*,*,#11975,.T.);
#11975 = EDGE_CURVE('',#3188,#7418,#11976,.T.);
#11976 = SURFACE_CURVE('',#11977,(#11981,#11988),.PCURVE_S1.);
#11977 = LINE('',#11978,#11979);
#11978 = CARTESIAN_POINT('',(-132.35,89.99,9.));
#11979 = VECTOR('',#11980,1.);
#11980 = DIRECTION('',(-0.,1.,0.));
#11981 = PCURVE('',#3226,#11982);
#11982 = DEFINITIONAL_REPRESENTATION('',(#11983),#11987);
#11983 = LINE('',#11984,#11985);
#11984 = CARTESIAN_POINT('',(0.,0.));
#11985 = VECTOR('',#11986,1.);
#11986 = DIRECTION('',(0.,-1.));
#11987 = ( GEOMETRIC_REPRESENTATION_CONTEXT(2) 
PARAMETRIC_REPRESENTATION_CONTEXT() REPRESENTATION_CONTEXT('2D SPACE',''
  ) );
#11988 = PCURVE('',#3202,#11989);
#11989 = DEFINITIONAL_REPRESENTATION('',(#11990),#11994);
#11990 = LINE('',#11991,#11992);
#11991 = CARTESIAN_POINT('',(3.,0.));
#11992 = VECTOR('',#11993,1.);
#11993 = DIRECTION('',(0.,1.));
#11994 = ( GEOMETRIC_REPRESENTATION_CONTEXT(2) 
PARAMETRIC_REPRESENTATION_CONTEXT() REPRESENTATION_CONTEXT('2D SPACE',''
  ) );
#11995 = ORIENTED_EDGE('',*,*,#7438,.F.);
#11996 = ADVANCED_FACE('',(#11997),#3202,.T.);
#11997 = FACE_BOUND('',#11998,.T.);
#11998 = EDGE_LOOP('',(#11999,#12020,#12021,#12022));
#11999 = ORIENTED_EDGE('',*,*,#12000,.F.);
#12000 = EDGE_CURVE('',#3162,#7397,#12001,.T.);
#12001 = SURFACE_CURVE('',#12002,(#12006,#12013),.PCURVE_S1.);
#12002 = LINE('',#12003,#12004);
#12003 = CARTESIAN_POINT('',(-135.35,89.99,9.));
#12004 = VECTOR('',#12005,1.);
#12005 = DIRECTION('',(-0.,1.,0.));
#12006 = PCURVE('',#3202,#12007);
#12007 = DEFINITIONAL_REPRESENTATION('',(#12008),#12012);
#12008 = LINE('',#12009,#12010);
#12009 = CARTESIAN_POINT('',(0.,0.));
#12010 = VECTOR('',#12011,1.);
#12011 = DIRECTION('',(0.,1.));
#12012 = ( GEOMETRIC_REPRESENTATION_CONTEXT(2) 
PARAMETRIC_REPRESENTATION_CONTEXT() REPRESENTATION_CONTEXT('2D SPACE',''
  ) );
#12013 = PCURVE('',#3176,#12014);
#12014 = DEFINITIONAL_REPRESENTATION('',(#12015),#12019);
#12015 = LINE('',#12016,#12017);
#12016 = CARTESIAN_POINT('',(0.,0.));
#12017 = VECTOR('',#12018,1.);
#12018 = DIRECTION('',(0.,-1.));
#12019 = ( GEOMETRIC_REPRESENTATION_CONTEXT(2) 
PARAMETRIC_REPRESENTATION_CONTEXT() REPRESENTATION_CONTEXT('2D SPACE',''
  ) );
#12020 = ORIENTED_EDGE('',*,*,#3187,.T.);
#12021 = ORIENTED_EDGE('',*,*,#11975,.T.);
#12022 = ORIENTED_EDGE('',*,*,#7417,.F.);
#12023 = ADVANCED_FACE('',(#12024),#3176,.T.);
#12024 = FACE_BOUND('',#12025,.T.);
#12025 = EDGE_LOOP('',(#12026,#12027,#12028,#12029));
#12026 = ORIENTED_EDGE('',*,*,#11926,.F.);
#12027 = ORIENTED_EDGE('',*,*,#3161,.T.);
#12028 = ORIENTED_EDGE('',*,*,#12000,.T.);
#12029 = ORIENTED_EDGE('',*,*,#7396,.F.);
#12030 = ADVANCED_FACE('',(#12031),#3256,.F.);
#12031 = FACE_BOUND('',#12032,.F.);
#12032 = EDGE_LOOP('',(#12033,#12034,#12055,#12056));
#12033 = ORIENTED_EDGE('',*,*,#7545,.F.);
#12034 = ORIENTED_EDGE('',*,*,#12035,.F.);
#12035 = EDGE_CURVE('',#3240,#7546,#12036,.T.);
#12036 = SEAM_CURVE('',#12037,(#12041,#12048),.PCURVE_S1.);
#12037 = LINE('',#12038,#12039);
#12038 = CARTESIAN_POINT('',(-140.125,89.99,35.));
#12039 = VECTOR('',#12040,1.);
#12040 = DIRECTION('',(0.,1.,2.22044604925E-16));
#12041 = PCURVE('',#3256,#12042);
#12042 = DEFINITIONAL_REPRESENTATION('',(#12043),#12047);
#12043 = LINE('',#12044,#12045);
#12044 = CARTESIAN_POINT('',(6.28318530718,-0.));
#12045 = VECTOR('',#12046,1.);
#12046 = DIRECTION('',(0.,1.));
#12047 = ( GEOMETRIC_REPRESENTATION_CONTEXT(2) 
PARAMETRIC_REPRESENTATION_CONTEXT() REPRESENTATION_CONTEXT('2D SPACE',''
  ) );
#12048 = PCURVE('',#3256,#12049);
#12049 = DEFINITIONAL_REPRESENTATION('',(#12050),#12054);
#12050 = LINE('',#12051,#12052);
#12051 = CARTESIAN_POINT('',(0.,-0.));
#12052 = VECTOR('',#12053,1.);
#12053 = DIRECTION('',(0.,1.));
#12054 = ( GEOMETRIC_REPRESENTATION_CONTEXT(2) 
PARAMETRIC_REPRESENTATION_CONTEXT() REPRESENTATION_CONTEXT('2D SPACE',''
  ) );
#12055 = ORIENTED_EDGE('',*,*,#3239,.T.);
#12056 = ORIENTED_EDGE('',*,*,#12035,.T.);
#12057 = ADVANCED_FACE('',(#12058),#3287,.F.);
#12058 = FACE_BOUND('',#12059,.F.);
#12059 = EDGE_LOOP('',(#12060,#12083,#12110,#12111));
#12060 = ORIENTED_EDGE('',*,*,#12061,.T.);
#12061 = EDGE_CURVE('',#3271,#12062,#12064,.T.);
#12062 = VERTEX_POINT('',#12063);
#12063 = CARTESIAN_POINT('',(-112.575,91.4,5.));
#12064 = SEAM_CURVE('',#12065,(#12069,#12076),.PCURVE_S1.);
#12065 = LINE('',#12066,#12067);
#12066 = CARTESIAN_POINT('',(-112.575,89.99,5.));
#12067 = VECTOR('',#12068,1.);
#12068 = DIRECTION('',(0.,1.,2.22044604925E-16));
#12069 = PCURVE('',#3287,#12070);
#12070 = DEFINITIONAL_REPRESENTATION('',(#12071),#12075);
#12071 = LINE('',#12072,#12073);
#12072 = CARTESIAN_POINT('',(6.28318530718,-0.));
#12073 = VECTOR('',#12074,1.);
#12074 = DIRECTION('',(0.,1.));
#12075 = ( GEOMETRIC_REPRESENTATION_CONTEXT(2) 
PARAMETRIC_REPRESENTATION_CONTEXT() REPRESENTATION_CONTEXT('2D SPACE',''
  ) );
#12076 = PCURVE('',#3287,#12077);
#12077 = DEFINITIONAL_REPRESENTATION('',(#12078),#12082);
#12078 = LINE('',#12079,#12080);
#12079 = CARTESIAN_POINT('',(0.,-0.));
#12080 = VECTOR('',#12081,1.);
#12081 = DIRECTION('',(0.,1.));
#12082 = ( GEOMETRIC_REPRESENTATION_CONTEXT(2) 
PARAMETRIC_REPRESENTATION_CONTEXT() REPRESENTATION_CONTEXT('2D SPACE',''
  ) );
#12083 = ORIENTED_EDGE('',*,*,#12084,.F.);
#12084 = EDGE_CURVE('',#12062,#12062,#12085,.T.);
#12085 = SURFACE_CURVE('',#12086,(#12091,#12098),.PCURVE_S1.);
#12086 = CIRCLE('',#12087,1.775);
#12087 = AXIS2_PLACEMENT_3D('',#12088,#12089,#12090);
#12088 = CARTESIAN_POINT('',(-114.35,91.4,5.));
#12089 = DIRECTION('',(0.,1.,2.22044604925E-16));
#12090 = DIRECTION('',(1.,0.,-0.));
#12091 = PCURVE('',#3287,#12092);
#12092 = DEFINITIONAL_REPRESENTATION('',(#12093),#12097);
#12093 = LINE('',#12094,#12095);
#12094 = CARTESIAN_POINT('',(0.,1.41));
#12095 = VECTOR('',#12096,1.);
#12096 = DIRECTION('',(1.,0.));
#12097 = ( GEOMETRIC_REPRESENTATION_CONTEXT(2) 
PARAMETRIC_REPRESENTATION_CONTEXT() REPRESENTATION_CONTEXT('2D SPACE',''
  ) );
#12098 = PCURVE('',#12099,#12104);
#12099 = PLANE('',#12100);
#12100 = AXIS2_PLACEMENT_3D('',#12101,#12102,#12103);
#12101 = CARTESIAN_POINT('',(-114.35,91.4,5.));
#12102 = DIRECTION('',(0.,1.,2.22044604925E-16));
#12103 = DIRECTION('',(1.,0.,-0.));
#12104 = DEFINITIONAL_REPRESENTATION('',(#12105),#12109);
#12105 = CIRCLE('',#12106,1.775);
#12106 = AXIS2_PLACEMENT_2D('',#12107,#12108);
#12107 = CARTESIAN_POINT('',(0.,0.));
#12108 = DIRECTION('',(1.,0.));
#12109 = ( GEOMETRIC_REPRESENTATION_CONTEXT(2) 
PARAMETRIC_REPRESENTATION_CONTEXT() REPRESENTATION_CONTEXT('2D SPACE',''
  ) );
#12110 = ORIENTED_EDGE('',*,*,#12061,.F.);
#12111 = ORIENTED_EDGE('',*,*,#3270,.T.);
#12112 = ADVANCED_FACE('',(#12113),#3318,.F.);
#12113 = FACE_BOUND('',#12114,.F.);
#12114 = EDGE_LOOP('',(#12115,#12136,#12137,#12158));
#12115 = ORIENTED_EDGE('',*,*,#12116,.F.);
#12116 = EDGE_CURVE('',#3302,#7460,#12117,.T.);
#12117 = SURFACE_CURVE('',#12118,(#12122,#12129),.PCURVE_S1.);
#12118 = LINE('',#12119,#12120);
#12119 = CARTESIAN_POINT('',(-129.35,89.99,23.));
#12120 = VECTOR('',#12121,1.);
#12121 = DIRECTION('',(-0.,1.,0.));
#12122 = PCURVE('',#3318,#12123);
#12123 = DEFINITIONAL_REPRESENTATION('',(#12124),#12128);
#12124 = LINE('',#12125,#12126);
#12125 = CARTESIAN_POINT('',(0.,0.));
#12126 = VECTOR('',#12127,1.);
#12127 = DIRECTION('',(0.,1.));
#12128 = ( GEOMETRIC_REPRESENTATION_CONTEXT(2) 
PARAMETRIC_REPRESENTATION_CONTEXT() REPRESENTATION_CONTEXT('2D SPACE',''
  ) );
#12129 = PCURVE('',#3344,#12130);
#12130 = DEFINITIONAL_REPRESENTATION('',(#12131),#12135);
#12131 = LINE('',#12132,#12133);
#12132 = CARTESIAN_POINT('',(14.,0.));
#12133 = VECTOR('',#12134,1.);
#12134 = DIRECTION('',(0.,-1.));
#12135 = ( GEOMETRIC_REPRESENTATION_CONTEXT(2) 
PARAMETRIC_REPRESENTATION_CONTEXT() REPRESENTATION_CONTEXT('2D SPACE',''
  ) );
#12136 = ORIENTED_EDGE('',*,*,#3301,.T.);
#12137 = ORIENTED_EDGE('',*,*,#12138,.T.);
#12138 = EDGE_CURVE('',#3304,#7462,#12139,.T.);
#12139 = SURFACE_CURVE('',#12140,(#12144,#12151),.PCURVE_S1.);
#12140 = LINE('',#12141,#12142);
#12141 = CARTESIAN_POINT('',(-126.35,89.99,23.));
#12142 = VECTOR('',#12143,1.);
#12143 = DIRECTION('',(-0.,1.,0.));
#12144 = PCURVE('',#3318,#12145);
#12145 = DEFINITIONAL_REPRESENTATION('',(#12146),#12150);
#12146 = LINE('',#12147,#12148);
#12147 = CARTESIAN_POINT('',(3.,0.));
#12148 = VECTOR('',#12149,1.);
#12149 = DIRECTION('',(0.,1.));
#12150 = ( GEOMETRIC_REPRESENTATION_CONTEXT(2) 
PARAMETRIC_REPRESENTATION_CONTEXT() REPRESENTATION_CONTEXT('2D SPACE',''
  ) );
#12151 = PCURVE('',#3394,#12152);
#12152 = DEFINITIONAL_REPRESENTATION('',(#12153),#12157);
#12153 = LINE('',#12154,#12155);
#12154 = CARTESIAN_POINT('',(14.,0.));
#12155 = VECTOR('',#12156,1.);
#12156 = DIRECTION('',(0.,-1.));
#12157 = ( GEOMETRIC_REPRESENTATION_CONTEXT(2) 
PARAMETRIC_REPRESENTATION_CONTEXT() REPRESENTATION_CONTEXT('2D SPACE',''
  ) );
#12158 = ORIENTED_EDGE('',*,*,#7459,.F.);
#12159 = ADVANCED_FACE('',(#12160),#3394,.F.);
#12160 = FACE_BOUND('',#12161,.F.);
#12161 = EDGE_LOOP('',(#12162,#12163,#12164,#12185));
#12162 = ORIENTED_EDGE('',*,*,#12138,.F.);
#12163 = ORIENTED_EDGE('',*,*,#3381,.T.);
#12164 = ORIENTED_EDGE('',*,*,#12165,.T.);
#12165 = EDGE_CURVE('',#3356,#7504,#12166,.T.);
#12166 = SURFACE_CURVE('',#12167,(#12171,#12178),.PCURVE_S1.);
#12167 = LINE('',#12168,#12169);
#12168 = CARTESIAN_POINT('',(-126.35,89.99,9.));
#12169 = VECTOR('',#12170,1.);
#12170 = DIRECTION('',(-0.,1.,0.));
#12171 = PCURVE('',#3394,#12172);
#12172 = DEFINITIONAL_REPRESENTATION('',(#12173),#12177);
#12173 = LINE('',#12174,#12175);
#12174 = CARTESIAN_POINT('',(0.,0.));
#12175 = VECTOR('',#12176,1.);
#12176 = DIRECTION('',(0.,-1.));
#12177 = ( GEOMETRIC_REPRESENTATION_CONTEXT(2) 
PARAMETRIC_REPRESENTATION_CONTEXT() REPRESENTATION_CONTEXT('2D SPACE',''
  ) );
#12178 = PCURVE('',#3370,#12179);
#12179 = DEFINITIONAL_REPRESENTATION('',(#12180),#12184);
#12180 = LINE('',#12181,#12182);
#12181 = CARTESIAN_POINT('',(3.,0.));
#12182 = VECTOR('',#12183,1.);
#12183 = DIRECTION('',(0.,1.));
#12184 = ( GEOMETRIC_REPRESENTATION_CONTEXT(2) 
PARAMETRIC_REPRESENTATION_CONTEXT() REPRESENTATION_CONTEXT('2D SPACE',''
  ) );
#12185 = ORIENTED_EDGE('',*,*,#7524,.F.);
#12186 = ADVANCED_FACE('',(#12187),#3370,.T.);
#12187 = FACE_BOUND('',#12188,.T.);
#12188 = EDGE_LOOP('',(#12189,#12210,#12211,#12212));
#12189 = ORIENTED_EDGE('',*,*,#12190,.F.);
#12190 = EDGE_CURVE('',#3330,#7483,#12191,.T.);
#12191 = SURFACE_CURVE('',#12192,(#12196,#12203),.PCURVE_S1.);
#12192 = LINE('',#12193,#12194);
#12193 = CARTESIAN_POINT('',(-129.35,89.99,9.));
#12194 = VECTOR('',#12195,1.);
#12195 = DIRECTION('',(-0.,1.,0.));
#12196 = PCURVE('',#3370,#12197);
#12197 = DEFINITIONAL_REPRESENTATION('',(#12198),#12202);
#12198 = LINE('',#12199,#12200);
#12199 = CARTESIAN_POINT('',(0.,0.));
#12200 = VECTOR('',#12201,1.);
#12201 = DIRECTION('',(0.,1.));
#12202 = ( GEOMETRIC_REPRESENTATION_CONTEXT(2) 
PARAMETRIC_REPRESENTATION_CONTEXT() REPRESENTATION_CONTEXT('2D SPACE',''
  ) );
#12203 = PCURVE('',#3344,#12204);
#12204 = DEFINITIONAL_REPRESENTATION('',(#12205),#12209);
#12205 = LINE('',#12206,#12207);
#12206 = CARTESIAN_POINT('',(0.,0.));
#12207 = VECTOR('',#12208,1.);
#12208 = DIRECTION('',(0.,-1.));
#12209 = ( GEOMETRIC_REPRESENTATION_CONTEXT(2) 
PARAMETRIC_REPRESENTATION_CONTEXT() REPRESENTATION_CONTEXT('2D SPACE',''
  ) );
#12210 = ORIENTED_EDGE('',*,*,#3355,.T.);
#12211 = ORIENTED_EDGE('',*,*,#12165,.T.);
#12212 = ORIENTED_EDGE('',*,*,#7503,.F.);
#12213 = ADVANCED_FACE('',(#12214),#3344,.T.);
#12214 = FACE_BOUND('',#12215,.T.);
#12215 = EDGE_LOOP('',(#12216,#12217,#12218,#12219));
#12216 = ORIENTED_EDGE('',*,*,#12116,.F.);
#12217 = ORIENTED_EDGE('',*,*,#3329,.T.);
#12218 = ORIENTED_EDGE('',*,*,#12190,.T.);
#12219 = ORIENTED_EDGE('',*,*,#7482,.F.);
#12220 = ADVANCED_FACE('',(#12221),#3424,.F.);
#12221 = FACE_BOUND('',#12222,.F.);
#12222 = EDGE_LOOP('',(#12223,#12244,#12245,#12266));
#12223 = ORIENTED_EDGE('',*,*,#12224,.F.);
#12224 = EDGE_CURVE('',#3408,#7603,#12225,.T.);
#12225 = SURFACE_CURVE('',#12226,(#12230,#12237),.PCURVE_S1.);
#12226 = LINE('',#12227,#12228);
#12227 = CARTESIAN_POINT('',(-123.35,89.99,23.));
#12228 = VECTOR('',#12229,1.);
#12229 = DIRECTION('',(-0.,1.,0.));
#12230 = PCURVE('',#3424,#12231);
#12231 = DEFINITIONAL_REPRESENTATION('',(#12232),#12236);
#12232 = LINE('',#12233,#12234);
#12233 = CARTESIAN_POINT('',(0.,0.));
#12234 = VECTOR('',#12235,1.);
#12235 = DIRECTION('',(0.,1.));
#12236 = ( GEOMETRIC_REPRESENTATION_CONTEXT(2) 
PARAMETRIC_REPRESENTATION_CONTEXT() REPRESENTATION_CONTEXT('2D SPACE',''
  ) );
#12237 = PCURVE('',#3450,#12238);
#12238 = DEFINITIONAL_REPRESENTATION('',(#12239),#12243);
#12239 = LINE('',#12240,#12241);
#12240 = CARTESIAN_POINT('',(14.,0.));
#12241 = VECTOR('',#12242,1.);
#12242 = DIRECTION('',(0.,-1.));
#12243 = ( GEOMETRIC_REPRESENTATION_CONTEXT(2) 
PARAMETRIC_REPRESENTATION_CONTEXT() REPRESENTATION_CONTEXT('2D SPACE',''
  ) );
#12244 = ORIENTED_EDGE('',*,*,#3407,.T.);
#12245 = ORIENTED_EDGE('',*,*,#12246,.T.);
#12246 = EDGE_CURVE('',#3410,#7605,#12247,.T.);
#12247 = SURFACE_CURVE('',#12248,(#12252,#12259),.PCURVE_S1.);
#12248 = LINE('',#12249,#12250);
#12249 = CARTESIAN_POINT('',(-120.35,89.99,23.));
#12250 = VECTOR('',#12251,1.);
#12251 = DIRECTION('',(-0.,1.,0.));
#12252 = PCURVE('',#3424,#12253);
#12253 = DEFINITIONAL_REPRESENTATION('',(#12254),#12258);
#12254 = LINE('',#12255,#12256);
#12255 = CARTESIAN_POINT('',(3.,0.));
#12256 = VECTOR('',#12257,1.);
#12257 = DIRECTION('',(0.,1.));
#12258 = ( GEOMETRIC_REPRESENTATION_CONTEXT(2) 
PARAMETRIC_REPRESENTATION_CONTEXT() REPRESENTATION_CONTEXT('2D SPACE',''
  ) );
#12259 = PCURVE('',#3500,#12260);
#12260 = DEFINITIONAL_REPRESENTATION('',(#12261),#12265);
#12261 = LINE('',#12262,#12263);
#12262 = CARTESIAN_POINT('',(14.,0.));
#12263 = VECTOR('',#12264,1.);
#12264 = DIRECTION('',(0.,-1.));
#12265 = ( GEOMETRIC_REPRESENTATION_CONTEXT(2) 
PARAMETRIC_REPRESENTATION_CONTEXT() REPRESENTATION_CONTEXT('2D SPACE',''
  ) );
#12266 = ORIENTED_EDGE('',*,*,#7602,.F.);
#12267 = ADVANCED_FACE('',(#12268),#3500,.F.);
#12268 = FACE_BOUND('',#12269,.F.);
#12269 = EDGE_LOOP('',(#12270,#12271,#12272,#12293));
#12270 = ORIENTED_EDGE('',*,*,#12246,.F.);
#12271 = ORIENTED_EDGE('',*,*,#3487,.T.);
#12272 = ORIENTED_EDGE('',*,*,#12273,.T.);
#12273 = EDGE_CURVE('',#3462,#7647,#12274,.T.);
#12274 = SURFACE_CURVE('',#12275,(#12279,#12286),.PCURVE_S1.);
#12275 = LINE('',#12276,#12277);
#12276 = CARTESIAN_POINT('',(-120.35,89.99,9.));
#12277 = VECTOR('',#12278,1.);
#12278 = DIRECTION('',(-0.,1.,0.));
#12279 = PCURVE('',#3500,#12280);
#12280 = DEFINITIONAL_REPRESENTATION('',(#12281),#12285);
#12281 = LINE('',#12282,#12283);
#12282 = CARTESIAN_POINT('',(0.,0.));
#12283 = VECTOR('',#12284,1.);
#12284 = DIRECTION('',(0.,-1.));
#12285 = ( GEOMETRIC_REPRESENTATION_CONTEXT(2) 
PARAMETRIC_REPRESENTATION_CONTEXT() REPRESENTATION_CONTEXT('2D SPACE',''
  ) );
#12286 = PCURVE('',#3476,#12287);
#12287 = DEFINITIONAL_REPRESENTATION('',(#12288),#12292);
#12288 = LINE('',#12289,#12290);
#12289 = CARTESIAN_POINT('',(3.,0.));
#12290 = VECTOR('',#12291,1.);
#12291 = DIRECTION('',(0.,1.));
#12292 = ( GEOMETRIC_REPRESENTATION_CONTEXT(2) 
PARAMETRIC_REPRESENTATION_CONTEXT() REPRESENTATION_CONTEXT('2D SPACE',''
  ) );
#12293 = ORIENTED_EDGE('',*,*,#7667,.F.);
#12294 = ADVANCED_FACE('',(#12295),#3476,.T.);
#12295 = FACE_BOUND('',#12296,.T.);
#12296 = EDGE_LOOP('',(#12297,#12318,#12319,#12320));
#12297 = ORIENTED_EDGE('',*,*,#12298,.F.);
#12298 = EDGE_CURVE('',#3436,#7626,#12299,.T.);
#12299 = SURFACE_CURVE('',#12300,(#12304,#12311),.PCURVE_S1.);
#12300 = LINE('',#12301,#12302);
#12301 = CARTESIAN_POINT('',(-123.35,89.99,9.));
#12302 = VECTOR('',#12303,1.);
#12303 = DIRECTION('',(-0.,1.,0.));
#12304 = PCURVE('',#3476,#12305);
#12305 = DEFINITIONAL_REPRESENTATION('',(#12306),#12310);
#12306 = LINE('',#12307,#12308);
#12307 = CARTESIAN_POINT('',(0.,0.));
#12308 = VECTOR('',#12309,1.);
#12309 = DIRECTION('',(0.,1.));
#12310 = ( GEOMETRIC_REPRESENTATION_CONTEXT(2) 
PARAMETRIC_REPRESENTATION_CONTEXT() REPRESENTATION_CONTEXT('2D SPACE',''
  ) );
#12311 = PCURVE('',#3450,#12312);
#12312 = DEFINITIONAL_REPRESENTATION('',(#12313),#12317);
#12313 = LINE('',#12314,#12315);
#12314 = CARTESIAN_POINT('',(0.,0.));
#12315 = VECTOR('',#12316,1.);
#12316 = DIRECTION('',(0.,-1.));
#12317 = ( GEOMETRIC_REPRESENTATION_CONTEXT(2) 
PARAMETRIC_REPRESENTATION_CONTEXT() REPRESENTATION_CONTEXT('2D SPACE',''
  ) );
#12318 = ORIENTED_EDGE('',*,*,#3461,.T.);
#12319 = ORIENTED_EDGE('',*,*,#12273,.T.);
#12320 = ORIENTED_EDGE('',*,*,#7646,.F.);
#12321 = ADVANCED_FACE('',(#12322),#3450,.T.);
#12322 = FACE_BOUND('',#12323,.T.);
#12323 = EDGE_LOOP('',(#12324,#12325,#12326,#12327));
#12324 = ORIENTED_EDGE('',*,*,#12224,.F.);
#12325 = ORIENTED_EDGE('',*,*,#3435,.T.);
#12326 = ORIENTED_EDGE('',*,*,#12298,.T.);
#12327 = ORIENTED_EDGE('',*,*,#7625,.F.);
#12328 = ADVANCED_FACE('',(#12329),#3530,.F.);
#12329 = FACE_BOUND('',#12330,.F.);
#12330 = EDGE_LOOP('',(#12331,#12352,#12353,#12374));
#12331 = ORIENTED_EDGE('',*,*,#12332,.F.);
#12332 = EDGE_CURVE('',#3514,#7689,#12333,.T.);
#12333 = SURFACE_CURVE('',#12334,(#12338,#12345),.PCURVE_S1.);
#12334 = LINE('',#12335,#12336);
#12335 = CARTESIAN_POINT('',(-117.35,89.99,23.));
#12336 = VECTOR('',#12337,1.);
#12337 = DIRECTION('',(-0.,1.,0.));
#12338 = PCURVE('',#3530,#12339);
#12339 = DEFINITIONAL_REPRESENTATION('',(#12340),#12344);
#12340 = LINE('',#12341,#12342);
#12341 = CARTESIAN_POINT('',(0.,0.));
#12342 = VECTOR('',#12343,1.);
#12343 = DIRECTION('',(0.,1.));
#12344 = ( GEOMETRIC_REPRESENTATION_CONTEXT(2) 
PARAMETRIC_REPRESENTATION_CONTEXT() REPRESENTATION_CONTEXT('2D SPACE',''
  ) );
#12345 = PCURVE('',#3556,#12346);
#12346 = DEFINITIONAL_REPRESENTATION('',(#12347),#12351);
#12347 = LINE('',#12348,#12349);
#12348 = CARTESIAN_POINT('',(14.,0.));
#12349 = VECTOR('',#12350,1.);
#12350 = DIRECTION('',(0.,-1.));
#12351 = ( GEOMETRIC_REPRESENTATION_CONTEXT(2) 
PARAMETRIC_REPRESENTATION_CONTEXT() REPRESENTATION_CONTEXT('2D SPACE',''
  ) );
#12352 = ORIENTED_EDGE('',*,*,#3513,.T.);
#12353 = ORIENTED_EDGE('',*,*,#12354,.T.);
#12354 = EDGE_CURVE('',#3516,#7691,#12355,.T.);
#12355 = SURFACE_CURVE('',#12356,(#12360,#12367),.PCURVE_S1.);
#12356 = LINE('',#12357,#12358);
#12357 = CARTESIAN_POINT('',(-114.35,89.99,23.));
#12358 = VECTOR('',#12359,1.);
#12359 = DIRECTION('',(-0.,1.,0.));
#12360 = PCURVE('',#3530,#12361);
#12361 = DEFINITIONAL_REPRESENTATION('',(#12362),#12366);
#12362 = LINE('',#12363,#12364);
#12363 = CARTESIAN_POINT('',(3.,0.));
#12364 = VECTOR('',#12365,1.);
#12365 = DIRECTION('',(0.,1.));
#12366 = ( GEOMETRIC_REPRESENTATION_CONTEXT(2) 
PARAMETRIC_REPRESENTATION_CONTEXT() REPRESENTATION_CONTEXT('2D SPACE',''
  ) );
#12367 = PCURVE('',#3606,#12368);
#12368 = DEFINITIONAL_REPRESENTATION('',(#12369),#12373);
#12369 = LINE('',#12370,#12371);
#12370 = CARTESIAN_POINT('',(14.,0.));
#12371 = VECTOR('',#12372,1.);
#12372 = DIRECTION('',(0.,-1.));
#12373 = ( GEOMETRIC_REPRESENTATION_CONTEXT(2) 
PARAMETRIC_REPRESENTATION_CONTEXT() REPRESENTATION_CONTEXT('2D SPACE',''
  ) );
#12374 = ORIENTED_EDGE('',*,*,#7688,.F.);
#12375 = ADVANCED_FACE('',(#12376),#3606,.F.);
#12376 = FACE_BOUND('',#12377,.F.);
#12377 = EDGE_LOOP('',(#12378,#12379,#12380,#12401));
#12378 = ORIENTED_EDGE('',*,*,#12354,.F.);
#12379 = ORIENTED_EDGE('',*,*,#3593,.T.);
#12380 = ORIENTED_EDGE('',*,*,#12381,.T.);
#12381 = EDGE_CURVE('',#3568,#7733,#12382,.T.);
#12382 = SURFACE_CURVE('',#12383,(#12387,#12394),.PCURVE_S1.);
#12383 = LINE('',#12384,#12385);
#12384 = CARTESIAN_POINT('',(-114.35,89.99,9.));
#12385 = VECTOR('',#12386,1.);
#12386 = DIRECTION('',(-0.,1.,0.));
#12387 = PCURVE('',#3606,#12388);
#12388 = DEFINITIONAL_REPRESENTATION('',(#12389),#12393);
#12389 = LINE('',#12390,#12391);
#12390 = CARTESIAN_POINT('',(0.,0.));
#12391 = VECTOR('',#12392,1.);
#12392 = DIRECTION('',(0.,-1.));
#12393 = ( GEOMETRIC_REPRESENTATION_CONTEXT(2) 
PARAMETRIC_REPRESENTATION_CONTEXT() REPRESENTATION_CONTEXT('2D SPACE',''
  ) );
#12394 = PCURVE('',#3582,#12395);
#12395 = DEFINITIONAL_REPRESENTATION('',(#12396),#12400);
#12396 = LINE('',#12397,#12398);
#12397 = CARTESIAN_POINT('',(3.,0.));
#12398 = VECTOR('',#12399,1.);
#12399 = DIRECTION('',(0.,1.));
#12400 = ( GEOMETRIC_REPRESENTATION_CONTEXT(2) 
PARAMETRIC_REPRESENTATION_CONTEXT() REPRESENTATION_CONTEXT('2D SPACE',''
  ) );
#12401 = ORIENTED_EDGE('',*,*,#7753,.F.);
#12402 = ADVANCED_FACE('',(#12403),#3582,.T.);
#12403 = FACE_BOUND('',#12404,.T.);
#12404 = EDGE_LOOP('',(#12405,#12426,#12427,#12428));
#12405 = ORIENTED_EDGE('',*,*,#12406,.F.);
#12406 = EDGE_CURVE('',#3542,#7712,#12407,.T.);
#12407 = SURFACE_CURVE('',#12408,(#12412,#12419),.PCURVE_S1.);
#12408 = LINE('',#12409,#12410);
#12409 = CARTESIAN_POINT('',(-117.35,89.99,9.));
#12410 = VECTOR('',#12411,1.);
#12411 = DIRECTION('',(-0.,1.,0.));
#12412 = PCURVE('',#3582,#12413);
#12413 = DEFINITIONAL_REPRESENTATION('',(#12414),#12418);
#12414 = LINE('',#12415,#12416);
#12415 = CARTESIAN_POINT('',(0.,0.));
#12416 = VECTOR('',#12417,1.);
#12417 = DIRECTION('',(0.,1.));
#12418 = ( GEOMETRIC_REPRESENTATION_CONTEXT(2) 
PARAMETRIC_REPRESENTATION_CONTEXT() REPRESENTATION_CONTEXT('2D SPACE',''
  ) );
#12419 = PCURVE('',#3556,#12420);
#12420 = DEFINITIONAL_REPRESENTATION('',(#12421),#12425);
#12421 = LINE('',#12422,#12423);
#12422 = CARTESIAN_POINT('',(0.,0.));
#12423 = VECTOR('',#12424,1.);
#12424 = DIRECTION('',(0.,-1.));
#12425 = ( GEOMETRIC_REPRESENTATION_CONTEXT(2) 
PARAMETRIC_REPRESENTATION_CONTEXT() REPRESENTATION_CONTEXT('2D SPACE',''
  ) );
#12426 = ORIENTED_EDGE('',*,*,#3567,.T.);
#12427 = ORIENTED_EDGE('',*,*,#12381,.T.);
#12428 = ORIENTED_EDGE('',*,*,#7732,.F.);
#12429 = ADVANCED_FACE('',(#12430),#3556,.T.);
#12430 = FACE_BOUND('',#12431,.T.);
#12431 = EDGE_LOOP('',(#12432,#12433,#12434,#12435));
#12432 = ORIENTED_EDGE('',*,*,#12332,.F.);
#12433 = ORIENTED_EDGE('',*,*,#3541,.T.);
#12434 = ORIENTED_EDGE('',*,*,#12406,.T.);
#12435 = ORIENTED_EDGE('',*,*,#7711,.F.);
#12436 = ADVANCED_FACE('',(#12437),#3636,.F.);
#12437 = FACE_BOUND('',#12438,.F.);
#12438 = EDGE_LOOP('',(#12439,#12460,#12461,#12482));
#12439 = ORIENTED_EDGE('',*,*,#12440,.F.);
#12440 = EDGE_CURVE('',#3620,#7775,#12441,.T.);
#12441 = SURFACE_CURVE('',#12442,(#12446,#12453),.PCURVE_S1.);
#12442 = LINE('',#12443,#12444);
#12443 = CARTESIAN_POINT('',(-111.35,89.99,23.));
#12444 = VECTOR('',#12445,1.);
#12445 = DIRECTION('',(-0.,1.,0.));
#12446 = PCURVE('',#3636,#12447);
#12447 = DEFINITIONAL_REPRESENTATION('',(#12448),#12452);
#12448 = LINE('',#12449,#12450);
#12449 = CARTESIAN_POINT('',(0.,0.));
#12450 = VECTOR('',#12451,1.);
#12451 = DIRECTION('',(0.,1.));
#12452 = ( GEOMETRIC_REPRESENTATION_CONTEXT(2) 
PARAMETRIC_REPRESENTATION_CONTEXT() REPRESENTATION_CONTEXT('2D SPACE',''
  ) );
#12453 = PCURVE('',#3662,#12454);
#12454 = DEFINITIONAL_REPRESENTATION('',(#12455),#12459);
#12455 = LINE('',#12456,#12457);
#12456 = CARTESIAN_POINT('',(14.,0.));
#12457 = VECTOR('',#12458,1.);
#12458 = DIRECTION('',(0.,-1.));
#12459 = ( GEOMETRIC_REPRESENTATION_CONTEXT(2) 
PARAMETRIC_REPRESENTATION_CONTEXT() REPRESENTATION_CONTEXT('2D SPACE',''
  ) );
#12460 = ORIENTED_EDGE('',*,*,#3619,.T.);
#12461 = ORIENTED_EDGE('',*,*,#12462,.T.);
#12462 = EDGE_CURVE('',#3622,#7777,#12463,.T.);
#12463 = SURFACE_CURVE('',#12464,(#12468,#12475),.PCURVE_S1.);
#12464 = LINE('',#12465,#12466);
#12465 = CARTESIAN_POINT('',(-108.35,89.99,23.));
#12466 = VECTOR('',#12467,1.);
#12467 = DIRECTION('',(-0.,1.,0.));
#12468 = PCURVE('',#3636,#12469);
#12469 = DEFINITIONAL_REPRESENTATION('',(#12470),#12474);
#12470 = LINE('',#12471,#12472);
#12471 = CARTESIAN_POINT('',(3.,0.));
#12472 = VECTOR('',#12473,1.);
#12473 = DIRECTION('',(0.,1.));
#12474 = ( GEOMETRIC_REPRESENTATION_CONTEXT(2) 
PARAMETRIC_REPRESENTATION_CONTEXT() REPRESENTATION_CONTEXT('2D SPACE',''
  ) );
#12475 = PCURVE('',#3712,#12476);
#12476 = DEFINITIONAL_REPRESENTATION('',(#12477),#12481);
#12477 = LINE('',#12478,#12479);
#12478 = CARTESIAN_POINT('',(14.,0.));
#12479 = VECTOR('',#12480,1.);
#12480 = DIRECTION('',(0.,-1.));
#12481 = ( GEOMETRIC_REPRESENTATION_CONTEXT(2) 
PARAMETRIC_REPRESENTATION_CONTEXT() REPRESENTATION_CONTEXT('2D SPACE',''
  ) );
#12482 = ORIENTED_EDGE('',*,*,#7774,.F.);
#12483 = ADVANCED_FACE('',(#12484),#3712,.F.);
#12484 = FACE_BOUND('',#12485,.F.);
#12485 = EDGE_LOOP('',(#12486,#12487,#12488,#12509));
#12486 = ORIENTED_EDGE('',*,*,#12462,.F.);
#12487 = ORIENTED_EDGE('',*,*,#3699,.T.);
#12488 = ORIENTED_EDGE('',*,*,#12489,.T.);
#12489 = EDGE_CURVE('',#3674,#7819,#12490,.T.);
#12490 = SURFACE_CURVE('',#12491,(#12495,#12502),.PCURVE_S1.);
#12491 = LINE('',#12492,#12493);
#12492 = CARTESIAN_POINT('',(-108.35,89.99,9.));
#12493 = VECTOR('',#12494,1.);
#12494 = DIRECTION('',(-0.,1.,0.));
#12495 = PCURVE('',#3712,#12496);
#12496 = DEFINITIONAL_REPRESENTATION('',(#12497),#12501);
#12497 = LINE('',#12498,#12499);
#12498 = CARTESIAN_POINT('',(0.,0.));
#12499 = VECTOR('',#12500,1.);
#12500 = DIRECTION('',(0.,-1.));
#12501 = ( GEOMETRIC_REPRESENTATION_CONTEXT(2) 
PARAMETRIC_REPRESENTATION_CONTEXT() REPRESENTATION_CONTEXT('2D SPACE',''
  ) );
#12502 = PCURVE('',#3688,#12503);
#12503 = DEFINITIONAL_REPRESENTATION('',(#12504),#12508);
#12504 = LINE('',#12505,#12506);
#12505 = CARTESIAN_POINT('',(3.,0.));
#12506 = VECTOR('',#12507,1.);
#12507 = DIRECTION('',(0.,1.));
#12508 = ( GEOMETRIC_REPRESENTATION_CONTEXT(2) 
PARAMETRIC_REPRESENTATION_CONTEXT() REPRESENTATION_CONTEXT('2D SPACE',''
  ) );
#12509 = ORIENTED_EDGE('',*,*,#7839,.F.);
#12510 = ADVANCED_FACE('',(#12511),#3688,.T.);
#12511 = FACE_BOUND('',#12512,.T.);
#12512 = EDGE_LOOP('',(#12513,#12534,#12535,#12536));
#12513 = ORIENTED_EDGE('',*,*,#12514,.F.);
#12514 = EDGE_CURVE('',#3648,#7798,#12515,.T.);
#12515 = SURFACE_CURVE('',#12516,(#12520,#12527),.PCURVE_S1.);
#12516 = LINE('',#12517,#12518);
#12517 = CARTESIAN_POINT('',(-111.35,89.99,9.));
#12518 = VECTOR('',#12519,1.);
#12519 = DIRECTION('',(-0.,1.,0.));
#12520 = PCURVE('',#3688,#12521);
#12521 = DEFINITIONAL_REPRESENTATION('',(#12522),#12526);
#12522 = LINE('',#12523,#12524);
#12523 = CARTESIAN_POINT('',(0.,0.));
#12524 = VECTOR('',#12525,1.);
#12525 = DIRECTION('',(0.,1.));
#12526 = ( GEOMETRIC_REPRESENTATION_CONTEXT(2) 
PARAMETRIC_REPRESENTATION_CONTEXT() REPRESENTATION_CONTEXT('2D SPACE',''
  ) );
#12527 = PCURVE('',#3662,#12528);
#12528 = DEFINITIONAL_REPRESENTATION('',(#12529),#12533);
#12529 = LINE('',#12530,#12531);
#12530 = CARTESIAN_POINT('',(0.,0.));
#12531 = VECTOR('',#12532,1.);
#12532 = DIRECTION('',(0.,-1.));
#12533 = ( GEOMETRIC_REPRESENTATION_CONTEXT(2) 
PARAMETRIC_REPRESENTATION_CONTEXT() REPRESENTATION_CONTEXT('2D SPACE',''
  ) );
#12534 = ORIENTED_EDGE('',*,*,#3673,.T.);
#12535 = ORIENTED_EDGE('',*,*,#12489,.T.);
#12536 = ORIENTED_EDGE('',*,*,#7818,.F.);
#12537 = ADVANCED_FACE('',(#12538),#3662,.T.);
#12538 = FACE_BOUND('',#12539,.T.);
#12539 = EDGE_LOOP('',(#12540,#12541,#12542,#12543));
#12540 = ORIENTED_EDGE('',*,*,#12440,.F.);
#12541 = ORIENTED_EDGE('',*,*,#3647,.T.);
#12542 = ORIENTED_EDGE('',*,*,#12514,.T.);
#12543 = ORIENTED_EDGE('',*,*,#7797,.F.);
#12544 = ADVANCED_FACE('',(#12545),#3742,.F.);
#12545 = FACE_BOUND('',#12546,.F.);
#12546 = EDGE_LOOP('',(#12547,#12570,#12597,#12598));
#12547 = ORIENTED_EDGE('',*,*,#12548,.T.);
#12548 = EDGE_CURVE('',#3726,#12549,#12551,.T.);
#12549 = VERTEX_POINT('',#12550);
#12550 = CARTESIAN_POINT('',(-92.575,91.4,30.45));
#12551 = SEAM_CURVE('',#12552,(#12556,#12563),.PCURVE_S1.);
#12552 = LINE('',#12553,#12554);
#12553 = CARTESIAN_POINT('',(-92.575,89.99,30.45));
#12554 = VECTOR('',#12555,1.);
#12555 = DIRECTION('',(0.,1.,2.22044604925E-16));
#12556 = PCURVE('',#3742,#12557);
#12557 = DEFINITIONAL_REPRESENTATION('',(#12558),#12562);
#12558 = LINE('',#12559,#12560);
#12559 = CARTESIAN_POINT('',(6.28318530718,-0.));
#12560 = VECTOR('',#12561,1.);
#12561 = DIRECTION('',(0.,1.));
#12562 = ( GEOMETRIC_REPRESENTATION_CONTEXT(2) 
PARAMETRIC_REPRESENTATION_CONTEXT() REPRESENTATION_CONTEXT('2D SPACE',''
  ) );
#12563 = PCURVE('',#3742,#12564);
#12564 = DEFINITIONAL_REPRESENTATION('',(#12565),#12569);
#12565 = LINE('',#12566,#12567);
#12566 = CARTESIAN_POINT('',(0.,-0.));
#12567 = VECTOR('',#12568,1.);
#12568 = DIRECTION('',(0.,1.));
#12569 = ( GEOMETRIC_REPRESENTATION_CONTEXT(2) 
PARAMETRIC_REPRESENTATION_CONTEXT() REPRESENTATION_CONTEXT('2D SPACE',''
  ) );
#12570 = ORIENTED_EDGE('',*,*,#12571,.F.);
#12571 = EDGE_CURVE('',#12549,#12549,#12572,.T.);
#12572 = SURFACE_CURVE('',#12573,(#12578,#12585),.PCURVE_S1.);
#12573 = CIRCLE('',#12574,1.775);
#12574 = AXIS2_PLACEMENT_3D('',#12575,#12576,#12577);
#12575 = CARTESIAN_POINT('',(-94.35,91.4,30.45));
#12576 = DIRECTION('',(0.,1.,2.22044604925E-16));
#12577 = DIRECTION('',(1.,0.,-0.));
#12578 = PCURVE('',#3742,#12579);
#12579 = DEFINITIONAL_REPRESENTATION('',(#12580),#12584);
#12580 = LINE('',#12581,#12582);
#12581 = CARTESIAN_POINT('',(0.,1.41));
#12582 = VECTOR('',#12583,1.);
#12583 = DIRECTION('',(1.,0.));
#12584 = ( GEOMETRIC_REPRESENTATION_CONTEXT(2) 
PARAMETRIC_REPRESENTATION_CONTEXT() REPRESENTATION_CONTEXT('2D SPACE',''
  ) );
#12585 = PCURVE('',#12586,#12591);
#12586 = PLANE('',#12587);
#12587 = AXIS2_PLACEMENT_3D('',#12588,#12589,#12590);
#12588 = CARTESIAN_POINT('',(-94.35,91.4,30.45));
#12589 = DIRECTION('',(0.,1.,2.22044604925E-16));
#12590 = DIRECTION('',(1.,0.,-0.));
#12591 = DEFINITIONAL_REPRESENTATION('',(#12592),#12596);
#12592 = CIRCLE('',#12593,1.775);
#12593 = AXIS2_PLACEMENT_2D('',#12594,#12595);
#12594 = CARTESIAN_POINT('',(0.,0.));
#12595 = DIRECTION('',(1.,0.));
#12596 = ( GEOMETRIC_REPRESENTATION_CONTEXT(2) 
PARAMETRIC_REPRESENTATION_CONTEXT() REPRESENTATION_CONTEXT('2D SPACE',''
  ) );
#12597 = ORIENTED_EDGE('',*,*,#12548,.F.);
#12598 = ORIENTED_EDGE('',*,*,#3725,.T.);
#12599 = ADVANCED_FACE('',(#12600),#3773,.F.);
#12600 = FACE_BOUND('',#12601,.F.);
#12601 = EDGE_LOOP('',(#12602,#12623,#12624,#12645));
#12602 = ORIENTED_EDGE('',*,*,#12603,.F.);
#12603 = EDGE_CURVE('',#3757,#7892,#12604,.T.);
#12604 = SURFACE_CURVE('',#12605,(#12609,#12616),.PCURVE_S1.);
#12605 = LINE('',#12606,#12607);
#12606 = CARTESIAN_POINT('',(-165.35,89.99,92.5));
#12607 = VECTOR('',#12608,1.);
#12608 = DIRECTION('',(-0.,1.,0.));
#12609 = PCURVE('',#3773,#12610);
#12610 = DEFINITIONAL_REPRESENTATION('',(#12611),#12615);
#12611 = LINE('',#12612,#12613);
#12612 = CARTESIAN_POINT('',(0.,0.));
#12613 = VECTOR('',#12614,1.);
#12614 = DIRECTION('',(0.,1.));
#12615 = ( GEOMETRIC_REPRESENTATION_CONTEXT(2) 
PARAMETRIC_REPRESENTATION_CONTEXT() REPRESENTATION_CONTEXT('2D SPACE',''
  ) );
#12616 = PCURVE('',#3799,#12617);
#12617 = DEFINITIONAL_REPRESENTATION('',(#12618),#12622);
#12618 = LINE('',#12619,#12620);
#12619 = CARTESIAN_POINT('',(14.,0.));
#12620 = VECTOR('',#12621,1.);
#12621 = DIRECTION('',(0.,-1.));
#12622 = ( GEOMETRIC_REPRESENTATION_CONTEXT(2) 
PARAMETRIC_REPRESENTATION_CONTEXT() REPRESENTATION_CONTEXT('2D SPACE',''
  ) );
#12623 = ORIENTED_EDGE('',*,*,#3756,.T.);
#12624 = ORIENTED_EDGE('',*,*,#12625,.T.);
#12625 = EDGE_CURVE('',#3759,#7894,#12626,.T.);
#12626 = SURFACE_CURVE('',#12627,(#12631,#12638),.PCURVE_S1.);
#12627 = LINE('',#12628,#12629);
#12628 = CARTESIAN_POINT('',(-162.35,89.99,92.5));
#12629 = VECTOR('',#12630,1.);
#12630 = DIRECTION('',(-0.,1.,0.));
#12631 = PCURVE('',#3773,#12632);
#12632 = DEFINITIONAL_REPRESENTATION('',(#12633),#12637);
#12633 = LINE('',#12634,#12635);
#12634 = CARTESIAN_POINT('',(3.,0.));
#12635 = VECTOR('',#12636,1.);
#12636 = DIRECTION('',(0.,1.));
#12637 = ( GEOMETRIC_REPRESENTATION_CONTEXT(2) 
PARAMETRIC_REPRESENTATION_CONTEXT() REPRESENTATION_CONTEXT('2D SPACE',''
  ) );
#12638 = PCURVE('',#3849,#12639);
#12639 = DEFINITIONAL_REPRESENTATION('',(#12640),#12644);
#12640 = LINE('',#12641,#12642);
#12641 = CARTESIAN_POINT('',(14.,0.));
#12642 = VECTOR('',#12643,1.);
#12643 = DIRECTION('',(0.,-1.));
#12644 = ( GEOMETRIC_REPRESENTATION_CONTEXT(2) 
PARAMETRIC_REPRESENTATION_CONTEXT() REPRESENTATION_CONTEXT('2D SPACE',''
  ) );
#12645 = ORIENTED_EDGE('',*,*,#7891,.F.);
#12646 = ADVANCED_FACE('',(#12647),#3849,.F.);
#12647 = FACE_BOUND('',#12648,.F.);
#12648 = EDGE_LOOP('',(#12649,#12650,#12651,#12672));
#12649 = ORIENTED_EDGE('',*,*,#12625,.F.);
#12650 = ORIENTED_EDGE('',*,*,#3836,.T.);
#12651 = ORIENTED_EDGE('',*,*,#12652,.T.);
#12652 = EDGE_CURVE('',#3811,#7936,#12653,.T.);
#12653 = SURFACE_CURVE('',#12654,(#12658,#12665),.PCURVE_S1.);
#12654 = LINE('',#12655,#12656);
#12655 = CARTESIAN_POINT('',(-162.35,89.99,78.5));
#12656 = VECTOR('',#12657,1.);
#12657 = DIRECTION('',(-0.,1.,0.));
#12658 = PCURVE('',#3849,#12659);
#12659 = DEFINITIONAL_REPRESENTATION('',(#12660),#12664);
#12660 = LINE('',#12661,#12662);
#12661 = CARTESIAN_POINT('',(0.,0.));
#12662 = VECTOR('',#12663,1.);
#12663 = DIRECTION('',(0.,-1.));
#12664 = ( GEOMETRIC_REPRESENTATION_CONTEXT(2) 
PARAMETRIC_REPRESENTATION_CONTEXT() REPRESENTATION_CONTEXT('2D SPACE',''
  ) );
#12665 = PCURVE('',#3825,#12666);
#12666 = DEFINITIONAL_REPRESENTATION('',(#12667),#12671);
#12667 = LINE('',#12668,#12669);
#12668 = CARTESIAN_POINT('',(3.,0.));
#12669 = VECTOR('',#12670,1.);
#12670 = DIRECTION('',(0.,1.));
#12671 = ( GEOMETRIC_REPRESENTATION_CONTEXT(2) 
PARAMETRIC_REPRESENTATION_CONTEXT() REPRESENTATION_CONTEXT('2D SPACE',''
  ) );
#12672 = ORIENTED_EDGE('',*,*,#7956,.F.);
#12673 = ADVANCED_FACE('',(#12674),#3825,.T.);
#12674 = FACE_BOUND('',#12675,.T.);
#12675 = EDGE_LOOP('',(#12676,#12697,#12698,#12699));
#12676 = ORIENTED_EDGE('',*,*,#12677,.F.);
#12677 = EDGE_CURVE('',#3785,#7915,#12678,.T.);
#12678 = SURFACE_CURVE('',#12679,(#12683,#12690),.PCURVE_S1.);
#12679 = LINE('',#12680,#12681);
#12680 = CARTESIAN_POINT('',(-165.35,89.99,78.5));
#12681 = VECTOR('',#12682,1.);
#12682 = DIRECTION('',(-0.,1.,0.));
#12683 = PCURVE('',#3825,#12684);
#12684 = DEFINITIONAL_REPRESENTATION('',(#12685),#12689);
#12685 = LINE('',#12686,#12687);
#12686 = CARTESIAN_POINT('',(0.,0.));
#12687 = VECTOR('',#12688,1.);
#12688 = DIRECTION('',(0.,1.));
#12689 = ( GEOMETRIC_REPRESENTATION_CONTEXT(2) 
PARAMETRIC_REPRESENTATION_CONTEXT() REPRESENTATION_CONTEXT('2D SPACE',''
  ) );
#12690 = PCURVE('',#3799,#12691);
#12691 = DEFINITIONAL_REPRESENTATION('',(#12692),#12696);
#12692 = LINE('',#12693,#12694);
#12693 = CARTESIAN_POINT('',(0.,0.));
#12694 = VECTOR('',#12695,1.);
#12695 = DIRECTION('',(0.,-1.));
#12696 = ( GEOMETRIC_REPRESENTATION_CONTEXT(2) 
PARAMETRIC_REPRESENTATION_CONTEXT() REPRESENTATION_CONTEXT('2D SPACE',''
  ) );
#12697 = ORIENTED_EDGE('',*,*,#3810,.T.);
#12698 = ORIENTED_EDGE('',*,*,#12652,.T.);
#12699 = ORIENTED_EDGE('',*,*,#7935,.F.);
#12700 = ADVANCED_FACE('',(#12701),#3799,.T.);
#12701 = FACE_BOUND('',#12702,.T.);
#12702 = EDGE_LOOP('',(#12703,#12704,#12705,#12706));
#12703 = ORIENTED_EDGE('',*,*,#12603,.F.);
#12704 = ORIENTED_EDGE('',*,*,#3784,.T.);
#12705 = ORIENTED_EDGE('',*,*,#12677,.T.);
#12706 = ORIENTED_EDGE('',*,*,#7914,.F.);
#12707 = ADVANCED_FACE('',(#12708),#3879,.F.);
#12708 = FACE_BOUND('',#12709,.F.);
#12709 = EDGE_LOOP('',(#12710,#12731,#12732,#12753));
#12710 = ORIENTED_EDGE('',*,*,#12711,.F.);
#12711 = EDGE_CURVE('',#3863,#7978,#12712,.T.);
#12712 = SURFACE_CURVE('',#12713,(#12717,#12724),.PCURVE_S1.);
#12713 = LINE('',#12714,#12715);
#12714 = CARTESIAN_POINT('',(-159.35,89.99,92.5));
#12715 = VECTOR('',#12716,1.);
#12716 = DIRECTION('',(-0.,1.,0.));
#12717 = PCURVE('',#3879,#12718);
#12718 = DEFINITIONAL_REPRESENTATION('',(#12719),#12723);
#12719 = LINE('',#12720,#12721);
#12720 = CARTESIAN_POINT('',(0.,0.));
#12721 = VECTOR('',#12722,1.);
#12722 = DIRECTION('',(0.,1.));
#12723 = ( GEOMETRIC_REPRESENTATION_CONTEXT(2) 
PARAMETRIC_REPRESENTATION_CONTEXT() REPRESENTATION_CONTEXT('2D SPACE',''
  ) );
#12724 = PCURVE('',#3905,#12725);
#12725 = DEFINITIONAL_REPRESENTATION('',(#12726),#12730);
#12726 = LINE('',#12727,#12728);
#12727 = CARTESIAN_POINT('',(14.,0.));
#12728 = VECTOR('',#12729,1.);
#12729 = DIRECTION('',(0.,-1.));
#12730 = ( GEOMETRIC_REPRESENTATION_CONTEXT(2) 
PARAMETRIC_REPRESENTATION_CONTEXT() REPRESENTATION_CONTEXT('2D SPACE',''
  ) );
#12731 = ORIENTED_EDGE('',*,*,#3862,.T.);
#12732 = ORIENTED_EDGE('',*,*,#12733,.T.);
#12733 = EDGE_CURVE('',#3865,#7980,#12734,.T.);
#12734 = SURFACE_CURVE('',#12735,(#12739,#12746),.PCURVE_S1.);
#12735 = LINE('',#12736,#12737);
#12736 = CARTESIAN_POINT('',(-156.35,89.99,92.5));
#12737 = VECTOR('',#12738,1.);
#12738 = DIRECTION('',(-0.,1.,0.));
#12739 = PCURVE('',#3879,#12740);
#12740 = DEFINITIONAL_REPRESENTATION('',(#12741),#12745);
#12741 = LINE('',#12742,#12743);
#12742 = CARTESIAN_POINT('',(3.,0.));
#12743 = VECTOR('',#12744,1.);
#12744 = DIRECTION('',(0.,1.));
#12745 = ( GEOMETRIC_REPRESENTATION_CONTEXT(2) 
PARAMETRIC_REPRESENTATION_CONTEXT() REPRESENTATION_CONTEXT('2D SPACE',''
  ) );
#12746 = PCURVE('',#3955,#12747);
#12747 = DEFINITIONAL_REPRESENTATION('',(#12748),#12752);
#12748 = LINE('',#12749,#12750);
#12749 = CARTESIAN_POINT('',(14.,0.));
#12750 = VECTOR('',#12751,1.);
#12751 = DIRECTION('',(0.,-1.));
#12752 = ( GEOMETRIC_REPRESENTATION_CONTEXT(2) 
PARAMETRIC_REPRESENTATION_CONTEXT() REPRESENTATION_CONTEXT('2D SPACE',''
  ) );
#12753 = ORIENTED_EDGE('',*,*,#7977,.F.);
#12754 = ADVANCED_FACE('',(#12755),#3955,.F.);
#12755 = FACE_BOUND('',#12756,.F.);
#12756 = EDGE_LOOP('',(#12757,#12758,#12759,#12780));
#12757 = ORIENTED_EDGE('',*,*,#12733,.F.);
#12758 = ORIENTED_EDGE('',*,*,#3942,.T.);
#12759 = ORIENTED_EDGE('',*,*,#12760,.T.);
#12760 = EDGE_CURVE('',#3917,#8022,#12761,.T.);
#12761 = SURFACE_CURVE('',#12762,(#12766,#12773),.PCURVE_S1.);
#12762 = LINE('',#12763,#12764);
#12763 = CARTESIAN_POINT('',(-156.35,89.99,78.5));
#12764 = VECTOR('',#12765,1.);
#12765 = DIRECTION('',(-0.,1.,0.));
#12766 = PCURVE('',#3955,#12767);
#12767 = DEFINITIONAL_REPRESENTATION('',(#12768),#12772);
#12768 = LINE('',#12769,#12770);
#12769 = CARTESIAN_POINT('',(0.,0.));
#12770 = VECTOR('',#12771,1.);
#12771 = DIRECTION('',(0.,-1.));
#12772 = ( GEOMETRIC_REPRESENTATION_CONTEXT(2) 
PARAMETRIC_REPRESENTATION_CONTEXT() REPRESENTATION_CONTEXT('2D SPACE',''
  ) );
#12773 = PCURVE('',#3931,#12774);
#12774 = DEFINITIONAL_REPRESENTATION('',(#12775),#12779);
#12775 = LINE('',#12776,#12777);
#12776 = CARTESIAN_POINT('',(3.,0.));
#12777 = VECTOR('',#12778,1.);
#12778 = DIRECTION('',(0.,1.));
#12779 = ( GEOMETRIC_REPRESENTATION_CONTEXT(2) 
PARAMETRIC_REPRESENTATION_CONTEXT() REPRESENTATION_CONTEXT('2D SPACE',''
  ) );
#12780 = ORIENTED_EDGE('',*,*,#8042,.F.);
#12781 = ADVANCED_FACE('',(#12782),#3931,.T.);
#12782 = FACE_BOUND('',#12783,.T.);
#12783 = EDGE_LOOP('',(#12784,#12805,#12806,#12807));
#12784 = ORIENTED_EDGE('',*,*,#12785,.F.);
#12785 = EDGE_CURVE('',#3891,#8001,#12786,.T.);
#12786 = SURFACE_CURVE('',#12787,(#12791,#12798),.PCURVE_S1.);
#12787 = LINE('',#12788,#12789);
#12788 = CARTESIAN_POINT('',(-159.35,89.99,78.5));
#12789 = VECTOR('',#12790,1.);
#12790 = DIRECTION('',(-0.,1.,0.));
#12791 = PCURVE('',#3931,#12792);
#12792 = DEFINITIONAL_REPRESENTATION('',(#12793),#12797);
#12793 = LINE('',#12794,#12795);
#12794 = CARTESIAN_POINT('',(0.,0.));
#12795 = VECTOR('',#12796,1.);
#12796 = DIRECTION('',(0.,1.));
#12797 = ( GEOMETRIC_REPRESENTATION_CONTEXT(2) 
PARAMETRIC_REPRESENTATION_CONTEXT() REPRESENTATION_CONTEXT('2D SPACE',''
  ) );
#12798 = PCURVE('',#3905,#12799);
#12799 = DEFINITIONAL_REPRESENTATION('',(#12800),#12804);
#12800 = LINE('',#12801,#12802);
#12801 = CARTESIAN_POINT('',(0.,0.));
#12802 = VECTOR('',#12803,1.);
#12803 = DIRECTION('',(0.,-1.));
#12804 = ( GEOMETRIC_REPRESENTATION_CONTEXT(2) 
PARAMETRIC_REPRESENTATION_CONTEXT() REPRESENTATION_CONTEXT('2D SPACE',''
  ) );
#12805 = ORIENTED_EDGE('',*,*,#3916,.T.);
#12806 = ORIENTED_EDGE('',*,*,#12760,.T.);
#12807 = ORIENTED_EDGE('',*,*,#8021,.F.);
#12808 = ADVANCED_FACE('',(#12809),#3905,.T.);
#12809 = FACE_BOUND('',#12810,.T.);
#12810 = EDGE_LOOP('',(#12811,#12812,#12813,#12814));
#12811 = ORIENTED_EDGE('',*,*,#12711,.F.);
#12812 = ORIENTED_EDGE('',*,*,#3890,.T.);
#12813 = ORIENTED_EDGE('',*,*,#12785,.T.);
#12814 = ORIENTED_EDGE('',*,*,#8000,.F.);
#12815 = ADVANCED_FACE('',(#12816),#3985,.F.);
#12816 = FACE_BOUND('',#12817,.F.);
#12817 = EDGE_LOOP('',(#12818,#12839,#12840,#12861));
#12818 = ORIENTED_EDGE('',*,*,#12819,.F.);
#12819 = EDGE_CURVE('',#3969,#8064,#12820,.T.);
#12820 = SURFACE_CURVE('',#12821,(#12825,#12832),.PCURVE_S1.);
#12821 = LINE('',#12822,#12823);
#12822 = CARTESIAN_POINT('',(-153.35,89.99,92.5));
#12823 = VECTOR('',#12824,1.);
#12824 = DIRECTION('',(-0.,1.,0.));
#12825 = PCURVE('',#3985,#12826);
#12826 = DEFINITIONAL_REPRESENTATION('',(#12827),#12831);
#12827 = LINE('',#12828,#12829);
#12828 = CARTESIAN_POINT('',(0.,0.));
#12829 = VECTOR('',#12830,1.);
#12830 = DIRECTION('',(0.,1.));
#12831 = ( GEOMETRIC_REPRESENTATION_CONTEXT(2) 
PARAMETRIC_REPRESENTATION_CONTEXT() REPRESENTATION_CONTEXT('2D SPACE',''
  ) );
#12832 = PCURVE('',#4011,#12833);
#12833 = DEFINITIONAL_REPRESENTATION('',(#12834),#12838);
#12834 = LINE('',#12835,#12836);
#12835 = CARTESIAN_POINT('',(14.,0.));
#12836 = VECTOR('',#12837,1.);
#12837 = DIRECTION('',(0.,-1.));
#12838 = ( GEOMETRIC_REPRESENTATION_CONTEXT(2) 
PARAMETRIC_REPRESENTATION_CONTEXT() REPRESENTATION_CONTEXT('2D SPACE',''
  ) );
#12839 = ORIENTED_EDGE('',*,*,#3968,.T.);
#12840 = ORIENTED_EDGE('',*,*,#12841,.T.);
#12841 = EDGE_CURVE('',#3971,#8066,#12842,.T.);
#12842 = SURFACE_CURVE('',#12843,(#12847,#12854),.PCURVE_S1.);
#12843 = LINE('',#12844,#12845);
#12844 = CARTESIAN_POINT('',(-150.35,89.99,92.5));
#12845 = VECTOR('',#12846,1.);
#12846 = DIRECTION('',(-0.,1.,0.));
#12847 = PCURVE('',#3985,#12848);
#12848 = DEFINITIONAL_REPRESENTATION('',(#12849),#12853);
#12849 = LINE('',#12850,#12851);
#12850 = CARTESIAN_POINT('',(3.,0.));
#12851 = VECTOR('',#12852,1.);
#12852 = DIRECTION('',(0.,1.));
#12853 = ( GEOMETRIC_REPRESENTATION_CONTEXT(2) 
PARAMETRIC_REPRESENTATION_CONTEXT() REPRESENTATION_CONTEXT('2D SPACE',''
  ) );
#12854 = PCURVE('',#4061,#12855);
#12855 = DEFINITIONAL_REPRESENTATION('',(#12856),#12860);
#12856 = LINE('',#12857,#12858);
#12857 = CARTESIAN_POINT('',(14.,0.));
#12858 = VECTOR('',#12859,1.);
#12859 = DIRECTION('',(0.,-1.));
#12860 = ( GEOMETRIC_REPRESENTATION_CONTEXT(2) 
PARAMETRIC_REPRESENTATION_CONTEXT() REPRESENTATION_CONTEXT('2D SPACE',''
  ) );
#12861 = ORIENTED_EDGE('',*,*,#8063,.F.);
#12862 = ADVANCED_FACE('',(#12863),#4061,.F.);
#12863 = FACE_BOUND('',#12864,.F.);
#12864 = EDGE_LOOP('',(#12865,#12866,#12867,#12888));
#12865 = ORIENTED_EDGE('',*,*,#12841,.F.);
#12866 = ORIENTED_EDGE('',*,*,#4048,.T.);
#12867 = ORIENTED_EDGE('',*,*,#12868,.T.);
#12868 = EDGE_CURVE('',#4023,#8108,#12869,.T.);
#12869 = SURFACE_CURVE('',#12870,(#12874,#12881),.PCURVE_S1.);
#12870 = LINE('',#12871,#12872);
#12871 = CARTESIAN_POINT('',(-150.35,89.99,78.5));
#12872 = VECTOR('',#12873,1.);
#12873 = DIRECTION('',(-0.,1.,0.));
#12874 = PCURVE('',#4061,#12875);
#12875 = DEFINITIONAL_REPRESENTATION('',(#12876),#12880);
#12876 = LINE('',#12877,#12878);
#12877 = CARTESIAN_POINT('',(0.,0.));
#12878 = VECTOR('',#12879,1.);
#12879 = DIRECTION('',(0.,-1.));
#12880 = ( GEOMETRIC_REPRESENTATION_CONTEXT(2) 
PARAMETRIC_REPRESENTATION_CONTEXT() REPRESENTATION_CONTEXT('2D SPACE',''
  ) );
#12881 = PCURVE('',#4037,#12882);
#12882 = DEFINITIONAL_REPRESENTATION('',(#12883),#12887);
#12883 = LINE('',#12884,#12885);
#12884 = CARTESIAN_POINT('',(3.,0.));
#12885 = VECTOR('',#12886,1.);
#12886 = DIRECTION('',(0.,1.));
#12887 = ( GEOMETRIC_REPRESENTATION_CONTEXT(2) 
PARAMETRIC_REPRESENTATION_CONTEXT() REPRESENTATION_CONTEXT('2D SPACE',''
  ) );
#12888 = ORIENTED_EDGE('',*,*,#8128,.F.);
#12889 = ADVANCED_FACE('',(#12890),#4037,.T.);
#12890 = FACE_BOUND('',#12891,.T.);
#12891 = EDGE_LOOP('',(#12892,#12913,#12914,#12915));
#12892 = ORIENTED_EDGE('',*,*,#12893,.F.);
#12893 = EDGE_CURVE('',#3997,#8087,#12894,.T.);
#12894 = SURFACE_CURVE('',#12895,(#12899,#12906),.PCURVE_S1.);
#12895 = LINE('',#12896,#12897);
#12896 = CARTESIAN_POINT('',(-153.35,89.99,78.5));
#12897 = VECTOR('',#12898,1.);
#12898 = DIRECTION('',(-0.,1.,0.));
#12899 = PCURVE('',#4037,#12900);
#12900 = DEFINITIONAL_REPRESENTATION('',(#12901),#12905);
#12901 = LINE('',#12902,#12903);
#12902 = CARTESIAN_POINT('',(0.,0.));
#12903 = VECTOR('',#12904,1.);
#12904 = DIRECTION('',(0.,1.));
#12905 = ( GEOMETRIC_REPRESENTATION_CONTEXT(2) 
PARAMETRIC_REPRESENTATION_CONTEXT() REPRESENTATION_CONTEXT('2D SPACE',''
  ) );
#12906 = PCURVE('',#4011,#12907);
#12907 = DEFINITIONAL_REPRESENTATION('',(#12908),#12912);
#12908 = LINE('',#12909,#12910);
#12909 = CARTESIAN_POINT('',(0.,0.));
#12910 = VECTOR('',#12911,1.);
#12911 = DIRECTION('',(0.,-1.));
#12912 = ( GEOMETRIC_REPRESENTATION_CONTEXT(2) 
PARAMETRIC_REPRESENTATION_CONTEXT() REPRESENTATION_CONTEXT('2D SPACE',''
  ) );
#12913 = ORIENTED_EDGE('',*,*,#4022,.T.);
#12914 = ORIENTED_EDGE('',*,*,#12868,.T.);
#12915 = ORIENTED_EDGE('',*,*,#8107,.F.);
#12916 = ADVANCED_FACE('',(#12917),#4011,.T.);
#12917 = FACE_BOUND('',#12918,.T.);
#12918 = EDGE_LOOP('',(#12919,#12920,#12921,#12922));
#12919 = ORIENTED_EDGE('',*,*,#12819,.F.);
#12920 = ORIENTED_EDGE('',*,*,#3996,.T.);
#12921 = ORIENTED_EDGE('',*,*,#12893,.T.);
#12922 = ORIENTED_EDGE('',*,*,#8086,.F.);
#12923 = ADVANCED_FACE('',(#12924),#4091,.F.);
#12924 = FACE_BOUND('',#12925,.F.);
#12925 = EDGE_LOOP('',(#12926,#12947,#12948,#12969));
#12926 = ORIENTED_EDGE('',*,*,#12927,.F.);
#12927 = EDGE_CURVE('',#4075,#8150,#12928,.T.);
#12928 = SURFACE_CURVE('',#12929,(#12933,#12940),.PCURVE_S1.);
#12929 = LINE('',#12930,#12931);
#12930 = CARTESIAN_POINT('',(-147.35,89.99,92.5));
#12931 = VECTOR('',#12932,1.);
#12932 = DIRECTION('',(-0.,1.,0.));
#12933 = PCURVE('',#4091,#12934);
#12934 = DEFINITIONAL_REPRESENTATION('',(#12935),#12939);
#12935 = LINE('',#12936,#12937);
#12936 = CARTESIAN_POINT('',(0.,0.));
#12937 = VECTOR('',#12938,1.);
#12938 = DIRECTION('',(0.,1.));
#12939 = ( GEOMETRIC_REPRESENTATION_CONTEXT(2) 
PARAMETRIC_REPRESENTATION_CONTEXT() REPRESENTATION_CONTEXT('2D SPACE',''
  ) );
#12940 = PCURVE('',#4117,#12941);
#12941 = DEFINITIONAL_REPRESENTATION('',(#12942),#12946);
#12942 = LINE('',#12943,#12944);
#12943 = CARTESIAN_POINT('',(14.,0.));
#12944 = VECTOR('',#12945,1.);
#12945 = DIRECTION('',(0.,-1.));
#12946 = ( GEOMETRIC_REPRESENTATION_CONTEXT(2) 
PARAMETRIC_REPRESENTATION_CONTEXT() REPRESENTATION_CONTEXT('2D SPACE',''
  ) );
#12947 = ORIENTED_EDGE('',*,*,#4074,.T.);
#12948 = ORIENTED_EDGE('',*,*,#12949,.T.);
#12949 = EDGE_CURVE('',#4077,#8152,#12950,.T.);
#12950 = SURFACE_CURVE('',#12951,(#12955,#12962),.PCURVE_S1.);
#12951 = LINE('',#12952,#12953);
#12952 = CARTESIAN_POINT('',(-144.35,89.99,92.5));
#12953 = VECTOR('',#12954,1.);
#12954 = DIRECTION('',(-0.,1.,0.));
#12955 = PCURVE('',#4091,#12956);
#12956 = DEFINITIONAL_REPRESENTATION('',(#12957),#12961);
#12957 = LINE('',#12958,#12959);
#12958 = CARTESIAN_POINT('',(3.,0.));
#12959 = VECTOR('',#12960,1.);
#12960 = DIRECTION('',(0.,1.));
#12961 = ( GEOMETRIC_REPRESENTATION_CONTEXT(2) 
PARAMETRIC_REPRESENTATION_CONTEXT() REPRESENTATION_CONTEXT('2D SPACE',''
  ) );
#12962 = PCURVE('',#4167,#12963);
#12963 = DEFINITIONAL_REPRESENTATION('',(#12964),#12968);
#12964 = LINE('',#12965,#12966);
#12965 = CARTESIAN_POINT('',(14.,0.));
#12966 = VECTOR('',#12967,1.);
#12967 = DIRECTION('',(0.,-1.));
#12968 = ( GEOMETRIC_REPRESENTATION_CONTEXT(2) 
PARAMETRIC_REPRESENTATION_CONTEXT() REPRESENTATION_CONTEXT('2D SPACE',''
  ) );
#12969 = ORIENTED_EDGE('',*,*,#8149,.F.);
#12970 = ADVANCED_FACE('',(#12971),#4167,.F.);
#12971 = FACE_BOUND('',#12972,.F.);
#12972 = EDGE_LOOP('',(#12973,#12974,#12975,#12996));
#12973 = ORIENTED_EDGE('',*,*,#12949,.F.);
#12974 = ORIENTED_EDGE('',*,*,#4154,.T.);
#12975 = ORIENTED_EDGE('',*,*,#12976,.T.);
#12976 = EDGE_CURVE('',#4129,#8194,#12977,.T.);
#12977 = SURFACE_CURVE('',#12978,(#12982,#12989),.PCURVE_S1.);
#12978 = LINE('',#12979,#12980);
#12979 = CARTESIAN_POINT('',(-144.35,89.99,78.5));
#12980 = VECTOR('',#12981,1.);
#12981 = DIRECTION('',(-0.,1.,0.));
#12982 = PCURVE('',#4167,#12983);
#12983 = DEFINITIONAL_REPRESENTATION('',(#12984),#12988);
#12984 = LINE('',#12985,#12986);
#12985 = CARTESIAN_POINT('',(0.,0.));
#12986 = VECTOR('',#12987,1.);
#12987 = DIRECTION('',(0.,-1.));
#12988 = ( GEOMETRIC_REPRESENTATION_CONTEXT(2) 
PARAMETRIC_REPRESENTATION_CONTEXT() REPRESENTATION_CONTEXT('2D SPACE',''
  ) );
#12989 = PCURVE('',#4143,#12990);
#12990 = DEFINITIONAL_REPRESENTATION('',(#12991),#12995);
#12991 = LINE('',#12992,#12993);
#12992 = CARTESIAN_POINT('',(3.,0.));
#12993 = VECTOR('',#12994,1.);
#12994 = DIRECTION('',(0.,1.));
#12995 = ( GEOMETRIC_REPRESENTATION_CONTEXT(2) 
PARAMETRIC_REPRESENTATION_CONTEXT() REPRESENTATION_CONTEXT('2D SPACE',''
  ) );
#12996 = ORIENTED_EDGE('',*,*,#8214,.F.);
#12997 = ADVANCED_FACE('',(#12998),#4143,.T.);
#12998 = FACE_BOUND('',#12999,.T.);
#12999 = EDGE_LOOP('',(#13000,#13021,#13022,#13023));
#13000 = ORIENTED_EDGE('',*,*,#13001,.F.);
#13001 = EDGE_CURVE('',#4103,#8173,#13002,.T.);
#13002 = SURFACE_CURVE('',#13003,(#13007,#13014),.PCURVE_S1.);
#13003 = LINE('',#13004,#13005);
#13004 = CARTESIAN_POINT('',(-147.35,89.99,78.5));
#13005 = VECTOR('',#13006,1.);
#13006 = DIRECTION('',(-0.,1.,0.));
#13007 = PCURVE('',#4143,#13008);
#13008 = DEFINITIONAL_REPRESENTATION('',(#13009),#13013);
#13009 = LINE('',#13010,#13011);
#13010 = CARTESIAN_POINT('',(0.,0.));
#13011 = VECTOR('',#13012,1.);
#13012 = DIRECTION('',(0.,1.));
#13013 = ( GEOMETRIC_REPRESENTATION_CONTEXT(2) 
PARAMETRIC_REPRESENTATION_CONTEXT() REPRESENTATION_CONTEXT('2D SPACE',''
  ) );
#13014 = PCURVE('',#4117,#13015);
#13015 = DEFINITIONAL_REPRESENTATION('',(#13016),#13020);
#13016 = LINE('',#13017,#13018);
#13017 = CARTESIAN_POINT('',(0.,0.));
#13018 = VECTOR('',#13019,1.);
#13019 = DIRECTION('',(0.,-1.));
#13020 = ( GEOMETRIC_REPRESENTATION_CONTEXT(2) 
PARAMETRIC_REPRESENTATION_CONTEXT() REPRESENTATION_CONTEXT('2D SPACE',''
  ) );
#13021 = ORIENTED_EDGE('',*,*,#4128,.T.);
#13022 = ORIENTED_EDGE('',*,*,#12976,.T.);
#13023 = ORIENTED_EDGE('',*,*,#8193,.F.);
#13024 = ADVANCED_FACE('',(#13025),#4117,.T.);
#13025 = FACE_BOUND('',#13026,.T.);
#13026 = EDGE_LOOP('',(#13027,#13028,#13029,#13030));
#13027 = ORIENTED_EDGE('',*,*,#12927,.F.);
#13028 = ORIENTED_EDGE('',*,*,#4102,.T.);
#13029 = ORIENTED_EDGE('',*,*,#13001,.T.);
#13030 = ORIENTED_EDGE('',*,*,#8172,.F.);
#13031 = ADVANCED_FACE('',(#13032),#4197,.F.);
#13032 = FACE_BOUND('',#13033,.F.);
#13033 = EDGE_LOOP('',(#13034,#13055,#13056,#13077));
#13034 = ORIENTED_EDGE('',*,*,#13035,.F.);
#13035 = EDGE_CURVE('',#4181,#8236,#13036,.T.);
#13036 = SURFACE_CURVE('',#13037,(#13041,#13048),.PCURVE_S1.);
#13037 = LINE('',#13038,#13039);
#13038 = CARTESIAN_POINT('',(-141.35,89.99,92.5));
#13039 = VECTOR('',#13040,1.);
#13040 = DIRECTION('',(-0.,1.,0.));
#13041 = PCURVE('',#4197,#13042);
#13042 = DEFINITIONAL_REPRESENTATION('',(#13043),#13047);
#13043 = LINE('',#13044,#13045);
#13044 = CARTESIAN_POINT('',(0.,0.));
#13045 = VECTOR('',#13046,1.);
#13046 = DIRECTION('',(0.,1.));
#13047 = ( GEOMETRIC_REPRESENTATION_CONTEXT(2) 
PARAMETRIC_REPRESENTATION_CONTEXT() REPRESENTATION_CONTEXT('2D SPACE',''
  ) );
#13048 = PCURVE('',#4223,#13049);
#13049 = DEFINITIONAL_REPRESENTATION('',(#13050),#13054);
#13050 = LINE('',#13051,#13052);
#13051 = CARTESIAN_POINT('',(14.,0.));
#13052 = VECTOR('',#13053,1.);
#13053 = DIRECTION('',(0.,-1.));
#13054 = ( GEOMETRIC_REPRESENTATION_CONTEXT(2) 
PARAMETRIC_REPRESENTATION_CONTEXT() REPRESENTATION_CONTEXT('2D SPACE',''
  ) );
#13055 = ORIENTED_EDGE('',*,*,#4180,.T.);
#13056 = ORIENTED_EDGE('',*,*,#13057,.T.);
#13057 = EDGE_CURVE('',#4183,#8238,#13058,.T.);
#13058 = SURFACE_CURVE('',#13059,(#13063,#13070),.PCURVE_S1.);
#13059 = LINE('',#13060,#13061);
#13060 = CARTESIAN_POINT('',(-138.35,89.99,92.5));
#13061 = VECTOR('',#13062,1.);
#13062 = DIRECTION('',(-0.,1.,0.));
#13063 = PCURVE('',#4197,#13064);
#13064 = DEFINITIONAL_REPRESENTATION('',(#13065),#13069);
#13065 = LINE('',#13066,#13067);
#13066 = CARTESIAN_POINT('',(3.,0.));
#13067 = VECTOR('',#13068,1.);
#13068 = DIRECTION('',(0.,1.));
#13069 = ( GEOMETRIC_REPRESENTATION_CONTEXT(2) 
PARAMETRIC_REPRESENTATION_CONTEXT() REPRESENTATION_CONTEXT('2D SPACE',''
  ) );
#13070 = PCURVE('',#4273,#13071);
#13071 = DEFINITIONAL_REPRESENTATION('',(#13072),#13076);
#13072 = LINE('',#13073,#13074);
#13073 = CARTESIAN_POINT('',(14.,0.));
#13074 = VECTOR('',#13075,1.);
#13075 = DIRECTION('',(0.,-1.));
#13076 = ( GEOMETRIC_REPRESENTATION_CONTEXT(2) 
PARAMETRIC_REPRESENTATION_CONTEXT() REPRESENTATION_CONTEXT('2D SPACE',''
  ) );
#13077 = ORIENTED_EDGE('',*,*,#8235,.F.);
#13078 = ADVANCED_FACE('',(#13079),#4273,.F.);
#13079 = FACE_BOUND('',#13080,.F.);
#13080 = EDGE_LOOP('',(#13081,#13082,#13083,#13104));
#13081 = ORIENTED_EDGE('',*,*,#13057,.F.);
#13082 = ORIENTED_EDGE('',*,*,#4260,.T.);
#13083 = ORIENTED_EDGE('',*,*,#13084,.T.);
#13084 = EDGE_CURVE('',#4235,#8280,#13085,.T.);
#13085 = SURFACE_CURVE('',#13086,(#13090,#13097),.PCURVE_S1.);
#13086 = LINE('',#13087,#13088);
#13087 = CARTESIAN_POINT('',(-138.35,89.99,78.5));
#13088 = VECTOR('',#13089,1.);
#13089 = DIRECTION('',(-0.,1.,0.));
#13090 = PCURVE('',#4273,#13091);
#13091 = DEFINITIONAL_REPRESENTATION('',(#13092),#13096);
#13092 = LINE('',#13093,#13094);
#13093 = CARTESIAN_POINT('',(0.,0.));
#13094 = VECTOR('',#13095,1.);
#13095 = DIRECTION('',(0.,-1.));
#13096 = ( GEOMETRIC_REPRESENTATION_CONTEXT(2) 
PARAMETRIC_REPRESENTATION_CONTEXT() REPRESENTATION_CONTEXT('2D SPACE',''
  ) );
#13097 = PCURVE('',#4249,#13098);
#13098 = DEFINITIONAL_REPRESENTATION('',(#13099),#13103);
#13099 = LINE('',#13100,#13101);
#13100 = CARTESIAN_POINT('',(3.,0.));
#13101 = VECTOR('',#13102,1.);
#13102 = DIRECTION('',(0.,1.));
#13103 = ( GEOMETRIC_REPRESENTATION_CONTEXT(2) 
PARAMETRIC_REPRESENTATION_CONTEXT() REPRESENTATION_CONTEXT('2D SPACE',''
  ) );
#13104 = ORIENTED_EDGE('',*,*,#8300,.F.);
#13105 = ADVANCED_FACE('',(#13106),#4249,.T.);
#13106 = FACE_BOUND('',#13107,.T.);
#13107 = EDGE_LOOP('',(#13108,#13129,#13130,#13131));
#13108 = ORIENTED_EDGE('',*,*,#13109,.F.);
#13109 = EDGE_CURVE('',#4209,#8259,#13110,.T.);
#13110 = SURFACE_CURVE('',#13111,(#13115,#13122),.PCURVE_S1.);
#13111 = LINE('',#13112,#13113);
#13112 = CARTESIAN_POINT('',(-141.35,89.99,78.5));
#13113 = VECTOR('',#13114,1.);
#13114 = DIRECTION('',(-0.,1.,0.));
#13115 = PCURVE('',#4249,#13116);
#13116 = DEFINITIONAL_REPRESENTATION('',(#13117),#13121);
#13117 = LINE('',#13118,#13119);
#13118 = CARTESIAN_POINT('',(0.,0.));
#13119 = VECTOR('',#13120,1.);
#13120 = DIRECTION('',(0.,1.));
#13121 = ( GEOMETRIC_REPRESENTATION_CONTEXT(2) 
PARAMETRIC_REPRESENTATION_CONTEXT() REPRESENTATION_CONTEXT('2D SPACE',''
  ) );
#13122 = PCURVE('',#4223,#13123);
#13123 = DEFINITIONAL_REPRESENTATION('',(#13124),#13128);
#13124 = LINE('',#13125,#13126);
#13125 = CARTESIAN_POINT('',(0.,0.));
#13126 = VECTOR('',#13127,1.);
#13127 = DIRECTION('',(0.,-1.));
#13128 = ( GEOMETRIC_REPRESENTATION_CONTEXT(2) 
PARAMETRIC_REPRESENTATION_CONTEXT() REPRESENTATION_CONTEXT('2D SPACE',''
  ) );
#13129 = ORIENTED_EDGE('',*,*,#4234,.T.);
#13130 = ORIENTED_EDGE('',*,*,#13084,.T.);
#13131 = ORIENTED_EDGE('',*,*,#8279,.F.);
#13132 = ADVANCED_FACE('',(#13133),#4223,.T.);
#13133 = FACE_BOUND('',#13134,.T.);
#13134 = EDGE_LOOP('',(#13135,#13136,#13137,#13138));
#13135 = ORIENTED_EDGE('',*,*,#13035,.F.);
#13136 = ORIENTED_EDGE('',*,*,#4208,.T.);
#13137 = ORIENTED_EDGE('',*,*,#13109,.T.);
#13138 = ORIENTED_EDGE('',*,*,#8258,.F.);
#13139 = ADVANCED_FACE('',(#13140),#4303,.F.);
#13140 = FACE_BOUND('',#13141,.F.);
#13141 = EDGE_LOOP('',(#13142,#13163,#13164,#13185));
#13142 = ORIENTED_EDGE('',*,*,#13143,.F.);
#13143 = EDGE_CURVE('',#4287,#8322,#13144,.T.);
#13144 = SURFACE_CURVE('',#13145,(#13149,#13156),.PCURVE_S1.);
#13145 = LINE('',#13146,#13147);
#13146 = CARTESIAN_POINT('',(-135.35,89.99,92.5));
#13147 = VECTOR('',#13148,1.);
#13148 = DIRECTION('',(-0.,1.,0.));
#13149 = PCURVE('',#4303,#13150);
#13150 = DEFINITIONAL_REPRESENTATION('',(#13151),#13155);
#13151 = LINE('',#13152,#13153);
#13152 = CARTESIAN_POINT('',(0.,0.));
#13153 = VECTOR('',#13154,1.);
#13154 = DIRECTION('',(0.,1.));
#13155 = ( GEOMETRIC_REPRESENTATION_CONTEXT(2) 
PARAMETRIC_REPRESENTATION_CONTEXT() REPRESENTATION_CONTEXT('2D SPACE',''
  ) );
#13156 = PCURVE('',#4329,#13157);
#13157 = DEFINITIONAL_REPRESENTATION('',(#13158),#13162);
#13158 = LINE('',#13159,#13160);
#13159 = CARTESIAN_POINT('',(14.,0.));
#13160 = VECTOR('',#13161,1.);
#13161 = DIRECTION('',(0.,-1.));
#13162 = ( GEOMETRIC_REPRESENTATION_CONTEXT(2) 
PARAMETRIC_REPRESENTATION_CONTEXT() REPRESENTATION_CONTEXT('2D SPACE',''
  ) );
#13163 = ORIENTED_EDGE('',*,*,#4286,.T.);
#13164 = ORIENTED_EDGE('',*,*,#13165,.T.);
#13165 = EDGE_CURVE('',#4289,#8324,#13166,.T.);
#13166 = SURFACE_CURVE('',#13167,(#13171,#13178),.PCURVE_S1.);
#13167 = LINE('',#13168,#13169);
#13168 = CARTESIAN_POINT('',(-132.35,89.99,92.5));
#13169 = VECTOR('',#13170,1.);
#13170 = DIRECTION('',(-0.,1.,0.));
#13171 = PCURVE('',#4303,#13172);
#13172 = DEFINITIONAL_REPRESENTATION('',(#13173),#13177);
#13173 = LINE('',#13174,#13175);
#13174 = CARTESIAN_POINT('',(3.,0.));
#13175 = VECTOR('',#13176,1.);
#13176 = DIRECTION('',(0.,1.));
#13177 = ( GEOMETRIC_REPRESENTATION_CONTEXT(2) 
PARAMETRIC_REPRESENTATION_CONTEXT() REPRESENTATION_CONTEXT('2D SPACE',''
  ) );
#13178 = PCURVE('',#4379,#13179);
#13179 = DEFINITIONAL_REPRESENTATION('',(#13180),#13184);
#13180 = LINE('',#13181,#13182);
#13181 = CARTESIAN_POINT('',(14.,0.));
#13182 = VECTOR('',#13183,1.);
#13183 = DIRECTION('',(0.,-1.));
#13184 = ( GEOMETRIC_REPRESENTATION_CONTEXT(2) 
PARAMETRIC_REPRESENTATION_CONTEXT() REPRESENTATION_CONTEXT('2D SPACE',''
  ) );
#13185 = ORIENTED_EDGE('',*,*,#8321,.F.);
#13186 = ADVANCED_FACE('',(#13187),#4379,.F.);
#13187 = FACE_BOUND('',#13188,.F.);
#13188 = EDGE_LOOP('',(#13189,#13190,#13191,#13212));
#13189 = ORIENTED_EDGE('',*,*,#13165,.F.);
#13190 = ORIENTED_EDGE('',*,*,#4366,.T.);
#13191 = ORIENTED_EDGE('',*,*,#13192,.T.);
#13192 = EDGE_CURVE('',#4341,#8366,#13193,.T.);
#13193 = SURFACE_CURVE('',#13194,(#13198,#13205),.PCURVE_S1.);
#13194 = LINE('',#13195,#13196);
#13195 = CARTESIAN_POINT('',(-132.35,89.99,78.5));
#13196 = VECTOR('',#13197,1.);
#13197 = DIRECTION('',(-0.,1.,0.));
#13198 = PCURVE('',#4379,#13199);
#13199 = DEFINITIONAL_REPRESENTATION('',(#13200),#13204);
#13200 = LINE('',#13201,#13202);
#13201 = CARTESIAN_POINT('',(0.,0.));
#13202 = VECTOR('',#13203,1.);
#13203 = DIRECTION('',(0.,-1.));
#13204 = ( GEOMETRIC_REPRESENTATION_CONTEXT(2) 
PARAMETRIC_REPRESENTATION_CONTEXT() REPRESENTATION_CONTEXT('2D SPACE',''
  ) );
#13205 = PCURVE('',#4355,#13206);
#13206 = DEFINITIONAL_REPRESENTATION('',(#13207),#13211);
#13207 = LINE('',#13208,#13209);
#13208 = CARTESIAN_POINT('',(3.,0.));
#13209 = VECTOR('',#13210,1.);
#13210 = DIRECTION('',(0.,1.));
#13211 = ( GEOMETRIC_REPRESENTATION_CONTEXT(2) 
PARAMETRIC_REPRESENTATION_CONTEXT() REPRESENTATION_CONTEXT('2D SPACE',''
  ) );
#13212 = ORIENTED_EDGE('',*,*,#8386,.F.);
#13213 = ADVANCED_FACE('',(#13214),#4355,.T.);
#13214 = FACE_BOUND('',#13215,.T.);
#13215 = EDGE_LOOP('',(#13216,#13237,#13238,#13239));
#13216 = ORIENTED_EDGE('',*,*,#13217,.F.);
#13217 = EDGE_CURVE('',#4315,#8345,#13218,.T.);
#13218 = SURFACE_CURVE('',#13219,(#13223,#13230),.PCURVE_S1.);
#13219 = LINE('',#13220,#13221);
#13220 = CARTESIAN_POINT('',(-135.35,89.99,78.5));
#13221 = VECTOR('',#13222,1.);
#13222 = DIRECTION('',(-0.,1.,0.));
#13223 = PCURVE('',#4355,#13224);
#13224 = DEFINITIONAL_REPRESENTATION('',(#13225),#13229);
#13225 = LINE('',#13226,#13227);
#13226 = CARTESIAN_POINT('',(0.,0.));
#13227 = VECTOR('',#13228,1.);
#13228 = DIRECTION('',(0.,1.));
#13229 = ( GEOMETRIC_REPRESENTATION_CONTEXT(2) 
PARAMETRIC_REPRESENTATION_CONTEXT() REPRESENTATION_CONTEXT('2D SPACE',''
  ) );
#13230 = PCURVE('',#4329,#13231);
#13231 = DEFINITIONAL_REPRESENTATION('',(#13232),#13236);
#13232 = LINE('',#13233,#13234);
#13233 = CARTESIAN_POINT('',(0.,0.));
#13234 = VECTOR('',#13235,1.);
#13235 = DIRECTION('',(0.,-1.));
#13236 = ( GEOMETRIC_REPRESENTATION_CONTEXT(2) 
PARAMETRIC_REPRESENTATION_CONTEXT() REPRESENTATION_CONTEXT('2D SPACE',''
  ) );
#13237 = ORIENTED_EDGE('',*,*,#4340,.T.);
#13238 = ORIENTED_EDGE('',*,*,#13192,.T.);
#13239 = ORIENTED_EDGE('',*,*,#8365,.F.);
#13240 = ADVANCED_FACE('',(#13241),#4329,.T.);
#13241 = FACE_BOUND('',#13242,.T.);
#13242 = EDGE_LOOP('',(#13243,#13244,#13245,#13246));
#13243 = ORIENTED_EDGE('',*,*,#13143,.F.);
#13244 = ORIENTED_EDGE('',*,*,#4314,.T.);
#13245 = ORIENTED_EDGE('',*,*,#13217,.T.);
#13246 = ORIENTED_EDGE('',*,*,#8344,.F.);
#13247 = ADVANCED_FACE('',(#13248),#4409,.F.);
#13248 = FACE_BOUND('',#13249,.F.);
#13249 = EDGE_LOOP('',(#13250,#13273,#13300,#13301));
#13250 = ORIENTED_EDGE('',*,*,#13251,.T.);
#13251 = EDGE_CURVE('',#4393,#13252,#13254,.T.);
#13252 = VERTEX_POINT('',#13253);
#13253 = CARTESIAN_POINT('',(-92.575,91.4,71.05));
#13254 = SEAM_CURVE('',#13255,(#13259,#13266),.PCURVE_S1.);
#13255 = LINE('',#13256,#13257);
#13256 = CARTESIAN_POINT('',(-92.575,89.99,71.05));
#13257 = VECTOR('',#13258,1.);
#13258 = DIRECTION('',(0.,1.,2.22044604925E-16));
#13259 = PCURVE('',#4409,#13260);
#13260 = DEFINITIONAL_REPRESENTATION('',(#13261),#13265);
#13261 = LINE('',#13262,#13263);
#13262 = CARTESIAN_POINT('',(6.28318530718,-0.));
#13263 = VECTOR('',#13264,1.);
#13264 = DIRECTION('',(0.,1.));
#13265 = ( GEOMETRIC_REPRESENTATION_CONTEXT(2) 
PARAMETRIC_REPRESENTATION_CONTEXT() REPRESENTATION_CONTEXT('2D SPACE',''
  ) );
#13266 = PCURVE('',#4409,#13267);
#13267 = DEFINITIONAL_REPRESENTATION('',(#13268),#13272);
#13268 = LINE('',#13269,#13270);
#13269 = CARTESIAN_POINT('',(0.,-0.));
#13270 = VECTOR('',#13271,1.);
#13271 = DIRECTION('',(0.,1.));
#13272 = ( GEOMETRIC_REPRESENTATION_CONTEXT(2) 
PARAMETRIC_REPRESENTATION_CONTEXT() REPRESENTATION_CONTEXT('2D SPACE',''
  ) );
#13273 = ORIENTED_EDGE('',*,*,#13274,.F.);
#13274 = EDGE_CURVE('',#13252,#13252,#13275,.T.);
#13275 = SURFACE_CURVE('',#13276,(#13281,#13288),.PCURVE_S1.);
#13276 = CIRCLE('',#13277,1.775);
#13277 = AXIS2_PLACEMENT_3D('',#13278,#13279,#13280);
#13278 = CARTESIAN_POINT('',(-94.35,91.4,71.05));
#13279 = DIRECTION('',(0.,1.,2.22044604925E-16));
#13280 = DIRECTION('',(1.,0.,-0.));
#13281 = PCURVE('',#4409,#13282);
#13282 = DEFINITIONAL_REPRESENTATION('',(#13283),#13287);
#13283 = LINE('',#13284,#13285);
#13284 = CARTESIAN_POINT('',(0.,1.41));
#13285 = VECTOR('',#13286,1.);
#13286 = DIRECTION('',(1.,0.));
#13287 = ( GEOMETRIC_REPRESENTATION_CONTEXT(2) 
PARAMETRIC_REPRESENTATION_CONTEXT() REPRESENTATION_CONTEXT('2D SPACE',''
  ) );
#13288 = PCURVE('',#13289,#13294);
#13289 = PLANE('',#13290);
#13290 = AXIS2_PLACEMENT_3D('',#13291,#13292,#13293);
#13291 = CARTESIAN_POINT('',(-94.35,91.4,71.05));
#13292 = DIRECTION('',(0.,1.,2.22044604925E-16));
#13293 = DIRECTION('',(1.,0.,-0.));
#13294 = DEFINITIONAL_REPRESENTATION('',(#13295),#13299);
#13295 = CIRCLE('',#13296,1.775);
#13296 = AXIS2_PLACEMENT_2D('',#13297,#13298);
#13297 = CARTESIAN_POINT('',(0.,0.));
#13298 = DIRECTION('',(1.,0.));
#13299 = ( GEOMETRIC_REPRESENTATION_CONTEXT(2) 
PARAMETRIC_REPRESENTATION_CONTEXT() REPRESENTATION_CONTEXT('2D SPACE',''
  ) );
#13300 = ORIENTED_EDGE('',*,*,#13251,.F.);
#13301 = ORIENTED_EDGE('',*,*,#4392,.T.);
#13302 = ADVANCED_FACE('',(#13303),#4440,.F.);
#13303 = FACE_BOUND('',#13304,.F.);
#13304 = EDGE_LOOP('',(#13305,#13326,#13327,#13348));
#13305 = ORIENTED_EDGE('',*,*,#13306,.F.);
#13306 = EDGE_CURVE('',#4424,#8408,#13307,.T.);
#13307 = SURFACE_CURVE('',#13308,(#13312,#13319),.PCURVE_S1.);
#13308 = LINE('',#13309,#13310);
#13309 = CARTESIAN_POINT('',(-129.35,89.99,92.5));
#13310 = VECTOR('',#13311,1.);
#13311 = DIRECTION('',(-0.,1.,0.));
#13312 = PCURVE('',#4440,#13313);
#13313 = DEFINITIONAL_REPRESENTATION('',(#13314),#13318);
#13314 = LINE('',#13315,#13316);
#13315 = CARTESIAN_POINT('',(0.,0.));
#13316 = VECTOR('',#13317,1.);
#13317 = DIRECTION('',(0.,1.));
#13318 = ( GEOMETRIC_REPRESENTATION_CONTEXT(2) 
PARAMETRIC_REPRESENTATION_CONTEXT() REPRESENTATION_CONTEXT('2D SPACE',''
  ) );
#13319 = PCURVE('',#4466,#13320);
#13320 = DEFINITIONAL_REPRESENTATION('',(#13321),#13325);
#13321 = LINE('',#13322,#13323);
#13322 = CARTESIAN_POINT('',(14.,0.));
#13323 = VECTOR('',#13324,1.);
#13324 = DIRECTION('',(0.,-1.));
#13325 = ( GEOMETRIC_REPRESENTATION_CONTEXT(2) 
PARAMETRIC_REPRESENTATION_CONTEXT() REPRESENTATION_CONTEXT('2D SPACE',''
  ) );
#13326 = ORIENTED_EDGE('',*,*,#4423,.T.);
#13327 = ORIENTED_EDGE('',*,*,#13328,.T.);
#13328 = EDGE_CURVE('',#4426,#8410,#13329,.T.);
#13329 = SURFACE_CURVE('',#13330,(#13334,#13341),.PCURVE_S1.);
#13330 = LINE('',#13331,#13332);
#13331 = CARTESIAN_POINT('',(-126.35,89.99,92.5));
#13332 = VECTOR('',#13333,1.);
#13333 = DIRECTION('',(-0.,1.,0.));
#13334 = PCURVE('',#4440,#13335);
#13335 = DEFINITIONAL_REPRESENTATION('',(#13336),#13340);
#13336 = LINE('',#13337,#13338);
#13337 = CARTESIAN_POINT('',(3.,0.));
#13338 = VECTOR('',#13339,1.);
#13339 = DIRECTION('',(0.,1.));
#13340 = ( GEOMETRIC_REPRESENTATION_CONTEXT(2) 
PARAMETRIC_REPRESENTATION_CONTEXT() REPRESENTATION_CONTEXT('2D SPACE',''
  ) );
#13341 = PCURVE('',#4516,#13342);
#13342 = DEFINITIONAL_REPRESENTATION('',(#13343),#13347);
#13343 = LINE('',#13344,#13345);
#13344 = CARTESIAN_POINT('',(14.,0.));
#13345 = VECTOR('',#13346,1.);
#13346 = DIRECTION('',(0.,-1.));
#13347 = ( GEOMETRIC_REPRESENTATION_CONTEXT(2) 
PARAMETRIC_REPRESENTATION_CONTEXT() REPRESENTATION_CONTEXT('2D SPACE',''
  ) );
#13348 = ORIENTED_EDGE('',*,*,#8407,.F.);
#13349 = ADVANCED_FACE('',(#13350),#4516,.F.);
#13350 = FACE_BOUND('',#13351,.F.);
#13351 = EDGE_LOOP('',(#13352,#13353,#13354,#13375));
#13352 = ORIENTED_EDGE('',*,*,#13328,.F.);
#13353 = ORIENTED_EDGE('',*,*,#4503,.T.);
#13354 = ORIENTED_EDGE('',*,*,#13355,.T.);
#13355 = EDGE_CURVE('',#4478,#8452,#13356,.T.);
#13356 = SURFACE_CURVE('',#13357,(#13361,#13368),.PCURVE_S1.);
#13357 = LINE('',#13358,#13359);
#13358 = CARTESIAN_POINT('',(-126.35,89.99,78.5));
#13359 = VECTOR('',#13360,1.);
#13360 = DIRECTION('',(-0.,1.,0.));
#13361 = PCURVE('',#4516,#13362);
#13362 = DEFINITIONAL_REPRESENTATION('',(#13363),#13367);
#13363 = LINE('',#13364,#13365);
#13364 = CARTESIAN_POINT('',(0.,0.));
#13365 = VECTOR('',#13366,1.);
#13366 = DIRECTION('',(0.,-1.));
#13367 = ( GEOMETRIC_REPRESENTATION_CONTEXT(2) 
PARAMETRIC_REPRESENTATION_CONTEXT() REPRESENTATION_CONTEXT('2D SPACE',''
  ) );
#13368 = PCURVE('',#4492,#13369);
#13369 = DEFINITIONAL_REPRESENTATION('',(#13370),#13374);
#13370 = LINE('',#13371,#13372);
#13371 = CARTESIAN_POINT('',(3.,0.));
#13372 = VECTOR('',#13373,1.);
#13373 = DIRECTION('',(0.,1.));
#13374 = ( GEOMETRIC_REPRESENTATION_CONTEXT(2) 
PARAMETRIC_REPRESENTATION_CONTEXT() REPRESENTATION_CONTEXT('2D SPACE',''
  ) );
#13375 = ORIENTED_EDGE('',*,*,#8472,.F.);
#13376 = ADVANCED_FACE('',(#13377),#4492,.T.);
#13377 = FACE_BOUND('',#13378,.T.);
#13378 = EDGE_LOOP('',(#13379,#13400,#13401,#13402));
#13379 = ORIENTED_EDGE('',*,*,#13380,.F.);
#13380 = EDGE_CURVE('',#4452,#8431,#13381,.T.);
#13381 = SURFACE_CURVE('',#13382,(#13386,#13393),.PCURVE_S1.);
#13382 = LINE('',#13383,#13384);
#13383 = CARTESIAN_POINT('',(-129.35,89.99,78.5));
#13384 = VECTOR('',#13385,1.);
#13385 = DIRECTION('',(-0.,1.,0.));
#13386 = PCURVE('',#4492,#13387);
#13387 = DEFINITIONAL_REPRESENTATION('',(#13388),#13392);
#13388 = LINE('',#13389,#13390);
#13389 = CARTESIAN_POINT('',(0.,0.));
#13390 = VECTOR('',#13391,1.);
#13391 = DIRECTION('',(0.,1.));
#13392 = ( GEOMETRIC_REPRESENTATION_CONTEXT(2) 
PARAMETRIC_REPRESENTATION_CONTEXT() REPRESENTATION_CONTEXT('2D SPACE',''
  ) );
#13393 = PCURVE('',#4466,#13394);
#13394 = DEFINITIONAL_REPRESENTATION('',(#13395),#13399);
#13395 = LINE('',#13396,#13397);
#13396 = CARTESIAN_POINT('',(0.,0.));
#13397 = VECTOR('',#13398,1.);
#13398 = DIRECTION('',(0.,-1.));
#13399 = ( GEOMETRIC_REPRESENTATION_CONTEXT(2) 
PARAMETRIC_REPRESENTATION_CONTEXT() REPRESENTATION_CONTEXT('2D SPACE',''
  ) );
#13400 = ORIENTED_EDGE('',*,*,#4477,.T.);
#13401 = ORIENTED_EDGE('',*,*,#13355,.T.);
#13402 = ORIENTED_EDGE('',*,*,#8451,.F.);
#13403 = ADVANCED_FACE('',(#13404),#4466,.T.);
#13404 = FACE_BOUND('',#13405,.T.);
#13405 = EDGE_LOOP('',(#13406,#13407,#13408,#13409));
#13406 = ORIENTED_EDGE('',*,*,#13306,.F.);
#13407 = ORIENTED_EDGE('',*,*,#4451,.T.);
#13408 = ORIENTED_EDGE('',*,*,#13380,.T.);
#13409 = ORIENTED_EDGE('',*,*,#8430,.F.);
#13410 = ADVANCED_FACE('',(#13411),#4546,.F.);
#13411 = FACE_BOUND('',#13412,.F.);
#13412 = EDGE_LOOP('',(#13413,#13434,#13435,#13456));
#13413 = ORIENTED_EDGE('',*,*,#13414,.F.);
#13414 = EDGE_CURVE('',#4530,#8525,#13415,.T.);
#13415 = SURFACE_CURVE('',#13416,(#13420,#13427),.PCURVE_S1.);
#13416 = LINE('',#13417,#13418);
#13417 = CARTESIAN_POINT('',(-123.35,89.99,92.5));
#13418 = VECTOR('',#13419,1.);
#13419 = DIRECTION('',(-0.,1.,0.));
#13420 = PCURVE('',#4546,#13421);
#13421 = DEFINITIONAL_REPRESENTATION('',(#13422),#13426);
#13422 = LINE('',#13423,#13424);
#13423 = CARTESIAN_POINT('',(0.,0.));
#13424 = VECTOR('',#13425,1.);
#13425 = DIRECTION('',(0.,1.));
#13426 = ( GEOMETRIC_REPRESENTATION_CONTEXT(2) 
PARAMETRIC_REPRESENTATION_CONTEXT() REPRESENTATION_CONTEXT('2D SPACE',''
  ) );
#13427 = PCURVE('',#4572,#13428);
#13428 = DEFINITIONAL_REPRESENTATION('',(#13429),#13433);
#13429 = LINE('',#13430,#13431);
#13430 = CARTESIAN_POINT('',(14.,0.));
#13431 = VECTOR('',#13432,1.);
#13432 = DIRECTION('',(0.,-1.));
#13433 = ( GEOMETRIC_REPRESENTATION_CONTEXT(2) 
PARAMETRIC_REPRESENTATION_CONTEXT() REPRESENTATION_CONTEXT('2D SPACE',''
  ) );
#13434 = ORIENTED_EDGE('',*,*,#4529,.T.);
#13435 = ORIENTED_EDGE('',*,*,#13436,.T.);
#13436 = EDGE_CURVE('',#4532,#8527,#13437,.T.);
#13437 = SURFACE_CURVE('',#13438,(#13442,#13449),.PCURVE_S1.);
#13438 = LINE('',#13439,#13440);
#13439 = CARTESIAN_POINT('',(-120.35,89.99,92.5));
#13440 = VECTOR('',#13441,1.);
#13441 = DIRECTION('',(-0.,1.,0.));
#13442 = PCURVE('',#4546,#13443);
#13443 = DEFINITIONAL_REPRESENTATION('',(#13444),#13448);
#13444 = LINE('',#13445,#13446);
#13445 = CARTESIAN_POINT('',(3.,0.));
#13446 = VECTOR('',#13447,1.);
#13447 = DIRECTION('',(0.,1.));
#13448 = ( GEOMETRIC_REPRESENTATION_CONTEXT(2) 
PARAMETRIC_REPRESENTATION_CONTEXT() REPRESENTATION_CONTEXT('2D SPACE',''
  ) );
#13449 = PCURVE('',#4622,#13450);
#13450 = DEFINITIONAL_REPRESENTATION('',(#13451),#13455);
#13451 = LINE('',#13452,#13453);
#13452 = CARTESIAN_POINT('',(14.,0.));
#13453 = VECTOR('',#13454,1.);
#13454 = DIRECTION('',(0.,-1.));
#13455 = ( GEOMETRIC_REPRESENTATION_CONTEXT(2) 
PARAMETRIC_REPRESENTATION_CONTEXT() REPRESENTATION_CONTEXT('2D SPACE',''
  ) );
#13456 = ORIENTED_EDGE('',*,*,#8524,.F.);
#13457 = ADVANCED_FACE('',(#13458),#4622,.F.);
#13458 = FACE_BOUND('',#13459,.F.);
#13459 = EDGE_LOOP('',(#13460,#13461,#13462,#13483));
#13460 = ORIENTED_EDGE('',*,*,#13436,.F.);
#13461 = ORIENTED_EDGE('',*,*,#4609,.T.);
#13462 = ORIENTED_EDGE('',*,*,#13463,.T.);
#13463 = EDGE_CURVE('',#4584,#8569,#13464,.T.);
#13464 = SURFACE_CURVE('',#13465,(#13469,#13476),.PCURVE_S1.);
#13465 = LINE('',#13466,#13467);
#13466 = CARTESIAN_POINT('',(-120.35,89.99,78.5));
#13467 = VECTOR('',#13468,1.);
#13468 = DIRECTION('',(-0.,1.,0.));
#13469 = PCURVE('',#4622,#13470);
#13470 = DEFINITIONAL_REPRESENTATION('',(#13471),#13475);
#13471 = LINE('',#13472,#13473);
#13472 = CARTESIAN_POINT('',(0.,0.));
#13473 = VECTOR('',#13474,1.);
#13474 = DIRECTION('',(0.,-1.));
#13475 = ( GEOMETRIC_REPRESENTATION_CONTEXT(2) 
PARAMETRIC_REPRESENTATION_CONTEXT() REPRESENTATION_CONTEXT('2D SPACE',''
  ) );
#13476 = PCURVE('',#4598,#13477);
#13477 = DEFINITIONAL_REPRESENTATION('',(#13478),#13482);
#13478 = LINE('',#13479,#13480);
#13479 = CARTESIAN_POINT('',(3.,0.));
#13480 = VECTOR('',#13481,1.);
#13481 = DIRECTION('',(0.,1.));
#13482 = ( GEOMETRIC_REPRESENTATION_CONTEXT(2) 
PARAMETRIC_REPRESENTATION_CONTEXT() REPRESENTATION_CONTEXT('2D SPACE',''
  ) );
#13483 = ORIENTED_EDGE('',*,*,#8589,.F.);
#13484 = ADVANCED_FACE('',(#13485),#4598,.T.);
#13485 = FACE_BOUND('',#13486,.T.);
#13486 = EDGE_LOOP('',(#13487,#13508,#13509,#13510));
#13487 = ORIENTED_EDGE('',*,*,#13488,.F.);
#13488 = EDGE_CURVE('',#4558,#8548,#13489,.T.);
#13489 = SURFACE_CURVE('',#13490,(#13494,#13501),.PCURVE_S1.);
#13490 = LINE('',#13491,#13492);
#13491 = CARTESIAN_POINT('',(-123.35,89.99,78.5));
#13492 = VECTOR('',#13493,1.);
#13493 = DIRECTION('',(-0.,1.,0.));
#13494 = PCURVE('',#4598,#13495);
#13495 = DEFINITIONAL_REPRESENTATION('',(#13496),#13500);
#13496 = LINE('',#13497,#13498);
#13497 = CARTESIAN_POINT('',(0.,0.));
#13498 = VECTOR('',#13499,1.);
#13499 = DIRECTION('',(0.,1.));
#13500 = ( GEOMETRIC_REPRESENTATION_CONTEXT(2) 
PARAMETRIC_REPRESENTATION_CONTEXT() REPRESENTATION_CONTEXT('2D SPACE',''
  ) );
#13501 = PCURVE('',#4572,#13502);
#13502 = DEFINITIONAL_REPRESENTATION('',(#13503),#13507);
#13503 = LINE('',#13504,#13505);
#13504 = CARTESIAN_POINT('',(0.,0.));
#13505 = VECTOR('',#13506,1.);
#13506 = DIRECTION('',(0.,-1.));
#13507 = ( GEOMETRIC_REPRESENTATION_CONTEXT(2) 
PARAMETRIC_REPRESENTATION_CONTEXT() REPRESENTATION_CONTEXT('2D SPACE',''
  ) );
#13508 = ORIENTED_EDGE('',*,*,#4583,.T.);
#13509 = ORIENTED_EDGE('',*,*,#13463,.T.);
#13510 = ORIENTED_EDGE('',*,*,#8568,.F.);
#13511 = ADVANCED_FACE('',(#13512),#4572,.T.);
#13512 = FACE_BOUND('',#13513,.T.);
#13513 = EDGE_LOOP('',(#13514,#13515,#13516,#13517));
#13514 = ORIENTED_EDGE('',*,*,#13414,.F.);
#13515 = ORIENTED_EDGE('',*,*,#4557,.T.);
#13516 = ORIENTED_EDGE('',*,*,#13488,.T.);
#13517 = ORIENTED_EDGE('',*,*,#8547,.F.);
#13518 = ADVANCED_FACE('',(#13519),#4652,.F.);
#13519 = FACE_BOUND('',#13520,.F.);
#13520 = EDGE_LOOP('',(#13521,#13542,#13543,#13564));
#13521 = ORIENTED_EDGE('',*,*,#13522,.F.);
#13522 = EDGE_CURVE('',#4636,#8611,#13523,.T.);
#13523 = SURFACE_CURVE('',#13524,(#13528,#13535),.PCURVE_S1.);
#13524 = LINE('',#13525,#13526);
#13525 = CARTESIAN_POINT('',(-117.35,89.99,92.5));
#13526 = VECTOR('',#13527,1.);
#13527 = DIRECTION('',(-0.,1.,0.));
#13528 = PCURVE('',#4652,#13529);
#13529 = DEFINITIONAL_REPRESENTATION('',(#13530),#13534);
#13530 = LINE('',#13531,#13532);
#13531 = CARTESIAN_POINT('',(0.,0.));
#13532 = VECTOR('',#13533,1.);
#13533 = DIRECTION('',(0.,1.));
#13534 = ( GEOMETRIC_REPRESENTATION_CONTEXT(2) 
PARAMETRIC_REPRESENTATION_CONTEXT() REPRESENTATION_CONTEXT('2D SPACE',''
  ) );
#13535 = PCURVE('',#4678,#13536);
#13536 = DEFINITIONAL_REPRESENTATION('',(#13537),#13541);
#13537 = LINE('',#13538,#13539);
#13538 = CARTESIAN_POINT('',(14.,0.));
#13539 = VECTOR('',#13540,1.);
#13540 = DIRECTION('',(0.,-1.));
#13541 = ( GEOMETRIC_REPRESENTATION_CONTEXT(2) 
PARAMETRIC_REPRESENTATION_CONTEXT() REPRESENTATION_CONTEXT('2D SPACE',''
  ) );
#13542 = ORIENTED_EDGE('',*,*,#4635,.T.);
#13543 = ORIENTED_EDGE('',*,*,#13544,.T.);
#13544 = EDGE_CURVE('',#4638,#8613,#13545,.T.);
#13545 = SURFACE_CURVE('',#13546,(#13550,#13557),.PCURVE_S1.);
#13546 = LINE('',#13547,#13548);
#13547 = CARTESIAN_POINT('',(-114.35,89.99,92.5));
#13548 = VECTOR('',#13549,1.);
#13549 = DIRECTION('',(-0.,1.,0.));
#13550 = PCURVE('',#4652,#13551);
#13551 = DEFINITIONAL_REPRESENTATION('',(#13552),#13556);
#13552 = LINE('',#13553,#13554);
#13553 = CARTESIAN_POINT('',(3.,0.));
#13554 = VECTOR('',#13555,1.);
#13555 = DIRECTION('',(0.,1.));
#13556 = ( GEOMETRIC_REPRESENTATION_CONTEXT(2) 
PARAMETRIC_REPRESENTATION_CONTEXT() REPRESENTATION_CONTEXT('2D SPACE',''
  ) );
#13557 = PCURVE('',#4728,#13558);
#13558 = DEFINITIONAL_REPRESENTATION('',(#13559),#13563);
#13559 = LINE('',#13560,#13561);
#13560 = CARTESIAN_POINT('',(14.,0.));
#13561 = VECTOR('',#13562,1.);
#13562 = DIRECTION('',(0.,-1.));
#13563 = ( GEOMETRIC_REPRESENTATION_CONTEXT(2) 
PARAMETRIC_REPRESENTATION_CONTEXT() REPRESENTATION_CONTEXT('2D SPACE',''
  ) );
#13564 = ORIENTED_EDGE('',*,*,#8610,.F.);
#13565 = ADVANCED_FACE('',(#13566),#4728,.F.);
#13566 = FACE_BOUND('',#13567,.F.);
#13567 = EDGE_LOOP('',(#13568,#13569,#13570,#13591));
#13568 = ORIENTED_EDGE('',*,*,#13544,.F.);
#13569 = ORIENTED_EDGE('',*,*,#4715,.T.);
#13570 = ORIENTED_EDGE('',*,*,#13571,.T.);
#13571 = EDGE_CURVE('',#4690,#8655,#13572,.T.);
#13572 = SURFACE_CURVE('',#13573,(#13577,#13584),.PCURVE_S1.);
#13573 = LINE('',#13574,#13575);
#13574 = CARTESIAN_POINT('',(-114.35,89.99,78.5));
#13575 = VECTOR('',#13576,1.);
#13576 = DIRECTION('',(-0.,1.,0.));
#13577 = PCURVE('',#4728,#13578);
#13578 = DEFINITIONAL_REPRESENTATION('',(#13579),#13583);
#13579 = LINE('',#13580,#13581);
#13580 = CARTESIAN_POINT('',(0.,0.));
#13581 = VECTOR('',#13582,1.);
#13582 = DIRECTION('',(0.,-1.));
#13583 = ( GEOMETRIC_REPRESENTATION_CONTEXT(2) 
PARAMETRIC_REPRESENTATION_CONTEXT() REPRESENTATION_CONTEXT('2D SPACE',''
  ) );
#13584 = PCURVE('',#4704,#13585);
#13585 = DEFINITIONAL_REPRESENTATION('',(#13586),#13590);
#13586 = LINE('',#13587,#13588);
#13587 = CARTESIAN_POINT('',(3.,0.));
#13588 = VECTOR('',#13589,1.);
#13589 = DIRECTION('',(0.,1.));
#13590 = ( GEOMETRIC_REPRESENTATION_CONTEXT(2) 
PARAMETRIC_REPRESENTATION_CONTEXT() REPRESENTATION_CONTEXT('2D SPACE',''
  ) );
#13591 = ORIENTED_EDGE('',*,*,#8675,.F.);
#13592 = ADVANCED_FACE('',(#13593),#4704,.T.);
#13593 = FACE_BOUND('',#13594,.T.);
#13594 = EDGE_LOOP('',(#13595,#13616,#13617,#13618));
#13595 = ORIENTED_EDGE('',*,*,#13596,.F.);
#13596 = EDGE_CURVE('',#4664,#8634,#13597,.T.);
#13597 = SURFACE_CURVE('',#13598,(#13602,#13609),.PCURVE_S1.);
#13598 = LINE('',#13599,#13600);
#13599 = CARTESIAN_POINT('',(-117.35,89.99,78.5));
#13600 = VECTOR('',#13601,1.);
#13601 = DIRECTION('',(-0.,1.,0.));
#13602 = PCURVE('',#4704,#13603);
#13603 = DEFINITIONAL_REPRESENTATION('',(#13604),#13608);
#13604 = LINE('',#13605,#13606);
#13605 = CARTESIAN_POINT('',(0.,0.));
#13606 = VECTOR('',#13607,1.);
#13607 = DIRECTION('',(0.,1.));
#13608 = ( GEOMETRIC_REPRESENTATION_CONTEXT(2) 
PARAMETRIC_REPRESENTATION_CONTEXT() REPRESENTATION_CONTEXT('2D SPACE',''
  ) );
#13609 = PCURVE('',#4678,#13610);
#13610 = DEFINITIONAL_REPRESENTATION('',(#13611),#13615);
#13611 = LINE('',#13612,#13613);
#13612 = CARTESIAN_POINT('',(0.,0.));
#13613 = VECTOR('',#13614,1.);
#13614 = DIRECTION('',(0.,-1.));
#13615 = ( GEOMETRIC_REPRESENTATION_CONTEXT(2) 
PARAMETRIC_REPRESENTATION_CONTEXT() REPRESENTATION_CONTEXT('2D SPACE',''
  ) );
#13616 = ORIENTED_EDGE('',*,*,#4689,.T.);
#13617 = ORIENTED_EDGE('',*,*,#13571,.T.);
#13618 = ORIENTED_EDGE('',*,*,#8654,.F.);
#13619 = ADVANCED_FACE('',(#13620),#4678,.T.);
#13620 = FACE_BOUND('',#13621,.T.);
#13621 = EDGE_LOOP('',(#13622,#13623,#13624,#13625));
#13622 = ORIENTED_EDGE('',*,*,#13522,.F.);
#13623 = ORIENTED_EDGE('',*,*,#4663,.T.);
#13624 = ORIENTED_EDGE('',*,*,#13596,.T.);
#13625 = ORIENTED_EDGE('',*,*,#8633,.F.);
#13626 = ADVANCED_FACE('',(#13627),#4758,.F.);
#13627 = FACE_BOUND('',#13628,.F.);
#13628 = EDGE_LOOP('',(#13629,#13652,#13679,#13680));
#13629 = ORIENTED_EDGE('',*,*,#13630,.T.);
#13630 = EDGE_CURVE('',#4742,#13631,#13633,.T.);
#13631 = VERTEX_POINT('',#13632);
#13632 = CARTESIAN_POINT('',(-112.575,91.4,96.5));
#13633 = SEAM_CURVE('',#13634,(#13638,#13645),.PCURVE_S1.);
#13634 = LINE('',#13635,#13636);
#13635 = CARTESIAN_POINT('',(-112.575,89.99,96.5));
#13636 = VECTOR('',#13637,1.);
#13637 = DIRECTION('',(0.,1.,2.22044604925E-16));
#13638 = PCURVE('',#4758,#13639);
#13639 = DEFINITIONAL_REPRESENTATION('',(#13640),#13644);
#13640 = LINE('',#13641,#13642);
#13641 = CARTESIAN_POINT('',(6.28318530718,-0.));
#13642 = VECTOR('',#13643,1.);
#13643 = DIRECTION('',(0.,1.));
#13644 = ( GEOMETRIC_REPRESENTATION_CONTEXT(2) 
PARAMETRIC_REPRESENTATION_CONTEXT() REPRESENTATION_CONTEXT('2D SPACE',''
  ) );
#13645 = PCURVE('',#4758,#13646);
#13646 = DEFINITIONAL_REPRESENTATION('',(#13647),#13651);
#13647 = LINE('',#13648,#13649);
#13648 = CARTESIAN_POINT('',(0.,-0.));
#13649 = VECTOR('',#13650,1.);
#13650 = DIRECTION('',(0.,1.));
#13651 = ( GEOMETRIC_REPRESENTATION_CONTEXT(2) 
PARAMETRIC_REPRESENTATION_CONTEXT() REPRESENTATION_CONTEXT('2D SPACE',''
  ) );
#13652 = ORIENTED_EDGE('',*,*,#13653,.F.);
#13653 = EDGE_CURVE('',#13631,#13631,#13654,.T.);
#13654 = SURFACE_CURVE('',#13655,(#13660,#13667),.PCURVE_S1.);
#13655 = CIRCLE('',#13656,1.775);
#13656 = AXIS2_PLACEMENT_3D('',#13657,#13658,#13659);
#13657 = CARTESIAN_POINT('',(-114.35,91.4,96.5));
#13658 = DIRECTION('',(0.,1.,2.22044604925E-16));
#13659 = DIRECTION('',(1.,0.,-0.));
#13660 = PCURVE('',#4758,#13661);
#13661 = DEFINITIONAL_REPRESENTATION('',(#13662),#13666);
#13662 = LINE('',#13663,#13664);
#13663 = CARTESIAN_POINT('',(0.,1.41));
#13664 = VECTOR('',#13665,1.);
#13665 = DIRECTION('',(1.,0.));
#13666 = ( GEOMETRIC_REPRESENTATION_CONTEXT(2) 
PARAMETRIC_REPRESENTATION_CONTEXT() REPRESENTATION_CONTEXT('2D SPACE',''
  ) );
#13667 = PCURVE('',#13668,#13673);
#13668 = PLANE('',#13669);
#13669 = AXIS2_PLACEMENT_3D('',#13670,#13671,#13672);
#13670 = CARTESIAN_POINT('',(-114.35,91.4,96.5));
#13671 = DIRECTION('',(0.,1.,2.22044604925E-16));
#13672 = DIRECTION('',(1.,0.,-0.));
#13673 = DEFINITIONAL_REPRESENTATION('',(#13674),#13678);
#13674 = CIRCLE('',#13675,1.775);
#13675 = AXIS2_PLACEMENT_2D('',#13676,#13677);
#13676 = CARTESIAN_POINT('',(0.,0.));
#13677 = DIRECTION('',(1.,0.));
#13678 = ( GEOMETRIC_REPRESENTATION_CONTEXT(2) 
PARAMETRIC_REPRESENTATION_CONTEXT() REPRESENTATION_CONTEXT('2D SPACE',''
  ) );
#13679 = ORIENTED_EDGE('',*,*,#13630,.F.);
#13680 = ORIENTED_EDGE('',*,*,#4741,.T.);
#13681 = ADVANCED_FACE('',(#13682),#4789,.F.);
#13682 = FACE_BOUND('',#13683,.F.);
#13683 = EDGE_LOOP('',(#13684,#13705,#13706,#13727));
#13684 = ORIENTED_EDGE('',*,*,#13685,.F.);
#13685 = EDGE_CURVE('',#4773,#8697,#13686,.T.);
#13686 = SURFACE_CURVE('',#13687,(#13691,#13698),.PCURVE_S1.);
#13687 = LINE('',#13688,#13689);
#13688 = CARTESIAN_POINT('',(-111.35,89.99,92.5));
#13689 = VECTOR('',#13690,1.);
#13690 = DIRECTION('',(-0.,1.,0.));
#13691 = PCURVE('',#4789,#13692);
#13692 = DEFINITIONAL_REPRESENTATION('',(#13693),#13697);
#13693 = LINE('',#13694,#13695);
#13694 = CARTESIAN_POINT('',(0.,0.));
#13695 = VECTOR('',#13696,1.);
#13696 = DIRECTION('',(0.,1.));
#13697 = ( GEOMETRIC_REPRESENTATION_CONTEXT(2) 
PARAMETRIC_REPRESENTATION_CONTEXT() REPRESENTATION_CONTEXT('2D SPACE',''
  ) );
#13698 = PCURVE('',#4815,#13699);
#13699 = DEFINITIONAL_REPRESENTATION('',(#13700),#13704);
#13700 = LINE('',#13701,#13702);
#13701 = CARTESIAN_POINT('',(14.,0.));
#13702 = VECTOR('',#13703,1.);
#13703 = DIRECTION('',(0.,-1.));
#13704 = ( GEOMETRIC_REPRESENTATION_CONTEXT(2) 
PARAMETRIC_REPRESENTATION_CONTEXT() REPRESENTATION_CONTEXT('2D SPACE',''
  ) );
#13705 = ORIENTED_EDGE('',*,*,#4772,.T.);
#13706 = ORIENTED_EDGE('',*,*,#13707,.T.);
#13707 = EDGE_CURVE('',#4775,#8699,#13708,.T.);
#13708 = SURFACE_CURVE('',#13709,(#13713,#13720),.PCURVE_S1.);
#13709 = LINE('',#13710,#13711);
#13710 = CARTESIAN_POINT('',(-108.35,89.99,92.5));
#13711 = VECTOR('',#13712,1.);
#13712 = DIRECTION('',(-0.,1.,0.));
#13713 = PCURVE('',#4789,#13714);
#13714 = DEFINITIONAL_REPRESENTATION('',(#13715),#13719);
#13715 = LINE('',#13716,#13717);
#13716 = CARTESIAN_POINT('',(3.,0.));
#13717 = VECTOR('',#13718,1.);
#13718 = DIRECTION('',(0.,1.));
#13719 = ( GEOMETRIC_REPRESENTATION_CONTEXT(2) 
PARAMETRIC_REPRESENTATION_CONTEXT() REPRESENTATION_CONTEXT('2D SPACE',''
  ) );
#13720 = PCURVE('',#4865,#13721);
#13721 = DEFINITIONAL_REPRESENTATION('',(#13722),#13726);
#13722 = LINE('',#13723,#13724);
#13723 = CARTESIAN_POINT('',(14.,0.));
#13724 = VECTOR('',#13725,1.);
#13725 = DIRECTION('',(0.,-1.));
#13726 = ( GEOMETRIC_REPRESENTATION_CONTEXT(2) 
PARAMETRIC_REPRESENTATION_CONTEXT() REPRESENTATION_CONTEXT('2D SPACE',''
  ) );
#13727 = ORIENTED_EDGE('',*,*,#8696,.F.);
#13728 = ADVANCED_FACE('',(#13729),#4865,.F.);
#13729 = FACE_BOUND('',#13730,.F.);
#13730 = EDGE_LOOP('',(#13731,#13732,#13733,#13754));
#13731 = ORIENTED_EDGE('',*,*,#13707,.F.);
#13732 = ORIENTED_EDGE('',*,*,#4852,.T.);
#13733 = ORIENTED_EDGE('',*,*,#13734,.T.);
#13734 = EDGE_CURVE('',#4827,#8741,#13735,.T.);
#13735 = SURFACE_CURVE('',#13736,(#13740,#13747),.PCURVE_S1.);
#13736 = LINE('',#13737,#13738);
#13737 = CARTESIAN_POINT('',(-108.35,89.99,78.5));
#13738 = VECTOR('',#13739,1.);
#13739 = DIRECTION('',(-0.,1.,0.));
#13740 = PCURVE('',#4865,#13741);
#13741 = DEFINITIONAL_REPRESENTATION('',(#13742),#13746);
#13742 = LINE('',#13743,#13744);
#13743 = CARTESIAN_POINT('',(0.,0.));
#13744 = VECTOR('',#13745,1.);
#13745 = DIRECTION('',(0.,-1.));
#13746 = ( GEOMETRIC_REPRESENTATION_CONTEXT(2) 
PARAMETRIC_REPRESENTATION_CONTEXT() REPRESENTATION_CONTEXT('2D SPACE',''
  ) );
#13747 = PCURVE('',#4841,#13748);
#13748 = DEFINITIONAL_REPRESENTATION('',(#13749),#13753);
#13749 = LINE('',#13750,#13751);
#13750 = CARTESIAN_POINT('',(3.,0.));
#13751 = VECTOR('',#13752,1.);
#13752 = DIRECTION('',(0.,1.));
#13753 = ( GEOMETRIC_REPRESENTATION_CONTEXT(2) 
PARAMETRIC_REPRESENTATION_CONTEXT() REPRESENTATION_CONTEXT('2D SPACE',''
  ) );
#13754 = ORIENTED_EDGE('',*,*,#8761,.F.);
#13755 = ADVANCED_FACE('',(#13756),#4841,.T.);
#13756 = FACE_BOUND('',#13757,.T.);
#13757 = EDGE_LOOP('',(#13758,#13779,#13780,#13781));
#13758 = ORIENTED_EDGE('',*,*,#13759,.F.);
#13759 = EDGE_CURVE('',#4801,#8720,#13760,.T.);
#13760 = SURFACE_CURVE('',#13761,(#13765,#13772),.PCURVE_S1.);
#13761 = LINE('',#13762,#13763);
#13762 = CARTESIAN_POINT('',(-111.35,89.99,78.5));
#13763 = VECTOR('',#13764,1.);
#13764 = DIRECTION('',(-0.,1.,0.));
#13765 = PCURVE('',#4841,#13766);
#13766 = DEFINITIONAL_REPRESENTATION('',(#13767),#13771);
#13767 = LINE('',#13768,#13769);
#13768 = CARTESIAN_POINT('',(0.,0.));
#13769 = VECTOR('',#13770,1.);
#13770 = DIRECTION('',(0.,1.));
#13771 = ( GEOMETRIC_REPRESENTATION_CONTEXT(2) 
PARAMETRIC_REPRESENTATION_CONTEXT() REPRESENTATION_CONTEXT('2D SPACE',''
  ) );
#13772 = PCURVE('',#4815,#13773);
#13773 = DEFINITIONAL_REPRESENTATION('',(#13774),#13778);
#13774 = LINE('',#13775,#13776);
#13775 = CARTESIAN_POINT('',(0.,0.));
#13776 = VECTOR('',#13777,1.);
#13777 = DIRECTION('',(0.,-1.));
#13778 = ( GEOMETRIC_REPRESENTATION_CONTEXT(2) 
PARAMETRIC_REPRESENTATION_CONTEXT() REPRESENTATION_CONTEXT('2D SPACE',''
  ) );
#13779 = ORIENTED_EDGE('',*,*,#4826,.T.);
#13780 = ORIENTED_EDGE('',*,*,#13734,.T.);
#13781 = ORIENTED_EDGE('',*,*,#8740,.F.);
#13782 = ADVANCED_FACE('',(#13783),#4815,.T.);
#13783 = FACE_BOUND('',#13784,.T.);
#13784 = EDGE_LOOP('',(#13785,#13786,#13787,#13788));
#13785 = ORIENTED_EDGE('',*,*,#13685,.F.);
#13786 = ORIENTED_EDGE('',*,*,#4800,.T.);
#13787 = ORIENTED_EDGE('',*,*,#13759,.T.);
#13788 = ORIENTED_EDGE('',*,*,#8719,.F.);
#13789 = ADVANCED_FACE('',(#13790),#5079,.F.);
#13790 = FACE_BOUND('',#13791,.F.);
#13791 = EDGE_LOOP('',(#13792,#13793,#13816,#13838));
#13792 = ORIENTED_EDGE('',*,*,#5062,.F.);
#13793 = ORIENTED_EDGE('',*,*,#13794,.F.);
#13794 = EDGE_CURVE('',#13795,#5063,#13797,.T.);
#13795 = VERTEX_POINT('',#13796);
#13796 = CARTESIAN_POINT('',(-211.225,91.4,5.));
#13797 = SEAM_CURVE('',#13798,(#13802,#13809),.PCURVE_S1.);
#13798 = LINE('',#13799,#13800);
#13799 = CARTESIAN_POINT('',(-211.225,91.4,5.));
#13800 = VECTOR('',#13801,1.);
#13801 = DIRECTION('',(0.,1.,2.22044604925E-16));
#13802 = PCURVE('',#5079,#13803);
#13803 = DEFINITIONAL_REPRESENTATION('',(#13804),#13808);
#13804 = LINE('',#13805,#13806);
#13805 = CARTESIAN_POINT('',(6.28318530718,-0.));
#13806 = VECTOR('',#13807,1.);
#13807 = DIRECTION('',(0.,1.));
#13808 = ( GEOMETRIC_REPRESENTATION_CONTEXT(2) 
PARAMETRIC_REPRESENTATION_CONTEXT() REPRESENTATION_CONTEXT('2D SPACE',''
  ) );
#13809 = PCURVE('',#5079,#13810);
#13810 = DEFINITIONAL_REPRESENTATION('',(#13811),#13815);
#13811 = LINE('',#13812,#13813);
#13812 = CARTESIAN_POINT('',(0.,-0.));
#13813 = VECTOR('',#13814,1.);
#13814 = DIRECTION('',(0.,1.));
#13815 = ( GEOMETRIC_REPRESENTATION_CONTEXT(2) 
PARAMETRIC_REPRESENTATION_CONTEXT() REPRESENTATION_CONTEXT('2D SPACE',''
  ) );
#13816 = ORIENTED_EDGE('',*,*,#13817,.T.);
#13817 = EDGE_CURVE('',#13795,#13795,#13818,.T.);
#13818 = SURFACE_CURVE('',#13819,(#13824,#13831),.PCURVE_S1.);
#13819 = CIRCLE('',#13820,3.125);
#13820 = AXIS2_PLACEMENT_3D('',#13821,#13822,#13823);
#13821 = CARTESIAN_POINT('',(-214.35,91.4,5.));
#13822 = DIRECTION('',(0.,1.,2.22044604925E-16));
#13823 = DIRECTION('',(1.,0.,-0.));
#13824 = PCURVE('',#5079,#13825);
#13825 = DEFINITIONAL_REPRESENTATION('',(#13826),#13830);
#13826 = LINE('',#13827,#13828);
#13827 = CARTESIAN_POINT('',(0.,0.));
#13828 = VECTOR('',#13829,1.);
#13829 = DIRECTION('',(1.,0.));
#13830 = ( GEOMETRIC_REPRESENTATION_CONTEXT(2) 
PARAMETRIC_REPRESENTATION_CONTEXT() REPRESENTATION_CONTEXT('2D SPACE',''
  ) );
#13831 = PCURVE('',#8994,#13832);
#13832 = DEFINITIONAL_REPRESENTATION('',(#13833),#13837);
#13833 = CIRCLE('',#13834,3.125);
#13834 = AXIS2_PLACEMENT_2D('',#13835,#13836);
#13835 = CARTESIAN_POINT('',(0.,0.));
#13836 = DIRECTION('',(1.,0.));
#13837 = ( GEOMETRIC_REPRESENTATION_CONTEXT(2) 
PARAMETRIC_REPRESENTATION_CONTEXT() REPRESENTATION_CONTEXT('2D SPACE',''
  ) );
#13838 = ORIENTED_EDGE('',*,*,#13794,.T.);
#13839 = ADVANCED_FACE('',(#13840),#5368,.F.);
#13840 = FACE_BOUND('',#13841,.F.);
#13841 = EDGE_LOOP('',(#13842,#13843,#13866,#13888));
#13842 = ORIENTED_EDGE('',*,*,#5351,.F.);
#13843 = ORIENTED_EDGE('',*,*,#13844,.F.);
#13844 = EDGE_CURVE('',#13845,#5352,#13847,.T.);
#13845 = VERTEX_POINT('',#13846);
#13846 = CARTESIAN_POINT('',(-231.225,91.4,30.45));
#13847 = SEAM_CURVE('',#13848,(#13852,#13859),.PCURVE_S1.);
#13848 = LINE('',#13849,#13850);
#13849 = CARTESIAN_POINT('',(-231.225,91.4,30.45));
#13850 = VECTOR('',#13851,1.);
#13851 = DIRECTION('',(0.,1.,2.22044604925E-16));
#13852 = PCURVE('',#5368,#13853);
#13853 = DEFINITIONAL_REPRESENTATION('',(#13854),#13858);
#13854 = LINE('',#13855,#13856);
#13855 = CARTESIAN_POINT('',(6.28318530718,-0.));
#13856 = VECTOR('',#13857,1.);
#13857 = DIRECTION('',(0.,1.));
#13858 = ( GEOMETRIC_REPRESENTATION_CONTEXT(2) 
PARAMETRIC_REPRESENTATION_CONTEXT() REPRESENTATION_CONTEXT('2D SPACE',''
  ) );
#13859 = PCURVE('',#5368,#13860);
#13860 = DEFINITIONAL_REPRESENTATION('',(#13861),#13865);
#13861 = LINE('',#13862,#13863);
#13862 = CARTESIAN_POINT('',(0.,-0.));
#13863 = VECTOR('',#13864,1.);
#13864 = DIRECTION('',(0.,1.));
#13865 = ( GEOMETRIC_REPRESENTATION_CONTEXT(2) 
PARAMETRIC_REPRESENTATION_CONTEXT() REPRESENTATION_CONTEXT('2D SPACE',''
  ) );
#13866 = ORIENTED_EDGE('',*,*,#13867,.T.);
#13867 = EDGE_CURVE('',#13845,#13845,#13868,.T.);
#13868 = SURFACE_CURVE('',#13869,(#13874,#13881),.PCURVE_S1.);
#13869 = CIRCLE('',#13870,3.125);
#13870 = AXIS2_PLACEMENT_3D('',#13871,#13872,#13873);
#13871 = CARTESIAN_POINT('',(-234.35,91.4,30.45));
#13872 = DIRECTION('',(0.,1.,2.22044604925E-16));
#13873 = DIRECTION('',(1.,0.,-0.));
#13874 = PCURVE('',#5368,#13875);
#13875 = DEFINITIONAL_REPRESENTATION('',(#13876),#13880);
#13876 = LINE('',#13877,#13878);
#13877 = CARTESIAN_POINT('',(0.,0.));
#13878 = VECTOR('',#13879,1.);
#13879 = DIRECTION('',(1.,0.));
#13880 = ( GEOMETRIC_REPRESENTATION_CONTEXT(2) 
PARAMETRIC_REPRESENTATION_CONTEXT() REPRESENTATION_CONTEXT('2D SPACE',''
  ) );
#13881 = PCURVE('',#9373,#13882);
#13882 = DEFINITIONAL_REPRESENTATION('',(#13883),#13887);
#13883 = CIRCLE('',#13884,3.125);
#13884 = AXIS2_PLACEMENT_2D('',#13885,#13886);
#13885 = CARTESIAN_POINT('',(0.,0.));
#13886 = DIRECTION('',(1.,0.));
#13887 = ( GEOMETRIC_REPRESENTATION_CONTEXT(2) 
PARAMETRIC_REPRESENTATION_CONTEXT() REPRESENTATION_CONTEXT('2D SPACE',''
  ) );
#13888 = ORIENTED_EDGE('',*,*,#13844,.T.);
#13889 = ADVANCED_FACE('',(#13890),#5915,.F.);
#13890 = FACE_BOUND('',#13891,.F.);
#13891 = EDGE_LOOP('',(#13892,#13893,#13916,#13938));
#13892 = ORIENTED_EDGE('',*,*,#5898,.F.);
#13893 = ORIENTED_EDGE('',*,*,#13894,.F.);
#13894 = EDGE_CURVE('',#13895,#5899,#13897,.T.);
#13895 = VERTEX_POINT('',#13896);
#13896 = CARTESIAN_POINT('',(-231.225,91.4,71.05));
#13897 = SEAM_CURVE('',#13898,(#13902,#13909),.PCURVE_S1.);
#13898 = LINE('',#13899,#13900);
#13899 = CARTESIAN_POINT('',(-231.225,91.4,71.05));
#13900 = VECTOR('',#13901,1.);
#13901 = DIRECTION('',(0.,1.,2.22044604925E-16));
#13902 = PCURVE('',#5915,#13903);
#13903 = DEFINITIONAL_REPRESENTATION('',(#13904),#13908);
#13904 = LINE('',#13905,#13906);
#13905 = CARTESIAN_POINT('',(6.28318530718,-0.));
#13906 = VECTOR('',#13907,1.);
#13907 = DIRECTION('',(0.,1.));
#13908 = ( GEOMETRIC_REPRESENTATION_CONTEXT(2) 
PARAMETRIC_REPRESENTATION_CONTEXT() REPRESENTATION_CONTEXT('2D SPACE',''
  ) );
#13909 = PCURVE('',#5915,#13910);
#13910 = DEFINITIONAL_REPRESENTATION('',(#13911),#13915);
#13911 = LINE('',#13912,#13913);
#13912 = CARTESIAN_POINT('',(0.,-0.));
#13913 = VECTOR('',#13914,1.);
#13914 = DIRECTION('',(0.,1.));
#13915 = ( GEOMETRIC_REPRESENTATION_CONTEXT(2) 
PARAMETRIC_REPRESENTATION_CONTEXT() REPRESENTATION_CONTEXT('2D SPACE',''
  ) );
#13916 = ORIENTED_EDGE('',*,*,#13917,.T.);
#13917 = EDGE_CURVE('',#13895,#13895,#13918,.T.);
#13918 = SURFACE_CURVE('',#13919,(#13924,#13931),.PCURVE_S1.);
#13919 = CIRCLE('',#13920,3.125);
#13920 = AXIS2_PLACEMENT_3D('',#13921,#13922,#13923);
#13921 = CARTESIAN_POINT('',(-234.35,91.4,71.05));
#13922 = DIRECTION('',(0.,1.,2.22044604925E-16));
#13923 = DIRECTION('',(1.,0.,-0.));
#13924 = PCURVE('',#5915,#13925);
#13925 = DEFINITIONAL_REPRESENTATION('',(#13926),#13930);
#13926 = LINE('',#13927,#13928);
#13927 = CARTESIAN_POINT('',(0.,0.));
#13928 = VECTOR('',#13929,1.);
#13929 = DIRECTION('',(1.,0.));
#13930 = ( GEOMETRIC_REPRESENTATION_CONTEXT(2) 
PARAMETRIC_REPRESENTATION_CONTEXT() REPRESENTATION_CONTEXT('2D SPACE',''
  ) );
#13931 = PCURVE('',#10076,#13932);
#13932 = DEFINITIONAL_REPRESENTATION('',(#13933),#13937);
#13933 = CIRCLE('',#13934,3.125);
#13934 = AXIS2_PLACEMENT_2D('',#13935,#13936);
#13935 = CARTESIAN_POINT('',(0.,0.));
#13936 = DIRECTION('',(1.,0.));
#13937 = ( GEOMETRIC_REPRESENTATION_CONTEXT(2) 
PARAMETRIC_REPRESENTATION_CONTEXT() REPRESENTATION_CONTEXT('2D SPACE',''
  ) );
#13938 = ORIENTED_EDGE('',*,*,#13894,.T.);
#13939 = ADVANCED_FACE('',(#13940),#6290,.F.);
#13940 = FACE_BOUND('',#13941,.F.);
#13941 = EDGE_LOOP('',(#13942,#13943,#13966,#13988));
#13942 = ORIENTED_EDGE('',*,*,#6273,.F.);
#13943 = ORIENTED_EDGE('',*,*,#13944,.F.);
#13944 = EDGE_CURVE('',#13945,#6274,#13947,.T.);
#13945 = VERTEX_POINT('',#13946);
#13946 = CARTESIAN_POINT('',(-211.225,91.4,96.5));
#13947 = SEAM_CURVE('',#13948,(#13952,#13959),.PCURVE_S1.);
#13948 = LINE('',#13949,#13950);
#13949 = CARTESIAN_POINT('',(-211.225,91.4,96.5));
#13950 = VECTOR('',#13951,1.);
#13951 = DIRECTION('',(0.,1.,2.22044604925E-16));
#13952 = PCURVE('',#6290,#13953);
#13953 = DEFINITIONAL_REPRESENTATION('',(#13954),#13958);
#13954 = LINE('',#13955,#13956);
#13955 = CARTESIAN_POINT('',(6.28318530718,-0.));
#13956 = VECTOR('',#13957,1.);
#13957 = DIRECTION('',(0.,1.));
#13958 = ( GEOMETRIC_REPRESENTATION_CONTEXT(2) 
PARAMETRIC_REPRESENTATION_CONTEXT() REPRESENTATION_CONTEXT('2D SPACE',''
  ) );
#13959 = PCURVE('',#6290,#13960);
#13960 = DEFINITIONAL_REPRESENTATION('',(#13961),#13965);
#13961 = LINE('',#13962,#13963);
#13962 = CARTESIAN_POINT('',(0.,-0.));
#13963 = VECTOR('',#13964,1.);
#13964 = DIRECTION('',(0.,1.));
#13965 = ( GEOMETRIC_REPRESENTATION_CONTEXT(2) 
PARAMETRIC_REPRESENTATION_CONTEXT() REPRESENTATION_CONTEXT('2D SPACE',''
  ) );
#13966 = ORIENTED_EDGE('',*,*,#13967,.T.);
#13967 = EDGE_CURVE('',#13945,#13945,#13968,.T.);
#13968 = SURFACE_CURVE('',#13969,(#13974,#13981),.PCURVE_S1.);
#13969 = CIRCLE('',#13970,3.125);
#13970 = AXIS2_PLACEMENT_3D('',#13971,#13972,#13973);
#13971 = CARTESIAN_POINT('',(-214.35,91.4,96.5));
#13972 = DIRECTION('',(0.,1.,2.22044604925E-16));
#13973 = DIRECTION('',(1.,0.,-0.));
#13974 = PCURVE('',#6290,#13975);
#13975 = DEFINITIONAL_REPRESENTATION('',(#13976),#13980);
#13976 = LINE('',#13977,#13978);
#13977 = CARTESIAN_POINT('',(0.,0.));
#13978 = VECTOR('',#13979,1.);
#13979 = DIRECTION('',(1.,0.));
#13980 = ( GEOMETRIC_REPRESENTATION_CONTEXT(2) 
PARAMETRIC_REPRESENTATION_CONTEXT() REPRESENTATION_CONTEXT('2D SPACE',''
  ) );
#13981 = PCURVE('',#10563,#13982);
#13982 = DEFINITIONAL_REPRESENTATION('',(#13983),#13987);
#13983 = CIRCLE('',#13984,3.125);
#13984 = AXIS2_PLACEMENT_2D('',#13985,#13986);
#13985 = CARTESIAN_POINT('',(0.,0.));
#13986 = DIRECTION('',(1.,0.));
#13987 = ( GEOMETRIC_REPRESENTATION_CONTEXT(2) 
PARAMETRIC_REPRESENTATION_CONTEXT() REPRESENTATION_CONTEXT('2D SPACE',''
  ) );
#13988 = ORIENTED_EDGE('',*,*,#13944,.T.);
#13989 = ADVANCED_FACE('',(#13990),#6929,.F.);
#13990 = FACE_BOUND('',#13991,.F.);
#13991 = EDGE_LOOP('',(#13992,#13993,#14016,#14038));
#13992 = ORIENTED_EDGE('',*,*,#6912,.F.);
#13993 = ORIENTED_EDGE('',*,*,#13994,.F.);
#13994 = EDGE_CURVE('',#13995,#6913,#13997,.T.);
#13995 = VERTEX_POINT('',#13996);
#13996 = CARTESIAN_POINT('',(-161.225,91.4,5.));
#13997 = SEAM_CURVE('',#13998,(#14002,#14009),.PCURVE_S1.);
#13998 = LINE('',#13999,#14000);
#13999 = CARTESIAN_POINT('',(-161.225,91.4,5.));
#14000 = VECTOR('',#14001,1.);
#14001 = DIRECTION('',(0.,1.,2.22044604925E-16));
#14002 = PCURVE('',#6929,#14003);
#14003 = DEFINITIONAL_REPRESENTATION('',(#14004),#14008);
#14004 = LINE('',#14005,#14006);
#14005 = CARTESIAN_POINT('',(6.28318530718,-0.));
#14006 = VECTOR('',#14007,1.);
#14007 = DIRECTION('',(0.,1.));
#14008 = ( GEOMETRIC_REPRESENTATION_CONTEXT(2) 
PARAMETRIC_REPRESENTATION_CONTEXT() REPRESENTATION_CONTEXT('2D SPACE',''
  ) );
#14009 = PCURVE('',#6929,#14010);
#14010 = DEFINITIONAL_REPRESENTATION('',(#14011),#14015);
#14011 = LINE('',#14012,#14013);
#14012 = CARTESIAN_POINT('',(0.,-0.));
#14013 = VECTOR('',#14014,1.);
#14014 = DIRECTION('',(0.,1.));
#14015 = ( GEOMETRIC_REPRESENTATION_CONTEXT(2) 
PARAMETRIC_REPRESENTATION_CONTEXT() REPRESENTATION_CONTEXT('2D SPACE',''
  ) );
#14016 = ORIENTED_EDGE('',*,*,#14017,.T.);
#14017 = EDGE_CURVE('',#13995,#13995,#14018,.T.);
#14018 = SURFACE_CURVE('',#14019,(#14024,#14031),.PCURVE_S1.);
#14019 = CIRCLE('',#14020,3.125);
#14020 = AXIS2_PLACEMENT_3D('',#14021,#14022,#14023);
#14021 = CARTESIAN_POINT('',(-164.35,91.4,5.));
#14022 = DIRECTION('',(0.,1.,2.22044604925E-16));
#14023 = DIRECTION('',(1.,0.,-0.));
#14024 = PCURVE('',#6929,#14025);
#14025 = DEFINITIONAL_REPRESENTATION('',(#14026),#14030);
#14026 = LINE('',#14027,#14028);
#14027 = CARTESIAN_POINT('',(0.,0.));
#14028 = VECTOR('',#14029,1.);
#14029 = DIRECTION('',(1.,0.));
#14030 = ( GEOMETRIC_REPRESENTATION_CONTEXT(2) 
PARAMETRIC_REPRESENTATION_CONTEXT() REPRESENTATION_CONTEXT('2D SPACE',''
  ) );
#14031 = PCURVE('',#11369,#14032);
#14032 = DEFINITIONAL_REPRESENTATION('',(#14033),#14037);
#14033 = CIRCLE('',#14034,3.125);
#14034 = AXIS2_PLACEMENT_2D('',#14035,#14036);
#14035 = CARTESIAN_POINT('',(0.,0.));
#14036 = DIRECTION('',(1.,0.));
#14037 = ( GEOMETRIC_REPRESENTATION_CONTEXT(2) 
PARAMETRIC_REPRESENTATION_CONTEXT() REPRESENTATION_CONTEXT('2D SPACE',''
  ) );
#14038 = ORIENTED_EDGE('',*,*,#13994,.T.);
#14039 = ADVANCED_FACE('',(#14040),#7588,.F.);
#14040 = FACE_BOUND('',#14041,.F.);
#14041 = EDGE_LOOP('',(#14042,#14043,#14066,#14088));
#14042 = ORIENTED_EDGE('',*,*,#7571,.F.);
#14043 = ORIENTED_EDGE('',*,*,#14044,.F.);
#14044 = EDGE_CURVE('',#14045,#7572,#14047,.T.);
#14045 = VERTEX_POINT('',#14046);
#14046 = CARTESIAN_POINT('',(-111.225,91.4,5.));
#14047 = SEAM_CURVE('',#14048,(#14052,#14059),.PCURVE_S1.);
#14048 = LINE('',#14049,#14050);
#14049 = CARTESIAN_POINT('',(-111.225,91.4,5.));
#14050 = VECTOR('',#14051,1.);
#14051 = DIRECTION('',(0.,1.,2.22044604925E-16));
#14052 = PCURVE('',#7588,#14053);
#14053 = DEFINITIONAL_REPRESENTATION('',(#14054),#14058);
#14054 = LINE('',#14055,#14056);
#14055 = CARTESIAN_POINT('',(6.28318530718,-0.));
#14056 = VECTOR('',#14057,1.);
#14057 = DIRECTION('',(0.,1.));
#14058 = ( GEOMETRIC_REPRESENTATION_CONTEXT(2) 
PARAMETRIC_REPRESENTATION_CONTEXT() REPRESENTATION_CONTEXT('2D SPACE',''
  ) );
#14059 = PCURVE('',#7588,#14060);
#14060 = DEFINITIONAL_REPRESENTATION('',(#14061),#14065);
#14061 = LINE('',#14062,#14063);
#14062 = CARTESIAN_POINT('',(0.,-0.));
#14063 = VECTOR('',#14064,1.);
#14064 = DIRECTION('',(0.,1.));
#14065 = ( GEOMETRIC_REPRESENTATION_CONTEXT(2) 
PARAMETRIC_REPRESENTATION_CONTEXT() REPRESENTATION_CONTEXT('2D SPACE',''
  ) );
#14066 = ORIENTED_EDGE('',*,*,#14067,.T.);
#14067 = EDGE_CURVE('',#14045,#14045,#14068,.T.);
#14068 = SURFACE_CURVE('',#14069,(#14074,#14081),.PCURVE_S1.);
#14069 = CIRCLE('',#14070,3.125);
#14070 = AXIS2_PLACEMENT_3D('',#14071,#14072,#14073);
#14071 = CARTESIAN_POINT('',(-114.35,91.4,5.));
#14072 = DIRECTION('',(0.,1.,2.22044604925E-16));
#14073 = DIRECTION('',(1.,0.,-0.));
#14074 = PCURVE('',#7588,#14075);
#14075 = DEFINITIONAL_REPRESENTATION('',(#14076),#14080);
#14076 = LINE('',#14077,#14078);
#14077 = CARTESIAN_POINT('',(0.,0.));
#14078 = VECTOR('',#14079,1.);
#14079 = DIRECTION('',(1.,0.));
#14080 = ( GEOMETRIC_REPRESENTATION_CONTEXT(2) 
PARAMETRIC_REPRESENTATION_CONTEXT() REPRESENTATION_CONTEXT('2D SPACE',''
  ) );
#14081 = PCURVE('',#12099,#14082);
#14082 = DEFINITIONAL_REPRESENTATION('',(#14083),#14087);
#14083 = CIRCLE('',#14084,3.125);
#14084 = AXIS2_PLACEMENT_2D('',#14085,#14086);
#14085 = CARTESIAN_POINT('',(0.,0.));
#14086 = DIRECTION('',(1.,0.));
#14087 = ( GEOMETRIC_REPRESENTATION_CONTEXT(2) 
PARAMETRIC_REPRESENTATION_CONTEXT() REPRESENTATION_CONTEXT('2D SPACE',''
  ) );
#14088 = ORIENTED_EDGE('',*,*,#14044,.T.);
#14089 = ADVANCED_FACE('',(#14090),#7877,.F.);
#14090 = FACE_BOUND('',#14091,.F.);
#14091 = EDGE_LOOP('',(#14092,#14093,#14116,#14138));
#14092 = ORIENTED_EDGE('',*,*,#7860,.F.);
#14093 = ORIENTED_EDGE('',*,*,#14094,.F.);
#14094 = EDGE_CURVE('',#14095,#7861,#14097,.T.);
#14095 = VERTEX_POINT('',#14096);
#14096 = CARTESIAN_POINT('',(-91.225,91.4,30.45));
#14097 = SEAM_CURVE('',#14098,(#14102,#14109),.PCURVE_S1.);
#14098 = LINE('',#14099,#14100);
#14099 = CARTESIAN_POINT('',(-91.225,91.4,30.45));
#14100 = VECTOR('',#14101,1.);
#14101 = DIRECTION('',(0.,1.,2.22044604925E-16));
#14102 = PCURVE('',#7877,#14103);
#14103 = DEFINITIONAL_REPRESENTATION('',(#14104),#14108);
#14104 = LINE('',#14105,#14106);
#14105 = CARTESIAN_POINT('',(6.28318530718,-0.));
#14106 = VECTOR('',#14107,1.);
#14107 = DIRECTION('',(0.,1.));
#14108 = ( GEOMETRIC_REPRESENTATION_CONTEXT(2) 
PARAMETRIC_REPRESENTATION_CONTEXT() REPRESENTATION_CONTEXT('2D SPACE',''
  ) );
#14109 = PCURVE('',#7877,#14110);
#14110 = DEFINITIONAL_REPRESENTATION('',(#14111),#14115);
#14111 = LINE('',#14112,#14113);
#14112 = CARTESIAN_POINT('',(0.,-0.));
#14113 = VECTOR('',#14114,1.);
#14114 = DIRECTION('',(0.,1.));
#14115 = ( GEOMETRIC_REPRESENTATION_CONTEXT(2) 
PARAMETRIC_REPRESENTATION_CONTEXT() REPRESENTATION_CONTEXT('2D SPACE',''
  ) );
#14116 = ORIENTED_EDGE('',*,*,#14117,.T.);
#14117 = EDGE_CURVE('',#14095,#14095,#14118,.T.);
#14118 = SURFACE_CURVE('',#14119,(#14124,#14131),.PCURVE_S1.);
#14119 = CIRCLE('',#14120,3.125);
#14120 = AXIS2_PLACEMENT_3D('',#14121,#14122,#14123);
#14121 = CARTESIAN_POINT('',(-94.35,91.4,30.45));
#14122 = DIRECTION('',(0.,1.,2.22044604925E-16));
#14123 = DIRECTION('',(1.,0.,-0.));
#14124 = PCURVE('',#7877,#14125);
#14125 = DEFINITIONAL_REPRESENTATION('',(#14126),#14130);
#14126 = LINE('',#14127,#14128);
#14127 = CARTESIAN_POINT('',(0.,0.));
#14128 = VECTOR('',#14129,1.);
#14129 = DIRECTION('',(1.,0.));
#14130 = ( GEOMETRIC_REPRESENTATION_CONTEXT(2) 
PARAMETRIC_REPRESENTATION_CONTEXT() REPRESENTATION_CONTEXT('2D SPACE',''
  ) );
#14131 = PCURVE('',#12586,#14132);
#14132 = DEFINITIONAL_REPRESENTATION('',(#14133),#14137);
#14133 = CIRCLE('',#14134,3.125);
#14134 = AXIS2_PLACEMENT_2D('',#14135,#14136);
#14135 = CARTESIAN_POINT('',(0.,0.));
#14136 = DIRECTION('',(1.,0.));
#14137 = ( GEOMETRIC_REPRESENTATION_CONTEXT(2) 
PARAMETRIC_REPRESENTATION_CONTEXT() REPRESENTATION_CONTEXT('2D SPACE',''
  ) );
#14138 = ORIENTED_EDGE('',*,*,#14094,.T.);
#14139 = ADVANCED_FACE('',(#14140),#8510,.F.);
#14140 = FACE_BOUND('',#14141,.F.);
#14141 = EDGE_LOOP('',(#14142,#14143,#14166,#14188));
#14142 = ORIENTED_EDGE('',*,*,#8493,.F.);
#14143 = ORIENTED_EDGE('',*,*,#14144,.F.);
#14144 = EDGE_CURVE('',#14145,#8494,#14147,.T.);
#14145 = VERTEX_POINT('',#14146);
#14146 = CARTESIAN_POINT('',(-91.225,91.4,71.05));
#14147 = SEAM_CURVE('',#14148,(#14152,#14159),.PCURVE_S1.);
#14148 = LINE('',#14149,#14150);
#14149 = CARTESIAN_POINT('',(-91.225,91.4,71.05));
#14150 = VECTOR('',#14151,1.);
#14151 = DIRECTION('',(0.,1.,2.22044604925E-16));
#14152 = PCURVE('',#8510,#14153);
#14153 = DEFINITIONAL_REPRESENTATION('',(#14154),#14158);
#14154 = LINE('',#14155,#14156);
#14155 = CARTESIAN_POINT('',(6.28318530718,-0.));
#14156 = VECTOR('',#14157,1.);
#14157 = DIRECTION('',(0.,1.));
#14158 = ( GEOMETRIC_REPRESENTATION_CONTEXT(2) 
PARAMETRIC_REPRESENTATION_CONTEXT() REPRESENTATION_CONTEXT('2D SPACE',''
  ) );
#14159 = PCURVE('',#8510,#14160);
#14160 = DEFINITIONAL_REPRESENTATION('',(#14161),#14165);
#14161 = LINE('',#14162,#14163);
#14162 = CARTESIAN_POINT('',(0.,-0.));
#14163 = VECTOR('',#14164,1.);
#14164 = DIRECTION('',(0.,1.));
#14165 = ( GEOMETRIC_REPRESENTATION_CONTEXT(2) 
PARAMETRIC_REPRESENTATION_CONTEXT() REPRESENTATION_CONTEXT('2D SPACE',''
  ) );
#14166 = ORIENTED_EDGE('',*,*,#14167,.T.);
#14167 = EDGE_CURVE('',#14145,#14145,#14168,.T.);
#14168 = SURFACE_CURVE('',#14169,(#14174,#14181),.PCURVE_S1.);
#14169 = CIRCLE('',#14170,3.125);
#14170 = AXIS2_PLACEMENT_3D('',#14171,#14172,#14173);
#14171 = CARTESIAN_POINT('',(-94.35,91.4,71.05));
#14172 = DIRECTION('',(0.,1.,2.22044604925E-16));
#14173 = DIRECTION('',(1.,0.,-0.));
#14174 = PCURVE('',#8510,#14175);
#14175 = DEFINITIONAL_REPRESENTATION('',(#14176),#14180);
#14176 = LINE('',#14177,#14178);
#14177 = CARTESIAN_POINT('',(0.,0.));
#14178 = VECTOR('',#14179,1.);
#14179 = DIRECTION('',(1.,0.));
#14180 = ( GEOMETRIC_REPRESENTATION_CONTEXT(2) 
PARAMETRIC_REPRESENTATION_CONTEXT() REPRESENTATION_CONTEXT('2D SPACE',''
  ) );
#14181 = PCURVE('',#13289,#14182);
#14182 = DEFINITIONAL_REPRESENTATION('',(#14183),#14187);
#14183 = CIRCLE('',#14184,3.125);
#14184 = AXIS2_PLACEMENT_2D('',#14185,#14186);
#14185 = CARTESIAN_POINT('',(0.,0.));
#14186 = DIRECTION('',(1.,0.));
#14187 = ( GEOMETRIC_REPRESENTATION_CONTEXT(2) 
PARAMETRIC_REPRESENTATION_CONTEXT() REPRESENTATION_CONTEXT('2D SPACE',''
  ) );
#14188 = ORIENTED_EDGE('',*,*,#14144,.T.);
#14189 = ADVANCED_FACE('',(#14190),#8799,.F.);
#14190 = FACE_BOUND('',#14191,.F.);
#14191 = EDGE_LOOP('',(#14192,#14193,#14216,#14238));
#14192 = ORIENTED_EDGE('',*,*,#8782,.F.);
#14193 = ORIENTED_EDGE('',*,*,#14194,.F.);
#14194 = EDGE_CURVE('',#14195,#8783,#14197,.T.);
#14195 = VERTEX_POINT('',#14196);
#14196 = CARTESIAN_POINT('',(-111.225,91.4,96.5));
#14197 = SEAM_CURVE('',#14198,(#14202,#14209),.PCURVE_S1.);
#14198 = LINE('',#14199,#14200);
#14199 = CARTESIAN_POINT('',(-111.225,91.4,96.5));
#14200 = VECTOR('',#14201,1.);
#14201 = DIRECTION('',(0.,1.,2.22044604925E-16));
#14202 = PCURVE('',#8799,#14203);
#14203 = DEFINITIONAL_REPRESENTATION('',(#14204),#14208);
#14204 = LINE('',#14205,#14206);
#14205 = CARTESIAN_POINT('',(6.28318530718,-0.));
#14206 = VECTOR('',#14207,1.);
#14207 = DIRECTION('',(0.,1.));
#14208 = ( GEOMETRIC_REPRESENTATION_CONTEXT(2) 
PARAMETRIC_REPRESENTATION_CONTEXT() REPRESENTATION_CONTEXT('2D SPACE',''
  ) );
#14209 = PCURVE('',#8799,#14210);
#14210 = DEFINITIONAL_REPRESENTATION('',(#14211),#14215);
#14211 = LINE('',#14212,#14213);
#14212 = CARTESIAN_POINT('',(0.,-0.));
#14213 = VECTOR('',#14214,1.);
#14214 = DIRECTION('',(0.,1.));
#14215 = ( GEOMETRIC_REPRESENTATION_CONTEXT(2) 
PARAMETRIC_REPRESENTATION_CONTEXT() REPRESENTATION_CONTEXT('2D SPACE',''
  ) );
#14216 = ORIENTED_EDGE('',*,*,#14217,.T.);
#14217 = EDGE_CURVE('',#14195,#14195,#14218,.T.);
#14218 = SURFACE_CURVE('',#14219,(#14224,#14231),.PCURVE_S1.);
#14219 = CIRCLE('',#14220,3.125);
#14220 = AXIS2_PLACEMENT_3D('',#14221,#14222,#14223);
#14221 = CARTESIAN_POINT('',(-114.35,91.4,96.5));
#14222 = DIRECTION('',(0.,1.,2.22044604925E-16));
#14223 = DIRECTION('',(1.,0.,-0.));
#14224 = PCURVE('',#8799,#14225);
#14225 = DEFINITIONAL_REPRESENTATION('',(#14226),#14230);
#14226 = LINE('',#14227,#14228);
#14227 = CARTESIAN_POINT('',(0.,0.));
#14228 = VECTOR('',#14229,1.);
#14229 = DIRECTION('',(1.,0.));
#14230 = ( GEOMETRIC_REPRESENTATION_CONTEXT(2) 
PARAMETRIC_REPRESENTATION_CONTEXT() REPRESENTATION_CONTEXT('2D SPACE',''
  ) );
#14231 = PCURVE('',#13668,#14232);
#14232 = DEFINITIONAL_REPRESENTATION('',(#14233),#14237);
#14233 = CIRCLE('',#14234,3.125);
#14234 = AXIS2_PLACEMENT_2D('',#14235,#14236);
#14235 = CARTESIAN_POINT('',(0.,0.));
#14236 = DIRECTION('',(1.,0.));
#14237 = ( GEOMETRIC_REPRESENTATION_CONTEXT(2) 
PARAMETRIC_REPRESENTATION_CONTEXT() REPRESENTATION_CONTEXT('2D SPACE',''
  ) );
#14238 = ORIENTED_EDGE('',*,*,#14194,.T.);
#14239 = ADVANCED_FACE('',(#14240,#14243),#8994,.T.);
#14240 = FACE_BOUND('',#14241,.T.);
#14241 = EDGE_LOOP('',(#14242));
#14242 = ORIENTED_EDGE('',*,*,#13817,.T.);
#14243 = FACE_BOUND('',#14244,.T.);
#14244 = EDGE_LOOP('',(#14245));
#14245 = ORIENTED_EDGE('',*,*,#8979,.F.);
#14246 = ADVANCED_FACE('',(#14247,#14250),#9373,.T.);
#14247 = FACE_BOUND('',#14248,.T.);
#14248 = EDGE_LOOP('',(#14249));
#14249 = ORIENTED_EDGE('',*,*,#13867,.T.);
#14250 = FACE_BOUND('',#14251,.T.);
#14251 = EDGE_LOOP('',(#14252));
#14252 = ORIENTED_EDGE('',*,*,#9358,.F.);
#14253 = ADVANCED_FACE('',(#14254,#14257),#10076,.T.);
#14254 = FACE_BOUND('',#14255,.T.);
#14255 = EDGE_LOOP('',(#14256));
#14256 = ORIENTED_EDGE('',*,*,#13917,.T.);
#14257 = FACE_BOUND('',#14258,.T.);
#14258 = EDGE_LOOP('',(#14259));
#14259 = ORIENTED_EDGE('',*,*,#10061,.F.);
#14260 = ADVANCED_FACE('',(#14261,#14264),#10563,.T.);
#14261 = FACE_BOUND('',#14262,.T.);
#14262 = EDGE_LOOP('',(#14263));
#14263 = ORIENTED_EDGE('',*,*,#13967,.T.);
#14264 = FACE_BOUND('',#14265,.T.);
#14265 = EDGE_LOOP('',(#14266));
#14266 = ORIENTED_EDGE('',*,*,#10548,.F.);
#14267 = ADVANCED_FACE('',(#14268,#14271),#11369,.T.);
#14268 = FACE_BOUND('',#14269,.T.);
#14269 = EDGE_LOOP('',(#14270));
#14270 = ORIENTED_EDGE('',*,*,#14017,.T.);
#14271 = FACE_BOUND('',#14272,.T.);
#14272 = EDGE_LOOP('',(#14273));
#14273 = ORIENTED_EDGE('',*,*,#11354,.F.);
#14274 = ADVANCED_FACE('',(#14275,#14278),#12099,.T.);
#14275 = FACE_BOUND('',#14276,.T.);
#14276 = EDGE_LOOP('',(#14277));
#14277 = ORIENTED_EDGE('',*,*,#14067,.T.);
#14278 = FACE_BOUND('',#14279,.T.);
#14279 = EDGE_LOOP('',(#14280));
#14280 = ORIENTED_EDGE('',*,*,#12084,.F.);
#14281 = ADVANCED_FACE('',(#14282,#14285),#12586,.T.);
#14282 = FACE_BOUND('',#14283,.T.);
#14283 = EDGE_LOOP('',(#14284));
#14284 = ORIENTED_EDGE('',*,*,#14117,.T.);
#14285 = FACE_BOUND('',#14286,.T.);
#14286 = EDGE_LOOP('',(#14287));
#14287 = ORIENTED_EDGE('',*,*,#12571,.F.);
#14288 = ADVANCED_FACE('',(#14289,#14292),#13289,.T.);
#14289 = FACE_BOUND('',#14290,.T.);
#14290 = EDGE_LOOP('',(#14291));
#14291 = ORIENTED_EDGE('',*,*,#14167,.T.);
#14292 = FACE_BOUND('',#14293,.T.);
#14293 = EDGE_LOOP('',(#14294));
#14294 = ORIENTED_EDGE('',*,*,#13274,.F.);
#14295 = ADVANCED_FACE('',(#14296,#14299),#13668,.T.);
#14296 = FACE_BOUND('',#14297,.T.);
#14297 = EDGE_LOOP('',(#14298));
#14298 = ORIENTED_EDGE('',*,*,#14217,.T.);
#14299 = FACE_BOUND('',#14300,.T.);
#14300 = EDGE_LOOP('',(#14301));
#14301 = ORIENTED_EDGE('',*,*,#13653,.F.);
#14302 = ( GEOMETRIC_REPRESENTATION_CONTEXT(3) 
GLOBAL_UNCERTAINTY_ASSIGNED_CONTEXT((#14306)) 
GLOBAL_UNIT_ASSIGNED_CONTEXT((#14303,#14304,#14305)) 
REPRESENTATION_CONTEXT('Context #1',
  '3D Context with UNIT and UNCERTAINTY') );
#14303 = ( LENGTH_UNIT() NAMED_UNIT(*) SI_UNIT(.MILLI.,.METRE.) );
#14304 = ( NAMED_UNIT(*) PLANE_ANGLE_UNIT() SI_UNIT($,.RADIAN.) );
#14305 = ( NAMED_UNIT(*) SI_UNIT($,.STERADIAN.) SOLID_ANGLE_UNIT() );
#14306 = UNCERTAINTY_MEASURE_WITH_UNIT(LENGTH_MEASURE(2.E-07),#14303,
  'distance_accuracy_value','confusion accuracy');
#14307 = PRODUCT_RELATED_PRODUCT_CATEGORY('part',$,(#7));
ENDSEC;
END-ISO-10303-21;
