ISO-10303-21;
HEADER;
FILE_DESCRIPTION(('Open CASCADE Model'),'2;1');
FILE_NAME('Open CASCADE Shape Model','2026-10-09T21:28:37',('Author'),(
    'Open CASCADE'),'Open CASCADE STEP processor 8.0','build123d',
  'Unknown');
FILE_SCHEMA(('AUTOMOTIVE_DESIGN { 1 0 10303 214 1 1 1 1 }'));
ENDSEC;
DATA;
#1 = APPLICATION_PROTOCOL_DEFINITION('international standard',
  'automotive_design',2000,#2);
#2 = APPLICATION_CONTEXT(
  'core data for automotive mechanical design processes');
#3 = SHAPE_DEFINITION_REPRESENTATION(#4,#10);
#4 = PRODUCT_DEFINITION_SHAPE('','',#5);
#5 = PRODUCT_DEFINITION('design','',#6,#9);
#6 = PRODUCT_DEFINITION_FORMATION('','',#7);
#7 = PRODUCT('COMPOUND','COMPOUND','',(#8));
#8 = PRODUCT_CONTEXT('',#2,'mechanical');
#9 = PRODUCT_DEFINITION_CONTEXT('part definition',#2,'design');
#10 = ADVANCED_BREP_SHAPE_REPRESENTATION('',(#11,#15),#2329);
#11 = AXIS2_PLACEMENT_3D('',#12,#13,#14);
#12 = CARTESIAN_POINT('',(0.,0.,0.));
#13 = DIRECTION('',(0.,0.,1.));
#14 = DIRECTION('',(1.,0.,-0.));
#15 = MANIFOLD_SOLID_BREP('',#16);
#16 = CLOSED_SHELL('',(#17,#584,#660,#844,#955,#1004,#1051,#1098,#1147,
    #1196,#1285,#1334,#1361,#1437,#1486,#1535,#1593,#1669,#1749,#1798,
    #1825,#1832,#1843,#1898,#1953,#2008,#2063,#2118,#2173,#2180,#2235,
    #2242,#2297,#2301,#2305,#2309,#2313,#2317,#2321,#2325));
#17 = ADVANCED_FACE('',(#18,#356,#470),#32,.F.);
#18 = FACE_BOUND('',#19,.F.);
#19 = EDGE_LOOP('',(#20,#55,#83,#111,#139,#167,#195,#223,#251,#279,#307,
    #335));
#20 = ORIENTED_EDGE('',*,*,#21,.F.);
#21 = EDGE_CURVE('',#22,#24,#26,.T.);
#22 = VERTEX_POINT('',#23);
#23 = CARTESIAN_POINT('',(313.,-46.48666837911,104.5));
#24 = VERTEX_POINT('',#25);
#25 = CARTESIAN_POINT('',(313.,90.,104.5));
#26 = SURFACE_CURVE('',#27,(#31,#43),.PCURVE_S1.);
#27 = LINE('',#28,#29);
#28 = CARTESIAN_POINT('',(313.,-46.48666837911,104.5));
#29 = VECTOR('',#30,1.);
#30 = DIRECTION('',(-0.,1.,0.));
#31 = PCURVE('',#32,#37);
#32 = PLANE('',#33);
#33 = AXIS2_PLACEMENT_3D('',#34,#35,#36);
#34 = CARTESIAN_POINT('',(313.,-46.48666837911,-5.));
#35 = DIRECTION('',(1.,0.,-0.));
#36 = DIRECTION('',(0.,0.,1.));
#37 = DEFINITIONAL_REPRESENTATION('',(#38),#42);
#38 = LINE('',#39,#40);
#39 = CARTESIAN_POINT('',(109.5,0.));
#40 = VECTOR('',#41,1.);
#41 = DIRECTION('',(0.,-1.));
#42 = ( GEOMETRIC_REPRESENTATION_CONTEXT(2) 
PARAMETRIC_REPRESENTATION_CONTEXT() REPRESENTATION_CONTEXT('2D SPACE',''
  ) );
#43 = PCURVE('',#44,#49);
#44 = PLANE('',#45);
#45 = AXIS2_PLACEMENT_3D('',#46,#47,#48);
#46 = CARTESIAN_POINT('',(313.,-46.48666837911,104.5));
#47 = DIRECTION('',(0.,0.,1.));
#48 = DIRECTION('',(1.,0.,-0.));
#49 = DEFINITIONAL_REPRESENTATION('',(#50),#54);
#50 = LINE('',#51,#52);
#51 = CARTESIAN_POINT('',(0.,0.));
#52 = VECTOR('',#53,1.);
#53 = DIRECTION('',(0.,1.));
#54 = ( GEOMETRIC_REPRESENTATION_CONTEXT(2) 
PARAMETRIC_REPRESENTATION_CONTEXT() REPRESENTATION_CONTEXT('2D SPACE',''
  ) );
#55 = ORIENTED_EDGE('',*,*,#56,.F.);
#56 = EDGE_CURVE('',#57,#22,#59,.T.);
#57 = VERTEX_POINT('',#58);
#58 = CARTESIAN_POINT('',(313.,-46.48666837911,-5.));
#59 = SURFACE_CURVE('',#60,(#64,#71),.PCURVE_S1.);
#60 = LINE('',#61,#62);
#61 = CARTESIAN_POINT('',(313.,-46.48666837911,-5.));
#62 = VECTOR('',#63,1.);
#63 = DIRECTION('',(0.,0.,1.));
#64 = PCURVE('',#32,#65);
#65 = DEFINITIONAL_REPRESENTATION('',(#66),#70);
#66 = LINE('',#67,#68);
#67 = CARTESIAN_POINT('',(0.,0.));
#68 = VECTOR('',#69,1.);
#69 = DIRECTION('',(1.,0.));
#70 = ( GEOMETRIC_REPRESENTATION_CONTEXT(2) 
PARAMETRIC_REPRESENTATION_CONTEXT() REPRESENTATION_CONTEXT('2D SPACE',''
  ) );
#71 = PCURVE('',#72,#77);
#72 = PLANE('',#73);
#73 = AXIS2_PLACEMENT_3D('',#74,#75,#76);
#74 = CARTESIAN_POINT('',(313.,-46.48666837911,-5.));
#75 = DIRECTION('',(-0.,1.,0.));
#76 = DIRECTION('',(0.,0.,1.));
#77 = DEFINITIONAL_REPRESENTATION('',(#78),#82);
#78 = LINE('',#79,#80);
#79 = CARTESIAN_POINT('',(0.,0.));
#80 = VECTOR('',#81,1.);
#81 = DIRECTION('',(1.,0.));
#82 = ( GEOMETRIC_REPRESENTATION_CONTEXT(2) 
PARAMETRIC_REPRESENTATION_CONTEXT() REPRESENTATION_CONTEXT('2D SPACE',''
  ) );
#83 = ORIENTED_EDGE('',*,*,#84,.T.);
#84 = EDGE_CURVE('',#57,#85,#87,.T.);
#85 = VERTEX_POINT('',#86);
#86 = CARTESIAN_POINT('',(313.,90.,-5.));
#87 = SURFACE_CURVE('',#88,(#92,#99),.PCURVE_S1.);
#88 = LINE('',#89,#90);
#89 = CARTESIAN_POINT('',(313.,-46.48666837911,-5.));
#90 = VECTOR('',#91,1.);
#91 = DIRECTION('',(-0.,1.,0.));
#92 = PCURVE('',#32,#93);
#93 = DEFINITIONAL_REPRESENTATION('',(#94),#98);
#94 = LINE('',#95,#96);
#95 = CARTESIAN_POINT('',(0.,0.));
#96 = VECTOR('',#97,1.);
#97 = DIRECTION('',(0.,-1.));
#98 = ( GEOMETRIC_REPRESENTATION_CONTEXT(2) 
PARAMETRIC_REPRESENTATION_CONTEXT() REPRESENTATION_CONTEXT('2D SPACE',''
  ) );
#99 = PCURVE('',#100,#105);
#100 = PLANE('',#101);
#101 = AXIS2_PLACEMENT_3D('',#102,#103,#104);
#102 = CARTESIAN_POINT('',(313.,-46.48666837911,-5.));
#103 = DIRECTION('',(0.,0.,1.));
#104 = DIRECTION('',(1.,0.,-0.));
#105 = DEFINITIONAL_REPRESENTATION('',(#106),#110);
#106 = LINE('',#107,#108);
#107 = CARTESIAN_POINT('',(0.,0.));
#108 = VECTOR('',#109,1.);
#109 = DIRECTION('',(0.,1.));
#110 = ( GEOMETRIC_REPRESENTATION_CONTEXT(2) 
PARAMETRIC_REPRESENTATION_CONTEXT() REPRESENTATION_CONTEXT('2D SPACE',''
  ) );
#111 = ORIENTED_EDGE('',*,*,#112,.T.);
#112 = EDGE_CURVE('',#85,#113,#115,.T.);
#113 = VERTEX_POINT('',#114);
#114 = CARTESIAN_POINT('',(313.,90.,0.));
#115 = SURFACE_CURVE('',#116,(#120,#127),.PCURVE_S1.);
#116 = LINE('',#117,#118);
#117 = CARTESIAN_POINT('',(313.,90.,-5.));
#118 = VECTOR('',#119,1.);
#119 = DIRECTION('',(0.,0.,1.));
#120 = PCURVE('',#32,#121);
#121 = DEFINITIONAL_REPRESENTATION('',(#122),#126);
#122 = LINE('',#123,#124);
#123 = CARTESIAN_POINT('',(0.,-136.4866683791));
#124 = VECTOR('',#125,1.);
#125 = DIRECTION('',(1.,0.));
#126 = ( GEOMETRIC_REPRESENTATION_CONTEXT(2) 
PARAMETRIC_REPRESENTATION_CONTEXT() REPRESENTATION_CONTEXT('2D SPACE',''
  ) );
#127 = PCURVE('',#128,#133);
#128 = PLANE('',#129);
#129 = AXIS2_PLACEMENT_3D('',#130,#131,#132);
#130 = CARTESIAN_POINT('',(313.,90.,-5.));
#131 = DIRECTION('',(-0.,1.,0.));
#132 = DIRECTION('',(0.,0.,1.));
#133 = DEFINITIONAL_REPRESENTATION('',(#134),#138);
#134 = LINE('',#135,#136);
#135 = CARTESIAN_POINT('',(0.,0.));
#136 = VECTOR('',#137,1.);
#137 = DIRECTION('',(1.,0.));
#138 = ( GEOMETRIC_REPRESENTATION_CONTEXT(2) 
PARAMETRIC_REPRESENTATION_CONTEXT() REPRESENTATION_CONTEXT('2D SPACE',''
  ) );
#139 = ORIENTED_EDGE('',*,*,#140,.T.);
#140 = EDGE_CURVE('',#113,#141,#143,.T.);
#141 = VERTEX_POINT('',#142);
#142 = CARTESIAN_POINT('',(313.,37.,0.));
#143 = SURFACE_CURVE('',#144,(#148,#155),.PCURVE_S1.);
#144 = LINE('',#145,#146);
#145 = CARTESIAN_POINT('',(313.,90.,0.));
#146 = VECTOR('',#147,1.);
#147 = DIRECTION('',(0.,-1.,0.));
#148 = PCURVE('',#32,#149);
#149 = DEFINITIONAL_REPRESENTATION('',(#150),#154);
#150 = LINE('',#151,#152);
#151 = CARTESIAN_POINT('',(5.,-136.4866683791));
#152 = VECTOR('',#153,1.);
#153 = DIRECTION('',(0.,1.));
#154 = ( GEOMETRIC_REPRESENTATION_CONTEXT(2) 
PARAMETRIC_REPRESENTATION_CONTEXT() REPRESENTATION_CONTEXT('2D SPACE',''
  ) );
#155 = PCURVE('',#156,#161);
#156 = PLANE('',#157);
#157 = AXIS2_PLACEMENT_3D('',#158,#159,#160);
#158 = CARTESIAN_POINT('',(305.,37.,0.));
#159 = DIRECTION('',(0.,0.,1.));
#160 = DIRECTION('',(1.,0.,-0.));
#161 = DEFINITIONAL_REPRESENTATION('',(#162),#166);
#162 = LINE('',#163,#164);
#163 = CARTESIAN_POINT('',(8.,53.));
#164 = VECTOR('',#165,1.);
#165 = DIRECTION('',(0.,-1.));
#166 = ( GEOMETRIC_REPRESENTATION_CONTEXT(2) 
PARAMETRIC_REPRESENTATION_CONTEXT() REPRESENTATION_CONTEXT('2D SPACE',''
  ) );
#167 = ORIENTED_EDGE('',*,*,#168,.T.);
#168 = EDGE_CURVE('',#141,#169,#171,.T.);
#169 = VERTEX_POINT('',#170);
#170 = CARTESIAN_POINT('',(313.,37.,6.));
#171 = SURFACE_CURVE('',#172,(#176,#183),.PCURVE_S1.);
#172 = LINE('',#173,#174);
#173 = CARTESIAN_POINT('',(313.,37.,0.));
#174 = VECTOR('',#175,1.);
#175 = DIRECTION('',(0.,0.,1.));
#176 = PCURVE('',#32,#177);
#177 = DEFINITIONAL_REPRESENTATION('',(#178),#182);
#178 = LINE('',#179,#180);
#179 = CARTESIAN_POINT('',(5.,-83.48666837911));
#180 = VECTOR('',#181,1.);
#181 = DIRECTION('',(1.,0.));
#182 = ( GEOMETRIC_REPRESENTATION_CONTEXT(2) 
PARAMETRIC_REPRESENTATION_CONTEXT() REPRESENTATION_CONTEXT('2D SPACE',''
  ) );
#183 = PCURVE('',#184,#189);
#184 = PLANE('',#185);
#185 = AXIS2_PLACEMENT_3D('',#186,#187,#188);
#186 = CARTESIAN_POINT('',(305.,37.,0.));
#187 = DIRECTION('',(-0.,1.,0.));
#188 = DIRECTION('',(0.,0.,1.));
#189 = DEFINITIONAL_REPRESENTATION('',(#190),#194);
#190 = LINE('',#191,#192);
#191 = CARTESIAN_POINT('',(0.,8.));
#192 = VECTOR('',#193,1.);
#193 = DIRECTION('',(1.,0.));
#194 = ( GEOMETRIC_REPRESENTATION_CONTEXT(2) 
PARAMETRIC_REPRESENTATION_CONTEXT() REPRESENTATION_CONTEXT('2D SPACE',''
  ) );
#195 = ORIENTED_EDGE('',*,*,#196,.T.);
#196 = EDGE_CURVE('',#169,#197,#199,.T.);
#197 = VERTEX_POINT('',#198);
#198 = CARTESIAN_POINT('',(313.,80.,6.));
#199 = SURFACE_CURVE('',#200,(#204,#211),.PCURVE_S1.);
#200 = LINE('',#201,#202);
#201 = CARTESIAN_POINT('',(313.,37.,6.));
#202 = VECTOR('',#203,1.);
#203 = DIRECTION('',(-0.,1.,0.));
#204 = PCURVE('',#32,#205);
#205 = DEFINITIONAL_REPRESENTATION('',(#206),#210);
#206 = LINE('',#207,#208);
#207 = CARTESIAN_POINT('',(11.,-83.48666837911));
#208 = VECTOR('',#209,1.);
#209 = DIRECTION('',(0.,-1.));
#210 = ( GEOMETRIC_REPRESENTATION_CONTEXT(2) 
PARAMETRIC_REPRESENTATION_CONTEXT() REPRESENTATION_CONTEXT('2D SPACE',''
  ) );
#211 = PCURVE('',#212,#217);
#212 = PLANE('',#213);
#213 = AXIS2_PLACEMENT_3D('',#214,#215,#216);
#214 = CARTESIAN_POINT('',(305.,37.,6.));
#215 = DIRECTION('',(0.,0.,1.));
#216 = DIRECTION('',(1.,0.,-0.));
#217 = DEFINITIONAL_REPRESENTATION('',(#218),#222);
#218 = LINE('',#219,#220);
#219 = CARTESIAN_POINT('',(8.,0.));
#220 = VECTOR('',#221,1.);
#221 = DIRECTION('',(0.,1.));
#222 = ( GEOMETRIC_REPRESENTATION_CONTEXT(2) 
PARAMETRIC_REPRESENTATION_CONTEXT() REPRESENTATION_CONTEXT('2D SPACE',''
  ) );
#223 = ORIENTED_EDGE('',*,*,#224,.T.);
#224 = EDGE_CURVE('',#197,#225,#227,.T.);
#225 = VERTEX_POINT('',#226);
#226 = CARTESIAN_POINT('',(313.,80.,95.5));
#227 = SURFACE_CURVE('',#228,(#232,#239),.PCURVE_S1.);
#228 = LINE('',#229,#230);
#229 = CARTESIAN_POINT('',(313.,80.,0.));
#230 = VECTOR('',#231,1.);
#231 = DIRECTION('',(0.,0.,1.));
#232 = PCURVE('',#32,#233);
#233 = DEFINITIONAL_REPRESENTATION('',(#234),#238);
#234 = LINE('',#235,#236);
#235 = CARTESIAN_POINT('',(5.,-126.4866683791));
#236 = VECTOR('',#237,1.);
#237 = DIRECTION('',(1.,0.));
#238 = ( GEOMETRIC_REPRESENTATION_CONTEXT(2) 
PARAMETRIC_REPRESENTATION_CONTEXT() REPRESENTATION_CONTEXT('2D SPACE',''
  ) );
#239 = PCURVE('',#240,#245);
#240 = PLANE('',#241);
#241 = AXIS2_PLACEMENT_3D('',#242,#243,#244);
#242 = CARTESIAN_POINT('',(305.,80.,0.));
#243 = DIRECTION('',(-0.,1.,0.));
#244 = DIRECTION('',(0.,0.,1.));
#245 = DEFINITIONAL_REPRESENTATION('',(#246),#250);
#246 = LINE('',#247,#248);
#247 = CARTESIAN_POINT('',(0.,8.));
#248 = VECTOR('',#249,1.);
#249 = DIRECTION('',(1.,0.));
#250 = ( GEOMETRIC_REPRESENTATION_CONTEXT(2) 
PARAMETRIC_REPRESENTATION_CONTEXT() REPRESENTATION_CONTEXT('2D SPACE',''
  ) );
#251 = ORIENTED_EDGE('',*,*,#252,.F.);
#252 = EDGE_CURVE('',#253,#225,#255,.T.);
#253 = VERTEX_POINT('',#254);
#254 = CARTESIAN_POINT('',(313.,37.,95.5));
#255 = SURFACE_CURVE('',#256,(#260,#267),.PCURVE_S1.);
#256 = LINE('',#257,#258);
#257 = CARTESIAN_POINT('',(313.,37.,95.5));
#258 = VECTOR('',#259,1.);
#259 = DIRECTION('',(-0.,1.,0.));
#260 = PCURVE('',#32,#261);
#261 = DEFINITIONAL_REPRESENTATION('',(#262),#266);
#262 = LINE('',#263,#264);
#263 = CARTESIAN_POINT('',(100.5,-83.48666837911));
#264 = VECTOR('',#265,1.);
#265 = DIRECTION('',(0.,-1.));
#266 = ( GEOMETRIC_REPRESENTATION_CONTEXT(2) 
PARAMETRIC_REPRESENTATION_CONTEXT() REPRESENTATION_CONTEXT('2D SPACE',''
  ) );
#267 = PCURVE('',#268,#273);
#268 = PLANE('',#269);
#269 = AXIS2_PLACEMENT_3D('',#270,#271,#272);
#270 = CARTESIAN_POINT('',(305.,37.,95.5));
#271 = DIRECTION('',(0.,0.,1.));
#272 = DIRECTION('',(1.,0.,-0.));
#273 = DEFINITIONAL_REPRESENTATION('',(#274),#278);
#274 = LINE('',#275,#276);
#275 = CARTESIAN_POINT('',(8.,0.));
#276 = VECTOR('',#277,1.);
#277 = DIRECTION('',(0.,1.));
#278 = ( GEOMETRIC_REPRESENTATION_CONTEXT(2) 
PARAMETRIC_REPRESENTATION_CONTEXT() REPRESENTATION_CONTEXT('2D SPACE',''
  ) );
#279 = ORIENTED_EDGE('',*,*,#280,.T.);
#280 = EDGE_CURVE('',#253,#281,#283,.T.);
#281 = VERTEX_POINT('',#282);
#282 = CARTESIAN_POINT('',(313.,37.,101.5));
#283 = SURFACE_CURVE('',#284,(#288,#295),.PCURVE_S1.);
#284 = LINE('',#285,#286);
#285 = CARTESIAN_POINT('',(313.,37.,95.5));
#286 = VECTOR('',#287,1.);
#287 = DIRECTION('',(0.,0.,1.));
#288 = PCURVE('',#32,#289);
#289 = DEFINITIONAL_REPRESENTATION('',(#290),#294);
#290 = LINE('',#291,#292);
#291 = CARTESIAN_POINT('',(100.5,-83.48666837911));
#292 = VECTOR('',#293,1.);
#293 = DIRECTION('',(1.,0.));
#294 = ( GEOMETRIC_REPRESENTATION_CONTEXT(2) 
PARAMETRIC_REPRESENTATION_CONTEXT() REPRESENTATION_CONTEXT('2D SPACE',''
  ) );
#295 = PCURVE('',#296,#301);
#296 = PLANE('',#297);
#297 = AXIS2_PLACEMENT_3D('',#298,#299,#300);
#298 = CARTESIAN_POINT('',(305.,37.,95.5));
#299 = DIRECTION('',(-0.,1.,0.));
#300 = DIRECTION('',(0.,0.,1.));
#301 = DEFINITIONAL_REPRESENTATION('',(#302),#306);
#302 = LINE('',#303,#304);
#303 = CARTESIAN_POINT('',(0.,8.));
#304 = VECTOR('',#305,1.);
#305 = DIRECTION('',(1.,0.));
#306 = ( GEOMETRIC_REPRESENTATION_CONTEXT(2) 
PARAMETRIC_REPRESENTATION_CONTEXT() REPRESENTATION_CONTEXT('2D SPACE',''
  ) );
#307 = ORIENTED_EDGE('',*,*,#308,.F.);
#308 = EDGE_CURVE('',#309,#281,#311,.T.);
#309 = VERTEX_POINT('',#310);
#310 = CARTESIAN_POINT('',(313.,90.,101.5));
#311 = SURFACE_CURVE('',#312,(#316,#323),.PCURVE_S1.);
#312 = LINE('',#313,#314);
#313 = CARTESIAN_POINT('',(313.,90.,101.5));
#314 = VECTOR('',#315,1.);
#315 = DIRECTION('',(0.,-1.,0.));
#316 = PCURVE('',#32,#317);
#317 = DEFINITIONAL_REPRESENTATION('',(#318),#322);
#318 = LINE('',#319,#320);
#319 = CARTESIAN_POINT('',(106.5,-136.4866683791));
#320 = VECTOR('',#321,1.);
#321 = DIRECTION('',(0.,1.));
#322 = ( GEOMETRIC_REPRESENTATION_CONTEXT(2) 
PARAMETRIC_REPRESENTATION_CONTEXT() REPRESENTATION_CONTEXT('2D SPACE',''
  ) );
#323 = PCURVE('',#324,#329);
#324 = PLANE('',#325);
#325 = AXIS2_PLACEMENT_3D('',#326,#327,#328);
#326 = CARTESIAN_POINT('',(305.,37.,101.5));
#327 = DIRECTION('',(0.,0.,1.));
#328 = DIRECTION('',(1.,0.,-0.));
#329 = DEFINITIONAL_REPRESENTATION('',(#330),#334);
#330 = LINE('',#331,#332);
#331 = CARTESIAN_POINT('',(8.,53.));
#332 = VECTOR('',#333,1.);
#333 = DIRECTION('',(0.,-1.));
#334 = ( GEOMETRIC_REPRESENTATION_CONTEXT(2) 
PARAMETRIC_REPRESENTATION_CONTEXT() REPRESENTATION_CONTEXT('2D SPACE',''
  ) );
#335 = ORIENTED_EDGE('',*,*,#336,.T.);
#336 = EDGE_CURVE('',#309,#24,#337,.T.);
#337 = SURFACE_CURVE('',#338,(#342,#349),.PCURVE_S1.);
#338 = LINE('',#339,#340);
#339 = CARTESIAN_POINT('',(313.,90.,-5.));
#340 = VECTOR('',#341,1.);
#341 = DIRECTION('',(0.,0.,1.));
#342 = PCURVE('',#32,#343);
#343 = DEFINITIONAL_REPRESENTATION('',(#344),#348);
#344 = LINE('',#345,#346);
#345 = CARTESIAN_POINT('',(0.,-136.4866683791));
#346 = VECTOR('',#347,1.);
#347 = DIRECTION('',(1.,0.));
#348 = ( GEOMETRIC_REPRESENTATION_CONTEXT(2) 
PARAMETRIC_REPRESENTATION_CONTEXT() REPRESENTATION_CONTEXT('2D SPACE',''
  ) );
#349 = PCURVE('',#128,#350);
#350 = DEFINITIONAL_REPRESENTATION('',(#351),#355);
#351 = LINE('',#352,#353);
#352 = CARTESIAN_POINT('',(0.,0.));
#353 = VECTOR('',#354,1.);
#354 = DIRECTION('',(1.,0.));
#355 = ( GEOMETRIC_REPRESENTATION_CONTEXT(2) 
PARAMETRIC_REPRESENTATION_CONTEXT() REPRESENTATION_CONTEXT('2D SPACE',''
  ) );
#356 = FACE_BOUND('',#357,.F.);
#357 = EDGE_LOOP('',(#358,#388,#416,#444));
#358 = ORIENTED_EDGE('',*,*,#359,.F.);
#359 = EDGE_CURVE('',#360,#362,#364,.T.);
#360 = VERTEX_POINT('',#361);
#361 = CARTESIAN_POINT('',(313.,-27.3,0.));
#362 = VERTEX_POINT('',#363);
#363 = CARTESIAN_POINT('',(313.,-27.3,6.));
#364 = SURFACE_CURVE('',#365,(#369,#376),.PCURVE_S1.);
#365 = LINE('',#366,#367);
#366 = CARTESIAN_POINT('',(313.,-27.3,0.));
#367 = VECTOR('',#368,1.);
#368 = DIRECTION('',(0.,0.,1.));
#369 = PCURVE('',#32,#370);
#370 = DEFINITIONAL_REPRESENTATION('',(#371),#375);
#371 = LINE('',#372,#373);
#372 = CARTESIAN_POINT('',(5.,-19.18666837911));
#373 = VECTOR('',#374,1.);
#374 = DIRECTION('',(1.,0.));
#375 = ( GEOMETRIC_REPRESENTATION_CONTEXT(2) 
PARAMETRIC_REPRESENTATION_CONTEXT() REPRESENTATION_CONTEXT('2D SPACE',''
  ) );
#376 = PCURVE('',#377,#382);
#377 = PLANE('',#378);
#378 = AXIS2_PLACEMENT_3D('',#379,#380,#381);
#379 = CARTESIAN_POINT('',(305.,-27.3,0.));
#380 = DIRECTION('',(-0.,1.,0.));
#381 = DIRECTION('',(0.,0.,1.));
#382 = DEFINITIONAL_REPRESENTATION('',(#383),#387);
#383 = LINE('',#384,#385);
#384 = CARTESIAN_POINT('',(0.,8.));
#385 = VECTOR('',#386,1.);
#386 = DIRECTION('',(1.,0.));
#387 = ( GEOMETRIC_REPRESENTATION_CONTEXT(2) 
PARAMETRIC_REPRESENTATION_CONTEXT() REPRESENTATION_CONTEXT('2D SPACE',''
  ) );
#388 = ORIENTED_EDGE('',*,*,#389,.F.);
#389 = EDGE_CURVE('',#390,#360,#392,.T.);
#390 = VERTEX_POINT('',#391);
#391 = CARTESIAN_POINT('',(313.,-37.99666837911,0.));
#392 = SURFACE_CURVE('',#393,(#397,#404),.PCURVE_S1.);
#393 = LINE('',#394,#395);
#394 = CARTESIAN_POINT('',(313.,-37.99666837911,0.));
#395 = VECTOR('',#396,1.);
#396 = DIRECTION('',(-0.,1.,0.));
#397 = PCURVE('',#32,#398);
#398 = DEFINITIONAL_REPRESENTATION('',(#399),#403);
#399 = LINE('',#400,#401);
#400 = CARTESIAN_POINT('',(5.,-8.49));
#401 = VECTOR('',#402,1.);
#402 = DIRECTION('',(0.,-1.));
#403 = ( GEOMETRIC_REPRESENTATION_CONTEXT(2) 
PARAMETRIC_REPRESENTATION_CONTEXT() REPRESENTATION_CONTEXT('2D SPACE',''
  ) );
#404 = PCURVE('',#405,#410);
#405 = PLANE('',#406);
#406 = AXIS2_PLACEMENT_3D('',#407,#408,#409);
#407 = CARTESIAN_POINT('',(305.,-37.99666837911,0.));
#408 = DIRECTION('',(0.,0.,1.));
#409 = DIRECTION('',(1.,0.,-0.));
#410 = DEFINITIONAL_REPRESENTATION('',(#411),#415);
#411 = LINE('',#412,#413);
#412 = CARTESIAN_POINT('',(8.,0.));
#413 = VECTOR('',#414,1.);
#414 = DIRECTION('',(0.,1.));
#415 = ( GEOMETRIC_REPRESENTATION_CONTEXT(2) 
PARAMETRIC_REPRESENTATION_CONTEXT() REPRESENTATION_CONTEXT('2D SPACE',''
  ) );
#416 = ORIENTED_EDGE('',*,*,#417,.T.);
#417 = EDGE_CURVE('',#390,#418,#420,.T.);
#418 = VERTEX_POINT('',#419);
#419 = CARTESIAN_POINT('',(313.,-37.99666837911,6.));
#420 = SURFACE_CURVE('',#421,(#425,#432),.PCURVE_S1.);
#421 = LINE('',#422,#423);
#422 = CARTESIAN_POINT('',(313.,-37.99666837911,0.));
#423 = VECTOR('',#424,1.);
#424 = DIRECTION('',(0.,0.,1.));
#425 = PCURVE('',#32,#426);
#426 = DEFINITIONAL_REPRESENTATION('',(#427),#431);
#427 = LINE('',#428,#429);
#428 = CARTESIAN_POINT('',(5.,-8.49));
#429 = VECTOR('',#430,1.);
#430 = DIRECTION('',(1.,0.));
#431 = ( GEOMETRIC_REPRESENTATION_CONTEXT(2) 
PARAMETRIC_REPRESENTATION_CONTEXT() REPRESENTATION_CONTEXT('2D SPACE',''
  ) );
#432 = PCURVE('',#433,#438);
#433 = PLANE('',#434);
#434 = AXIS2_PLACEMENT_3D('',#435,#436,#437);
#435 = CARTESIAN_POINT('',(305.,-37.99666837911,0.));
#436 = DIRECTION('',(-0.,1.,0.));
#437 = DIRECTION('',(0.,0.,1.));
#438 = DEFINITIONAL_REPRESENTATION('',(#439),#443);
#439 = LINE('',#440,#441);
#440 = CARTESIAN_POINT('',(0.,8.));
#441 = VECTOR('',#442,1.);
#442 = DIRECTION('',(1.,0.));
#443 = ( GEOMETRIC_REPRESENTATION_CONTEXT(2) 
PARAMETRIC_REPRESENTATION_CONTEXT() REPRESENTATION_CONTEXT('2D SPACE',''
  ) );
#444 = ORIENTED_EDGE('',*,*,#445,.T.);
#445 = EDGE_CURVE('',#418,#362,#446,.T.);
#446 = SURFACE_CURVE('',#447,(#451,#458),.PCURVE_S1.);
#447 = LINE('',#448,#449);
#448 = CARTESIAN_POINT('',(313.,-37.99666837911,6.));
#449 = VECTOR('',#450,1.);
#450 = DIRECTION('',(-0.,1.,0.));
#451 = PCURVE('',#32,#452);
#452 = DEFINITIONAL_REPRESENTATION('',(#453),#457);
#453 = LINE('',#454,#455);
#454 = CARTESIAN_POINT('',(11.,-8.49));
#455 = VECTOR('',#456,1.);
#456 = DIRECTION('',(0.,-1.));
#457 = ( GEOMETRIC_REPRESENTATION_CONTEXT(2) 
PARAMETRIC_REPRESENTATION_CONTEXT() REPRESENTATION_CONTEXT('2D SPACE',''
  ) );
#458 = PCURVE('',#459,#464);
#459 = PLANE('',#460);
#460 = AXIS2_PLACEMENT_3D('',#461,#462,#463);
#461 = CARTESIAN_POINT('',(305.,-37.99666837911,6.));
#462 = DIRECTION('',(0.,0.,1.));
#463 = DIRECTION('',(1.,0.,-0.));
#464 = DEFINITIONAL_REPRESENTATION('',(#465),#469);
#465 = LINE('',#466,#467);
#466 = CARTESIAN_POINT('',(8.,0.));
#467 = VECTOR('',#468,1.);
#468 = DIRECTION('',(0.,1.));
#469 = ( GEOMETRIC_REPRESENTATION_CONTEXT(2) 
PARAMETRIC_REPRESENTATION_CONTEXT() REPRESENTATION_CONTEXT('2D SPACE',''
  ) );
#470 = FACE_BOUND('',#471,.F.);
#471 = EDGE_LOOP('',(#472,#502,#530,#558));
#472 = ORIENTED_EDGE('',*,*,#473,.F.);
#473 = EDGE_CURVE('',#474,#476,#478,.T.);
#474 = VERTEX_POINT('',#475);
#475 = CARTESIAN_POINT('',(313.,-27.3,95.5));
#476 = VERTEX_POINT('',#477);
#477 = CARTESIAN_POINT('',(313.,-27.3,101.5));
#478 = SURFACE_CURVE('',#479,(#483,#490),.PCURVE_S1.);
#479 = LINE('',#480,#481);
#480 = CARTESIAN_POINT('',(313.,-27.3,95.5));
#481 = VECTOR('',#482,1.);
#482 = DIRECTION('',(0.,0.,1.));
#483 = PCURVE('',#32,#484);
#484 = DEFINITIONAL_REPRESENTATION('',(#485),#489);
#485 = LINE('',#486,#487);
#486 = CARTESIAN_POINT('',(100.5,-19.18666837911));
#487 = VECTOR('',#488,1.);
#488 = DIRECTION('',(1.,0.));
#489 = ( GEOMETRIC_REPRESENTATION_CONTEXT(2) 
PARAMETRIC_REPRESENTATION_CONTEXT() REPRESENTATION_CONTEXT('2D SPACE',''
  ) );
#490 = PCURVE('',#491,#496);
#491 = PLANE('',#492);
#492 = AXIS2_PLACEMENT_3D('',#493,#494,#495);
#493 = CARTESIAN_POINT('',(305.,-27.3,95.5));
#494 = DIRECTION('',(-0.,1.,0.));
#495 = DIRECTION('',(0.,0.,1.));
#496 = DEFINITIONAL_REPRESENTATION('',(#497),#501);
#497 = LINE('',#498,#499);
#498 = CARTESIAN_POINT('',(0.,8.));
#499 = VECTOR('',#500,1.);
#500 = DIRECTION('',(1.,0.));
#501 = ( GEOMETRIC_REPRESENTATION_CONTEXT(2) 
PARAMETRIC_REPRESENTATION_CONTEXT() REPRESENTATION_CONTEXT('2D SPACE',''
  ) );
#502 = ORIENTED_EDGE('',*,*,#503,.F.);
#503 = EDGE_CURVE('',#504,#474,#506,.T.);
#504 = VERTEX_POINT('',#505);
#505 = CARTESIAN_POINT('',(313.,-37.99666837911,95.5));
#506 = SURFACE_CURVE('',#507,(#511,#518),.PCURVE_S1.);
#507 = LINE('',#508,#509);
#508 = CARTESIAN_POINT('',(313.,-37.99666837911,95.5));
#509 = VECTOR('',#510,1.);
#510 = DIRECTION('',(-0.,1.,0.));
#511 = PCURVE('',#32,#512);
#512 = DEFINITIONAL_REPRESENTATION('',(#513),#517);
#513 = LINE('',#514,#515);
#514 = CARTESIAN_POINT('',(100.5,-8.49));
#515 = VECTOR('',#516,1.);
#516 = DIRECTION('',(0.,-1.));
#517 = ( GEOMETRIC_REPRESENTATION_CONTEXT(2) 
PARAMETRIC_REPRESENTATION_CONTEXT() REPRESENTATION_CONTEXT('2D SPACE',''
  ) );
#518 = PCURVE('',#519,#524);
#519 = PLANE('',#520);
#520 = AXIS2_PLACEMENT_3D('',#521,#522,#523);
#521 = CARTESIAN_POINT('',(305.,-37.99666837911,95.5));
#522 = DIRECTION('',(0.,0.,1.));
#523 = DIRECTION('',(1.,0.,-0.));
#524 = DEFINITIONAL_REPRESENTATION('',(#525),#529);
#525 = LINE('',#526,#527);
#526 = CARTESIAN_POINT('',(8.,0.));
#527 = VECTOR('',#528,1.);
#528 = DIRECTION('',(0.,1.));
#529 = ( GEOMETRIC_REPRESENTATION_CONTEXT(2) 
PARAMETRIC_REPRESENTATION_CONTEXT() REPRESENTATION_CONTEXT('2D SPACE',''
  ) );
#530 = ORIENTED_EDGE('',*,*,#531,.T.);
#531 = EDGE_CURVE('',#504,#532,#534,.T.);
#532 = VERTEX_POINT('',#533);
#533 = CARTESIAN_POINT('',(313.,-37.99666837911,101.5));
#534 = SURFACE_CURVE('',#535,(#539,#546),.PCURVE_S1.);
#535 = LINE('',#536,#537);
#536 = CARTESIAN_POINT('',(313.,-37.99666837911,95.5));
#537 = VECTOR('',#538,1.);
#538 = DIRECTION('',(0.,0.,1.));
#539 = PCURVE('',#32,#540);
#540 = DEFINITIONAL_REPRESENTATION('',(#541),#545);
#541 = LINE('',#542,#543);
#542 = CARTESIAN_POINT('',(100.5,-8.49));
#543 = VECTOR('',#544,1.);
#544 = DIRECTION('',(1.,0.));
#545 = ( GEOMETRIC_REPRESENTATION_CONTEXT(2) 
PARAMETRIC_REPRESENTATION_CONTEXT() REPRESENTATION_CONTEXT('2D SPACE',''
  ) );
#546 = PCURVE('',#547,#552);
#547 = PLANE('',#548);
#548 = AXIS2_PLACEMENT_3D('',#549,#550,#551);
#549 = CARTESIAN_POINT('',(305.,-37.99666837911,95.5));
#550 = DIRECTION('',(-0.,1.,0.));
#551 = DIRECTION('',(0.,0.,1.));
#552 = DEFINITIONAL_REPRESENTATION('',(#553),#557);
#553 = LINE('',#554,#555);
#554 = CARTESIAN_POINT('',(0.,8.));
#555 = VECTOR('',#556,1.);
#556 = DIRECTION('',(1.,0.));
#557 = ( GEOMETRIC_REPRESENTATION_CONTEXT(2) 
PARAMETRIC_REPRESENTATION_CONTEXT() REPRESENTATION_CONTEXT('2D SPACE',''
  ) );
#558 = ORIENTED_EDGE('',*,*,#559,.T.);
#559 = EDGE_CURVE('',#532,#476,#560,.T.);
#560 = SURFACE_CURVE('',#561,(#565,#572),.PCURVE_S1.);
#561 = LINE('',#562,#563);
#562 = CARTESIAN_POINT('',(313.,-37.99666837911,101.5));
#563 = VECTOR('',#564,1.);
#564 = DIRECTION('',(-0.,1.,0.));
#565 = PCURVE('',#32,#566);
#566 = DEFINITIONAL_REPRESENTATION('',(#567),#571);
#567 = LINE('',#568,#569);
#568 = CARTESIAN_POINT('',(106.5,-8.49));
#569 = VECTOR('',#570,1.);
#570 = DIRECTION('',(0.,-1.));
#571 = ( GEOMETRIC_REPRESENTATION_CONTEXT(2) 
PARAMETRIC_REPRESENTATION_CONTEXT() REPRESENTATION_CONTEXT('2D SPACE',''
  ) );
#572 = PCURVE('',#573,#578);
#573 = PLANE('',#574);
#574 = AXIS2_PLACEMENT_3D('',#575,#576,#577);
#575 = CARTESIAN_POINT('',(305.,-37.99666837911,101.5));
#576 = DIRECTION('',(0.,0.,1.));
#577 = DIRECTION('',(1.,0.,-0.));
#578 = DEFINITIONAL_REPRESENTATION('',(#579),#583);
#579 = LINE('',#580,#581);
#580 = CARTESIAN_POINT('',(8.,0.));
#581 = VECTOR('',#582,1.);
#582 = DIRECTION('',(0.,1.));
#583 = ( GEOMETRIC_REPRESENTATION_CONTEXT(2) 
PARAMETRIC_REPRESENTATION_CONTEXT() REPRESENTATION_CONTEXT('2D SPACE',''
  ) );
#584 = ADVANCED_FACE('',(#585),#44,.T.);
#585 = FACE_BOUND('',#586,.T.);
#586 = EDGE_LOOP('',(#587,#588,#611,#639));
#587 = ORIENTED_EDGE('',*,*,#21,.F.);
#588 = ORIENTED_EDGE('',*,*,#589,.T.);
#589 = EDGE_CURVE('',#22,#590,#592,.T.);
#590 = VERTEX_POINT('',#591);
#591 = CARTESIAN_POINT('',(316.,-46.48666837911,104.5));
#592 = SURFACE_CURVE('',#593,(#597,#604),.PCURVE_S1.);
#593 = LINE('',#594,#595);
#594 = CARTESIAN_POINT('',(313.,-46.48666837911,104.5));
#595 = VECTOR('',#596,1.);
#596 = DIRECTION('',(1.,0.,-0.));
#597 = PCURVE('',#44,#598);
#598 = DEFINITIONAL_REPRESENTATION('',(#599),#603);
#599 = LINE('',#600,#601);
#600 = CARTESIAN_POINT('',(0.,0.));
#601 = VECTOR('',#602,1.);
#602 = DIRECTION('',(1.,0.));
#603 = ( GEOMETRIC_REPRESENTATION_CONTEXT(2) 
PARAMETRIC_REPRESENTATION_CONTEXT() REPRESENTATION_CONTEXT('2D SPACE',''
  ) );
#604 = PCURVE('',#72,#605);
#605 = DEFINITIONAL_REPRESENTATION('',(#606),#610);
#606 = LINE('',#607,#608);
#607 = CARTESIAN_POINT('',(109.5,0.));
#608 = VECTOR('',#609,1.);
#609 = DIRECTION('',(0.,1.));
#610 = ( GEOMETRIC_REPRESENTATION_CONTEXT(2) 
PARAMETRIC_REPRESENTATION_CONTEXT() REPRESENTATION_CONTEXT('2D SPACE',''
  ) );
#611 = ORIENTED_EDGE('',*,*,#612,.T.);
#612 = EDGE_CURVE('',#590,#613,#615,.T.);
#613 = VERTEX_POINT('',#614);
#614 = CARTESIAN_POINT('',(316.,90.,104.5));
#615 = SURFACE_CURVE('',#616,(#620,#627),.PCURVE_S1.);
#616 = LINE('',#617,#618);
#617 = CARTESIAN_POINT('',(316.,-46.48666837911,104.5));
#618 = VECTOR('',#619,1.);
#619 = DIRECTION('',(-0.,1.,0.));
#620 = PCURVE('',#44,#621);
#621 = DEFINITIONAL_REPRESENTATION('',(#622),#626);
#622 = LINE('',#623,#624);
#623 = CARTESIAN_POINT('',(3.,0.));
#624 = VECTOR('',#625,1.);
#625 = DIRECTION('',(0.,1.));
#626 = ( GEOMETRIC_REPRESENTATION_CONTEXT(2) 
PARAMETRIC_REPRESENTATION_CONTEXT() REPRESENTATION_CONTEXT('2D SPACE',''
  ) );
#627 = PCURVE('',#628,#633);
#628 = PLANE('',#629);
#629 = AXIS2_PLACEMENT_3D('',#630,#631,#632);
#630 = CARTESIAN_POINT('',(316.,-46.48666837911,-5.));
#631 = DIRECTION('',(1.,0.,-0.));
#632 = DIRECTION('',(0.,0.,1.));
#633 = DEFINITIONAL_REPRESENTATION('',(#634),#638);
#634 = LINE('',#635,#636);
#635 = CARTESIAN_POINT('',(109.5,0.));
#636 = VECTOR('',#637,1.);
#637 = DIRECTION('',(0.,-1.));
#638 = ( GEOMETRIC_REPRESENTATION_CONTEXT(2) 
PARAMETRIC_REPRESENTATION_CONTEXT() REPRESENTATION_CONTEXT('2D SPACE',''
  ) );
#639 = ORIENTED_EDGE('',*,*,#640,.F.);
#640 = EDGE_CURVE('',#24,#613,#641,.T.);
#641 = SURFACE_CURVE('',#642,(#646,#653),.PCURVE_S1.);
#642 = LINE('',#643,#644);
#643 = CARTESIAN_POINT('',(313.,90.,104.5));
#644 = VECTOR('',#645,1.);
#645 = DIRECTION('',(1.,0.,-0.));
#646 = PCURVE('',#44,#647);
#647 = DEFINITIONAL_REPRESENTATION('',(#648),#652);
#648 = LINE('',#649,#650);
#649 = CARTESIAN_POINT('',(0.,136.48666837911));
#650 = VECTOR('',#651,1.);
#651 = DIRECTION('',(1.,0.));
#652 = ( GEOMETRIC_REPRESENTATION_CONTEXT(2) 
PARAMETRIC_REPRESENTATION_CONTEXT() REPRESENTATION_CONTEXT('2D SPACE',''
  ) );
#653 = PCURVE('',#128,#654);
#654 = DEFINITIONAL_REPRESENTATION('',(#655),#659);
#655 = LINE('',#656,#657);
#656 = CARTESIAN_POINT('',(109.5,0.));
#657 = VECTOR('',#658,1.);
#658 = DIRECTION('',(0.,1.));
#659 = ( GEOMETRIC_REPRESENTATION_CONTEXT(2) 
PARAMETRIC_REPRESENTATION_CONTEXT() REPRESENTATION_CONTEXT('2D SPACE',''
  ) );
#660 = ADVANCED_FACE('',(#661,#782,#813),#128,.T.);
#661 = FACE_BOUND('',#662,.T.);
#662 = EDGE_LOOP('',(#663,#686,#687,#710,#738,#759,#760,#761));
#663 = ORIENTED_EDGE('',*,*,#664,.F.);
#664 = EDGE_CURVE('',#85,#665,#667,.T.);
#665 = VERTEX_POINT('',#666);
#666 = CARTESIAN_POINT('',(316.,90.,-5.));
#667 = SURFACE_CURVE('',#668,(#672,#679),.PCURVE_S1.);
#668 = LINE('',#669,#670);
#669 = CARTESIAN_POINT('',(313.,90.,-5.));
#670 = VECTOR('',#671,1.);
#671 = DIRECTION('',(1.,0.,-0.));
#672 = PCURVE('',#128,#673);
#673 = DEFINITIONAL_REPRESENTATION('',(#674),#678);
#674 = LINE('',#675,#676);
#675 = CARTESIAN_POINT('',(0.,0.));
#676 = VECTOR('',#677,1.);
#677 = DIRECTION('',(0.,1.));
#678 = ( GEOMETRIC_REPRESENTATION_CONTEXT(2) 
PARAMETRIC_REPRESENTATION_CONTEXT() REPRESENTATION_CONTEXT('2D SPACE',''
  ) );
#679 = PCURVE('',#100,#680);
#680 = DEFINITIONAL_REPRESENTATION('',(#681),#685);
#681 = LINE('',#682,#683);
#682 = CARTESIAN_POINT('',(0.,136.48666837911));
#683 = VECTOR('',#684,1.);
#684 = DIRECTION('',(1.,0.));
#685 = ( GEOMETRIC_REPRESENTATION_CONTEXT(2) 
PARAMETRIC_REPRESENTATION_CONTEXT() REPRESENTATION_CONTEXT('2D SPACE',''
  ) );
#686 = ORIENTED_EDGE('',*,*,#112,.T.);
#687 = ORIENTED_EDGE('',*,*,#688,.F.);
#688 = EDGE_CURVE('',#689,#113,#691,.T.);
#689 = VERTEX_POINT('',#690);
#690 = CARTESIAN_POINT('',(305.,90.,0.));
#691 = SURFACE_CURVE('',#692,(#696,#703),.PCURVE_S1.);
#692 = LINE('',#693,#694);
#693 = CARTESIAN_POINT('',(305.,90.,0.));
#694 = VECTOR('',#695,1.);
#695 = DIRECTION('',(1.,0.,-0.));
#696 = PCURVE('',#128,#697);
#697 = DEFINITIONAL_REPRESENTATION('',(#698),#702);
#698 = LINE('',#699,#700);
#699 = CARTESIAN_POINT('',(5.,-8.));
#700 = VECTOR('',#701,1.);
#701 = DIRECTION('',(0.,1.));
#702 = ( GEOMETRIC_REPRESENTATION_CONTEXT(2) 
PARAMETRIC_REPRESENTATION_CONTEXT() REPRESENTATION_CONTEXT('2D SPACE',''
  ) );
#703 = PCURVE('',#156,#704);
#704 = DEFINITIONAL_REPRESENTATION('',(#705),#709);
#705 = LINE('',#706,#707);
#706 = CARTESIAN_POINT('',(0.,53.));
#707 = VECTOR('',#708,1.);
#708 = DIRECTION('',(1.,0.));
#709 = ( GEOMETRIC_REPRESENTATION_CONTEXT(2) 
PARAMETRIC_REPRESENTATION_CONTEXT() REPRESENTATION_CONTEXT('2D SPACE',''
  ) );
#710 = ORIENTED_EDGE('',*,*,#711,.F.);
#711 = EDGE_CURVE('',#712,#689,#714,.T.);
#712 = VERTEX_POINT('',#713);
#713 = CARTESIAN_POINT('',(305.,90.,101.5));
#714 = SURFACE_CURVE('',#715,(#719,#726),.PCURVE_S1.);
#715 = LINE('',#716,#717);
#716 = CARTESIAN_POINT('',(305.,90.,101.5));
#717 = VECTOR('',#718,1.);
#718 = DIRECTION('',(0.,0.,-1.));
#719 = PCURVE('',#128,#720);
#720 = DEFINITIONAL_REPRESENTATION('',(#721),#725);
#721 = LINE('',#722,#723);
#722 = CARTESIAN_POINT('',(106.5,-8.));
#723 = VECTOR('',#724,1.);
#724 = DIRECTION('',(-1.,0.));
#725 = ( GEOMETRIC_REPRESENTATION_CONTEXT(2) 
PARAMETRIC_REPRESENTATION_CONTEXT() REPRESENTATION_CONTEXT('2D SPACE',''
  ) );
#726 = PCURVE('',#727,#732);
#727 = PLANE('',#728);
#728 = AXIS2_PLACEMENT_3D('',#729,#730,#731);
#729 = CARTESIAN_POINT('',(305.,37.,0.));
#730 = DIRECTION('',(1.,0.,-0.));
#731 = DIRECTION('',(0.,0.,1.));
#732 = DEFINITIONAL_REPRESENTATION('',(#733),#737);
#733 = LINE('',#734,#735);
#734 = CARTESIAN_POINT('',(101.5,-53.));
#735 = VECTOR('',#736,1.);
#736 = DIRECTION('',(-1.,0.));
#737 = ( GEOMETRIC_REPRESENTATION_CONTEXT(2) 
PARAMETRIC_REPRESENTATION_CONTEXT() REPRESENTATION_CONTEXT('2D SPACE',''
  ) );
#738 = ORIENTED_EDGE('',*,*,#739,.T.);
#739 = EDGE_CURVE('',#712,#309,#740,.T.);
#740 = SURFACE_CURVE('',#741,(#745,#752),.PCURVE_S1.);
#741 = LINE('',#742,#743);
#742 = CARTESIAN_POINT('',(305.,90.,101.5));
#743 = VECTOR('',#744,1.);
#744 = DIRECTION('',(1.,0.,-0.));
#745 = PCURVE('',#128,#746);
#746 = DEFINITIONAL_REPRESENTATION('',(#747),#751);
#747 = LINE('',#748,#749);
#748 = CARTESIAN_POINT('',(106.5,-8.));
#749 = VECTOR('',#750,1.);
#750 = DIRECTION('',(0.,1.));
#751 = ( GEOMETRIC_REPRESENTATION_CONTEXT(2) 
PARAMETRIC_REPRESENTATION_CONTEXT() REPRESENTATION_CONTEXT('2D SPACE',''
  ) );
#752 = PCURVE('',#324,#753);
#753 = DEFINITIONAL_REPRESENTATION('',(#754),#758);
#754 = LINE('',#755,#756);
#755 = CARTESIAN_POINT('',(0.,53.));
#756 = VECTOR('',#757,1.);
#757 = DIRECTION('',(1.,0.));
#758 = ( GEOMETRIC_REPRESENTATION_CONTEXT(2) 
PARAMETRIC_REPRESENTATION_CONTEXT() REPRESENTATION_CONTEXT('2D SPACE',''
  ) );
#759 = ORIENTED_EDGE('',*,*,#336,.T.);
#760 = ORIENTED_EDGE('',*,*,#640,.T.);
#761 = ORIENTED_EDGE('',*,*,#762,.F.);
#762 = EDGE_CURVE('',#665,#613,#763,.T.);
#763 = SURFACE_CURVE('',#764,(#768,#775),.PCURVE_S1.);
#764 = LINE('',#765,#766);
#765 = CARTESIAN_POINT('',(316.,90.,-5.));
#766 = VECTOR('',#767,1.);
#767 = DIRECTION('',(0.,0.,1.));
#768 = PCURVE('',#128,#769);
#769 = DEFINITIONAL_REPRESENTATION('',(#770),#774);
#770 = LINE('',#771,#772);
#771 = CARTESIAN_POINT('',(0.,3.));
#772 = VECTOR('',#773,1.);
#773 = DIRECTION('',(1.,0.));
#774 = ( GEOMETRIC_REPRESENTATION_CONTEXT(2) 
PARAMETRIC_REPRESENTATION_CONTEXT() REPRESENTATION_CONTEXT('2D SPACE',''
  ) );
#775 = PCURVE('',#628,#776);
#776 = DEFINITIONAL_REPRESENTATION('',(#777),#781);
#777 = LINE('',#778,#779);
#778 = CARTESIAN_POINT('',(0.,-136.4866683791));
#779 = VECTOR('',#780,1.);
#780 = DIRECTION('',(1.,0.));
#781 = ( GEOMETRIC_REPRESENTATION_CONTEXT(2) 
PARAMETRIC_REPRESENTATION_CONTEXT() REPRESENTATION_CONTEXT('2D SPACE',''
  ) );
#782 = FACE_BOUND('',#783,.T.);
#783 = EDGE_LOOP('',(#784));
#784 = ORIENTED_EDGE('',*,*,#785,.F.);
#785 = EDGE_CURVE('',#786,#786,#788,.T.);
#786 = VERTEX_POINT('',#787);
#787 = CARTESIAN_POINT('',(310.325,90.,30.45));
#788 = SURFACE_CURVE('',#789,(#794,#801),.PCURVE_S1.);
#789 = CIRCLE('',#790,1.325);
#790 = AXIS2_PLACEMENT_3D('',#791,#792,#793);
#791 = CARTESIAN_POINT('',(309.,90.,30.45));
#792 = DIRECTION('',(0.,1.,2.22044604925E-16));
#793 = DIRECTION('',(1.,0.,-0.));
#794 = PCURVE('',#128,#795);
#795 = DEFINITIONAL_REPRESENTATION('',(#796),#800);
#796 = CIRCLE('',#797,1.325);
#797 = AXIS2_PLACEMENT_2D('',#798,#799);
#798 = CARTESIAN_POINT('',(35.45,-4.));
#799 = DIRECTION('',(0.,1.));
#800 = ( GEOMETRIC_REPRESENTATION_CONTEXT(2) 
PARAMETRIC_REPRESENTATION_CONTEXT() REPRESENTATION_CONTEXT('2D SPACE',''
  ) );
#801 = PCURVE('',#802,#807);
#802 = CYLINDRICAL_SURFACE('',#803,1.325);
#803 = AXIS2_PLACEMENT_3D('',#804,#805,#806);
#804 = CARTESIAN_POINT('',(309.,82.,30.45));
#805 = DIRECTION('',(0.,1.,2.22044604925E-16));
#806 = DIRECTION('',(1.,0.,-0.));
#807 = DEFINITIONAL_REPRESENTATION('',(#808),#812);
#808 = LINE('',#809,#810);
#809 = CARTESIAN_POINT('',(0.,8.));
#810 = VECTOR('',#811,1.);
#811 = DIRECTION('',(1.,0.));
#812 = ( GEOMETRIC_REPRESENTATION_CONTEXT(2) 
PARAMETRIC_REPRESENTATION_CONTEXT() REPRESENTATION_CONTEXT('2D SPACE',''
  ) );
#813 = FACE_BOUND('',#814,.T.);
#814 = EDGE_LOOP('',(#815));
#815 = ORIENTED_EDGE('',*,*,#816,.F.);
#816 = EDGE_CURVE('',#817,#817,#819,.T.);
#817 = VERTEX_POINT('',#818);
#818 = CARTESIAN_POINT('',(310.325,90.,71.05));
#819 = SURFACE_CURVE('',#820,(#825,#832),.PCURVE_S1.);
#820 = CIRCLE('',#821,1.325);
#821 = AXIS2_PLACEMENT_3D('',#822,#823,#824);
#822 = CARTESIAN_POINT('',(309.,90.,71.05));
#823 = DIRECTION('',(0.,1.,2.22044604925E-16));
#824 = DIRECTION('',(1.,0.,-0.));
#825 = PCURVE('',#128,#826);
#826 = DEFINITIONAL_REPRESENTATION('',(#827),#831);
#827 = CIRCLE('',#828,1.325);
#828 = AXIS2_PLACEMENT_2D('',#829,#830);
#829 = CARTESIAN_POINT('',(76.05,-4.));
#830 = DIRECTION('',(0.,1.));
#831 = ( GEOMETRIC_REPRESENTATION_CONTEXT(2) 
PARAMETRIC_REPRESENTATION_CONTEXT() REPRESENTATION_CONTEXT('2D SPACE',''
  ) );
#832 = PCURVE('',#833,#838);
#833 = CYLINDRICAL_SURFACE('',#834,1.325);
#834 = AXIS2_PLACEMENT_3D('',#835,#836,#837);
#835 = CARTESIAN_POINT('',(309.,82.,71.05));
#836 = DIRECTION('',(0.,1.,2.22044604925E-16));
#837 = DIRECTION('',(1.,0.,-0.));
#838 = DEFINITIONAL_REPRESENTATION('',(#839),#843);
#839 = LINE('',#840,#841);
#840 = CARTESIAN_POINT('',(0.,8.));
#841 = VECTOR('',#842,1.);
#842 = DIRECTION('',(1.,0.));
#843 = ( GEOMETRIC_REPRESENTATION_CONTEXT(2) 
PARAMETRIC_REPRESENTATION_CONTEXT() REPRESENTATION_CONTEXT('2D SPACE',''
  ) );
#844 = ADVANCED_FACE('',(#845,#893,#924),#324,.T.);
#845 = FACE_BOUND('',#846,.T.);
#846 = EDGE_LOOP('',(#847,#870,#891,#892));
#847 = ORIENTED_EDGE('',*,*,#848,.F.);
#848 = EDGE_CURVE('',#849,#712,#851,.T.);
#849 = VERTEX_POINT('',#850);
#850 = CARTESIAN_POINT('',(305.,37.,101.5));
#851 = SURFACE_CURVE('',#852,(#856,#863),.PCURVE_S1.);
#852 = LINE('',#853,#854);
#853 = CARTESIAN_POINT('',(305.,37.,101.5));
#854 = VECTOR('',#855,1.);
#855 = DIRECTION('',(0.,1.,0.));
#856 = PCURVE('',#324,#857);
#857 = DEFINITIONAL_REPRESENTATION('',(#858),#862);
#858 = LINE('',#859,#860);
#859 = CARTESIAN_POINT('',(0.,0.));
#860 = VECTOR('',#861,1.);
#861 = DIRECTION('',(0.,1.));
#862 = ( GEOMETRIC_REPRESENTATION_CONTEXT(2) 
PARAMETRIC_REPRESENTATION_CONTEXT() REPRESENTATION_CONTEXT('2D SPACE',''
  ) );
#863 = PCURVE('',#727,#864);
#864 = DEFINITIONAL_REPRESENTATION('',(#865),#869);
#865 = LINE('',#866,#867);
#866 = CARTESIAN_POINT('',(101.5,0.));
#867 = VECTOR('',#868,1.);
#868 = DIRECTION('',(0.,-1.));
#869 = ( GEOMETRIC_REPRESENTATION_CONTEXT(2) 
PARAMETRIC_REPRESENTATION_CONTEXT() REPRESENTATION_CONTEXT('2D SPACE',''
  ) );
#870 = ORIENTED_EDGE('',*,*,#871,.T.);
#871 = EDGE_CURVE('',#849,#281,#872,.T.);
#872 = SURFACE_CURVE('',#873,(#877,#884),.PCURVE_S1.);
#873 = LINE('',#874,#875);
#874 = CARTESIAN_POINT('',(305.,37.,101.5));
#875 = VECTOR('',#876,1.);
#876 = DIRECTION('',(1.,0.,-0.));
#877 = PCURVE('',#324,#878);
#878 = DEFINITIONAL_REPRESENTATION('',(#879),#883);
#879 = LINE('',#880,#881);
#880 = CARTESIAN_POINT('',(0.,0.));
#881 = VECTOR('',#882,1.);
#882 = DIRECTION('',(1.,0.));
#883 = ( GEOMETRIC_REPRESENTATION_CONTEXT(2) 
PARAMETRIC_REPRESENTATION_CONTEXT() REPRESENTATION_CONTEXT('2D SPACE',''
  ) );
#884 = PCURVE('',#296,#885);
#885 = DEFINITIONAL_REPRESENTATION('',(#886),#890);
#886 = LINE('',#887,#888);
#887 = CARTESIAN_POINT('',(6.,0.));
#888 = VECTOR('',#889,1.);
#889 = DIRECTION('',(0.,1.));
#890 = ( GEOMETRIC_REPRESENTATION_CONTEXT(2) 
PARAMETRIC_REPRESENTATION_CONTEXT() REPRESENTATION_CONTEXT('2D SPACE',''
  ) );
#891 = ORIENTED_EDGE('',*,*,#308,.F.);
#892 = ORIENTED_EDGE('',*,*,#739,.F.);
#893 = FACE_BOUND('',#894,.T.);
#894 = EDGE_LOOP('',(#895));
#895 = ORIENTED_EDGE('',*,*,#896,.F.);
#896 = EDGE_CURVE('',#897,#897,#899,.T.);
#897 = VERTEX_POINT('',#898);
#898 = CARTESIAN_POINT('',(310.325,44.,101.5));
#899 = SURFACE_CURVE('',#900,(#905,#912),.PCURVE_S1.);
#900 = CIRCLE('',#901,1.325);
#901 = AXIS2_PLACEMENT_3D('',#902,#903,#904);
#902 = CARTESIAN_POINT('',(309.,44.,101.5));
#903 = DIRECTION('',(0.,0.,1.));
#904 = DIRECTION('',(1.,0.,-0.));
#905 = PCURVE('',#324,#906);
#906 = DEFINITIONAL_REPRESENTATION('',(#907),#911);
#907 = CIRCLE('',#908,1.325);
#908 = AXIS2_PLACEMENT_2D('',#909,#910);
#909 = CARTESIAN_POINT('',(4.,7.));
#910 = DIRECTION('',(1.,0.));
#911 = ( GEOMETRIC_REPRESENTATION_CONTEXT(2) 
PARAMETRIC_REPRESENTATION_CONTEXT() REPRESENTATION_CONTEXT('2D SPACE',''
  ) );
#912 = PCURVE('',#913,#918);
#913 = CYLINDRICAL_SURFACE('',#914,1.325);
#914 = AXIS2_PLACEMENT_3D('',#915,#916,#917);
#915 = CARTESIAN_POINT('',(309.,44.,96.5));
#916 = DIRECTION('',(0.,0.,1.));
#917 = DIRECTION('',(1.,0.,-0.));
#918 = DEFINITIONAL_REPRESENTATION('',(#919),#923);
#919 = LINE('',#920,#921);
#920 = CARTESIAN_POINT('',(0.,5.));
#921 = VECTOR('',#922,1.);
#922 = DIRECTION('',(1.,0.));
#923 = ( GEOMETRIC_REPRESENTATION_CONTEXT(2) 
PARAMETRIC_REPRESENTATION_CONTEXT() REPRESENTATION_CONTEXT('2D SPACE',''
  ) );
#924 = FACE_BOUND('',#925,.T.);
#925 = EDGE_LOOP('',(#926));
#926 = ORIENTED_EDGE('',*,*,#927,.F.);
#927 = EDGE_CURVE('',#928,#928,#930,.T.);
#928 = VERTEX_POINT('',#929);
#929 = CARTESIAN_POINT('',(310.325,70.,101.5));
#930 = SURFACE_CURVE('',#931,(#936,#943),.PCURVE_S1.);
#931 = CIRCLE('',#932,1.325);
#932 = AXIS2_PLACEMENT_3D('',#933,#934,#935);
#933 = CARTESIAN_POINT('',(309.,70.,101.5));
#934 = DIRECTION('',(0.,0.,1.));
#935 = DIRECTION('',(1.,0.,-0.));
#936 = PCURVE('',#324,#937);
#937 = DEFINITIONAL_REPRESENTATION('',(#938),#942);
#938 = CIRCLE('',#939,1.325);
#939 = AXIS2_PLACEMENT_2D('',#940,#941);
#940 = CARTESIAN_POINT('',(4.,33.));
#941 = DIRECTION('',(1.,0.));
#942 = ( GEOMETRIC_REPRESENTATION_CONTEXT(2) 
PARAMETRIC_REPRESENTATION_CONTEXT() REPRESENTATION_CONTEXT('2D SPACE',''
  ) );
#943 = PCURVE('',#944,#949);
#944 = CYLINDRICAL_SURFACE('',#945,1.325);
#945 = AXIS2_PLACEMENT_3D('',#946,#947,#948);
#946 = CARTESIAN_POINT('',(309.,70.,96.5));
#947 = DIRECTION('',(0.,0.,1.));
#948 = DIRECTION('',(1.,0.,-0.));
#949 = DEFINITIONAL_REPRESENTATION('',(#950),#954);
#950 = LINE('',#951,#952);
#951 = CARTESIAN_POINT('',(0.,5.));
#952 = VECTOR('',#953,1.);
#953 = DIRECTION('',(1.,0.));
#954 = ( GEOMETRIC_REPRESENTATION_CONTEXT(2) 
PARAMETRIC_REPRESENTATION_CONTEXT() REPRESENTATION_CONTEXT('2D SPACE',''
  ) );
#955 = ADVANCED_FACE('',(#956),#296,.F.);
#956 = FACE_BOUND('',#957,.F.);
#957 = EDGE_LOOP('',(#958,#981,#1002,#1003));
#958 = ORIENTED_EDGE('',*,*,#959,.F.);
#959 = EDGE_CURVE('',#960,#253,#962,.T.);
#960 = VERTEX_POINT('',#961);
#961 = CARTESIAN_POINT('',(305.,37.,95.5));
#962 = SURFACE_CURVE('',#963,(#967,#974),.PCURVE_S1.);
#963 = LINE('',#964,#965);
#964 = CARTESIAN_POINT('',(305.,37.,95.5));
#965 = VECTOR('',#966,1.);
#966 = DIRECTION('',(1.,0.,-0.));
#967 = PCURVE('',#296,#968);
#968 = DEFINITIONAL_REPRESENTATION('',(#969),#973);
#969 = LINE('',#970,#971);
#970 = CARTESIAN_POINT('',(0.,0.));
#971 = VECTOR('',#972,1.);
#972 = DIRECTION('',(0.,1.));
#973 = ( GEOMETRIC_REPRESENTATION_CONTEXT(2) 
PARAMETRIC_REPRESENTATION_CONTEXT() REPRESENTATION_CONTEXT('2D SPACE',''
  ) );
#974 = PCURVE('',#268,#975);
#975 = DEFINITIONAL_REPRESENTATION('',(#976),#980);
#976 = LINE('',#977,#978);
#977 = CARTESIAN_POINT('',(0.,0.));
#978 = VECTOR('',#979,1.);
#979 = DIRECTION('',(1.,0.));
#980 = ( GEOMETRIC_REPRESENTATION_CONTEXT(2) 
PARAMETRIC_REPRESENTATION_CONTEXT() REPRESENTATION_CONTEXT('2D SPACE',''
  ) );
#981 = ORIENTED_EDGE('',*,*,#982,.T.);
#982 = EDGE_CURVE('',#960,#849,#983,.T.);
#983 = SURFACE_CURVE('',#984,(#988,#995),.PCURVE_S1.);
#984 = LINE('',#985,#986);
#985 = CARTESIAN_POINT('',(305.,37.,95.5));
#986 = VECTOR('',#987,1.);
#987 = DIRECTION('',(0.,0.,1.));
#988 = PCURVE('',#296,#989);
#989 = DEFINITIONAL_REPRESENTATION('',(#990),#994);
#990 = LINE('',#991,#992);
#991 = CARTESIAN_POINT('',(0.,0.));
#992 = VECTOR('',#993,1.);
#993 = DIRECTION('',(1.,0.));
#994 = ( GEOMETRIC_REPRESENTATION_CONTEXT(2) 
PARAMETRIC_REPRESENTATION_CONTEXT() REPRESENTATION_CONTEXT('2D SPACE',''
  ) );
#995 = PCURVE('',#727,#996);
#996 = DEFINITIONAL_REPRESENTATION('',(#997),#1001);
#997 = LINE('',#998,#999);
#998 = CARTESIAN_POINT('',(95.5,0.));
#999 = VECTOR('',#1000,1.);
#1000 = DIRECTION('',(1.,0.));
#1001 = ( GEOMETRIC_REPRESENTATION_CONTEXT(2) 
PARAMETRIC_REPRESENTATION_CONTEXT() REPRESENTATION_CONTEXT('2D SPACE',''
  ) );
#1002 = ORIENTED_EDGE('',*,*,#871,.T.);
#1003 = ORIENTED_EDGE('',*,*,#280,.F.);
#1004 = ADVANCED_FACE('',(#1005),#268,.F.);
#1005 = FACE_BOUND('',#1006,.F.);
#1006 = EDGE_LOOP('',(#1007,#1030,#1031,#1032));
#1007 = ORIENTED_EDGE('',*,*,#1008,.F.);
#1008 = EDGE_CURVE('',#960,#1009,#1011,.T.);
#1009 = VERTEX_POINT('',#1010);
#1010 = CARTESIAN_POINT('',(305.,80.,95.5));
#1011 = SURFACE_CURVE('',#1012,(#1016,#1023),.PCURVE_S1.);
#1012 = LINE('',#1013,#1014);
#1013 = CARTESIAN_POINT('',(305.,37.,95.5));
#1014 = VECTOR('',#1015,1.);
#1015 = DIRECTION('',(-0.,1.,0.));
#1016 = PCURVE('',#268,#1017);
#1017 = DEFINITIONAL_REPRESENTATION('',(#1018),#1022);
#1018 = LINE('',#1019,#1020);
#1019 = CARTESIAN_POINT('',(0.,0.));
#1020 = VECTOR('',#1021,1.);
#1021 = DIRECTION('',(0.,1.));
#1022 = ( GEOMETRIC_REPRESENTATION_CONTEXT(2) 
PARAMETRIC_REPRESENTATION_CONTEXT() REPRESENTATION_CONTEXT('2D SPACE',''
  ) );
#1023 = PCURVE('',#727,#1024);
#1024 = DEFINITIONAL_REPRESENTATION('',(#1025),#1029);
#1025 = LINE('',#1026,#1027);
#1026 = CARTESIAN_POINT('',(95.5,0.));
#1027 = VECTOR('',#1028,1.);
#1028 = DIRECTION('',(0.,-1.));
#1029 = ( GEOMETRIC_REPRESENTATION_CONTEXT(2) 
PARAMETRIC_REPRESENTATION_CONTEXT() REPRESENTATION_CONTEXT('2D SPACE',''
  ) );
#1030 = ORIENTED_EDGE('',*,*,#959,.T.);
#1031 = ORIENTED_EDGE('',*,*,#252,.T.);
#1032 = ORIENTED_EDGE('',*,*,#1033,.T.);
#1033 = EDGE_CURVE('',#225,#1009,#1034,.T.);
#1034 = SURFACE_CURVE('',#1035,(#1039,#1045),.PCURVE_S1.);
#1035 = LINE('',#1036,#1037);
#1036 = CARTESIAN_POINT('',(305.,80.,95.5));
#1037 = VECTOR('',#1038,1.);
#1038 = DIRECTION('',(-1.,-0.,0.));
#1039 = PCURVE('',#268,#1040);
#1040 = DEFINITIONAL_REPRESENTATION('',(#1041),#1044);
#1041 = B_SPLINE_CURVE_WITH_KNOTS('',1,(#1042,#1043),.UNSPECIFIED.,.F.,
  .F.,(2,2),(-8.,0.),.PIECEWISE_BEZIER_KNOTS.);
#1042 = CARTESIAN_POINT('',(8.,43.));
#1043 = CARTESIAN_POINT('',(0.,43.));
#1044 = ( GEOMETRIC_REPRESENTATION_CONTEXT(2) 
PARAMETRIC_REPRESENTATION_CONTEXT() REPRESENTATION_CONTEXT('2D SPACE',''
  ) );
#1045 = PCURVE('',#240,#1046);
#1046 = DEFINITIONAL_REPRESENTATION('',(#1047),#1050);
#1047 = B_SPLINE_CURVE_WITH_KNOTS('',1,(#1048,#1049),.UNSPECIFIED.,.F.,
  .F.,(2,2),(-8.,0.),.PIECEWISE_BEZIER_KNOTS.);
#1048 = CARTESIAN_POINT('',(95.5,8.));
#1049 = CARTESIAN_POINT('',(95.5,0.));
#1050 = ( GEOMETRIC_REPRESENTATION_CONTEXT(2) 
PARAMETRIC_REPRESENTATION_CONTEXT() REPRESENTATION_CONTEXT('2D SPACE',''
  ) );
#1051 = ADVANCED_FACE('',(#1052),#240,.F.);
#1052 = FACE_BOUND('',#1053,.F.);
#1053 = EDGE_LOOP('',(#1054,#1055,#1076,#1097));
#1054 = ORIENTED_EDGE('',*,*,#224,.F.);
#1055 = ORIENTED_EDGE('',*,*,#1056,.T.);
#1056 = EDGE_CURVE('',#197,#1057,#1059,.T.);
#1057 = VERTEX_POINT('',#1058);
#1058 = CARTESIAN_POINT('',(305.,80.,6.));
#1059 = SURFACE_CURVE('',#1060,(#1064,#1070),.PCURVE_S1.);
#1060 = LINE('',#1061,#1062);
#1061 = CARTESIAN_POINT('',(305.,80.,6.));
#1062 = VECTOR('',#1063,1.);
#1063 = DIRECTION('',(-1.,-0.,0.));
#1064 = PCURVE('',#240,#1065);
#1065 = DEFINITIONAL_REPRESENTATION('',(#1066),#1069);
#1066 = B_SPLINE_CURVE_WITH_KNOTS('',1,(#1067,#1068),.UNSPECIFIED.,.F.,
  .F.,(2,2),(-8.,0.),.PIECEWISE_BEZIER_KNOTS.);
#1067 = CARTESIAN_POINT('',(6.,8.));
#1068 = CARTESIAN_POINT('',(6.,0.));
#1069 = ( GEOMETRIC_REPRESENTATION_CONTEXT(2) 
PARAMETRIC_REPRESENTATION_CONTEXT() REPRESENTATION_CONTEXT('2D SPACE',''
  ) );
#1070 = PCURVE('',#212,#1071);
#1071 = DEFINITIONAL_REPRESENTATION('',(#1072),#1075);
#1072 = B_SPLINE_CURVE_WITH_KNOTS('',1,(#1073,#1074),.UNSPECIFIED.,.F.,
  .F.,(2,2),(-8.,0.),.PIECEWISE_BEZIER_KNOTS.);
#1073 = CARTESIAN_POINT('',(8.,43.));
#1074 = CARTESIAN_POINT('',(0.,43.));
#1075 = ( GEOMETRIC_REPRESENTATION_CONTEXT(2) 
PARAMETRIC_REPRESENTATION_CONTEXT() REPRESENTATION_CONTEXT('2D SPACE',''
  ) );
#1076 = ORIENTED_EDGE('',*,*,#1077,.T.);
#1077 = EDGE_CURVE('',#1057,#1009,#1078,.T.);
#1078 = SURFACE_CURVE('',#1079,(#1083,#1090),.PCURVE_S1.);
#1079 = LINE('',#1080,#1081);
#1080 = CARTESIAN_POINT('',(305.,80.,0.));
#1081 = VECTOR('',#1082,1.);
#1082 = DIRECTION('',(0.,0.,1.));
#1083 = PCURVE('',#240,#1084);
#1084 = DEFINITIONAL_REPRESENTATION('',(#1085),#1089);
#1085 = LINE('',#1086,#1087);
#1086 = CARTESIAN_POINT('',(0.,0.));
#1087 = VECTOR('',#1088,1.);
#1088 = DIRECTION('',(1.,0.));
#1089 = ( GEOMETRIC_REPRESENTATION_CONTEXT(2) 
PARAMETRIC_REPRESENTATION_CONTEXT() REPRESENTATION_CONTEXT('2D SPACE',''
  ) );
#1090 = PCURVE('',#727,#1091);
#1091 = DEFINITIONAL_REPRESENTATION('',(#1092),#1096);
#1092 = LINE('',#1093,#1094);
#1093 = CARTESIAN_POINT('',(0.,-43.));
#1094 = VECTOR('',#1095,1.);
#1095 = DIRECTION('',(1.,0.));
#1096 = ( GEOMETRIC_REPRESENTATION_CONTEXT(2) 
PARAMETRIC_REPRESENTATION_CONTEXT() REPRESENTATION_CONTEXT('2D SPACE',''
  ) );
#1097 = ORIENTED_EDGE('',*,*,#1033,.F.);
#1098 = ADVANCED_FACE('',(#1099),#212,.T.);
#1099 = FACE_BOUND('',#1100,.T.);
#1100 = EDGE_LOOP('',(#1101,#1124,#1145,#1146));
#1101 = ORIENTED_EDGE('',*,*,#1102,.F.);
#1102 = EDGE_CURVE('',#1103,#1057,#1105,.T.);
#1103 = VERTEX_POINT('',#1104);
#1104 = CARTESIAN_POINT('',(305.,37.,6.));
#1105 = SURFACE_CURVE('',#1106,(#1110,#1117),.PCURVE_S1.);
#1106 = LINE('',#1107,#1108);
#1107 = CARTESIAN_POINT('',(305.,37.,6.));
#1108 = VECTOR('',#1109,1.);
#1109 = DIRECTION('',(-0.,1.,0.));
#1110 = PCURVE('',#212,#1111);
#1111 = DEFINITIONAL_REPRESENTATION('',(#1112),#1116);
#1112 = LINE('',#1113,#1114);
#1113 = CARTESIAN_POINT('',(0.,0.));
#1114 = VECTOR('',#1115,1.);
#1115 = DIRECTION('',(0.,1.));
#1116 = ( GEOMETRIC_REPRESENTATION_CONTEXT(2) 
PARAMETRIC_REPRESENTATION_CONTEXT() REPRESENTATION_CONTEXT('2D SPACE',''
  ) );
#1117 = PCURVE('',#727,#1118);
#1118 = DEFINITIONAL_REPRESENTATION('',(#1119),#1123);
#1119 = LINE('',#1120,#1121);
#1120 = CARTESIAN_POINT('',(6.,0.));
#1121 = VECTOR('',#1122,1.);
#1122 = DIRECTION('',(0.,-1.));
#1123 = ( GEOMETRIC_REPRESENTATION_CONTEXT(2) 
PARAMETRIC_REPRESENTATION_CONTEXT() REPRESENTATION_CONTEXT('2D SPACE',''
  ) );
#1124 = ORIENTED_EDGE('',*,*,#1125,.T.);
#1125 = EDGE_CURVE('',#1103,#169,#1126,.T.);
#1126 = SURFACE_CURVE('',#1127,(#1131,#1138),.PCURVE_S1.);
#1127 = LINE('',#1128,#1129);
#1128 = CARTESIAN_POINT('',(305.,37.,6.));
#1129 = VECTOR('',#1130,1.);
#1130 = DIRECTION('',(1.,0.,-0.));
#1131 = PCURVE('',#212,#1132);
#1132 = DEFINITIONAL_REPRESENTATION('',(#1133),#1137);
#1133 = LINE('',#1134,#1135);
#1134 = CARTESIAN_POINT('',(0.,0.));
#1135 = VECTOR('',#1136,1.);
#1136 = DIRECTION('',(1.,0.));
#1137 = ( GEOMETRIC_REPRESENTATION_CONTEXT(2) 
PARAMETRIC_REPRESENTATION_CONTEXT() REPRESENTATION_CONTEXT('2D SPACE',''
  ) );
#1138 = PCURVE('',#184,#1139);
#1139 = DEFINITIONAL_REPRESENTATION('',(#1140),#1144);
#1140 = LINE('',#1141,#1142);
#1141 = CARTESIAN_POINT('',(6.,0.));
#1142 = VECTOR('',#1143,1.);
#1143 = DIRECTION('',(0.,1.));
#1144 = ( GEOMETRIC_REPRESENTATION_CONTEXT(2) 
PARAMETRIC_REPRESENTATION_CONTEXT() REPRESENTATION_CONTEXT('2D SPACE',''
  ) );
#1145 = ORIENTED_EDGE('',*,*,#196,.T.);
#1146 = ORIENTED_EDGE('',*,*,#1056,.T.);
#1147 = ADVANCED_FACE('',(#1148),#184,.F.);
#1148 = FACE_BOUND('',#1149,.F.);
#1149 = EDGE_LOOP('',(#1150,#1173,#1194,#1195));
#1150 = ORIENTED_EDGE('',*,*,#1151,.F.);
#1151 = EDGE_CURVE('',#1152,#141,#1154,.T.);
#1152 = VERTEX_POINT('',#1153);
#1153 = CARTESIAN_POINT('',(305.,37.,0.));
#1154 = SURFACE_CURVE('',#1155,(#1159,#1166),.PCURVE_S1.);
#1155 = LINE('',#1156,#1157);
#1156 = CARTESIAN_POINT('',(305.,37.,0.));
#1157 = VECTOR('',#1158,1.);
#1158 = DIRECTION('',(1.,0.,-0.));
#1159 = PCURVE('',#184,#1160);
#1160 = DEFINITIONAL_REPRESENTATION('',(#1161),#1165);
#1161 = LINE('',#1162,#1163);
#1162 = CARTESIAN_POINT('',(0.,0.));
#1163 = VECTOR('',#1164,1.);
#1164 = DIRECTION('',(0.,1.));
#1165 = ( GEOMETRIC_REPRESENTATION_CONTEXT(2) 
PARAMETRIC_REPRESENTATION_CONTEXT() REPRESENTATION_CONTEXT('2D SPACE',''
  ) );
#1166 = PCURVE('',#156,#1167);
#1167 = DEFINITIONAL_REPRESENTATION('',(#1168),#1172);
#1168 = LINE('',#1169,#1170);
#1169 = CARTESIAN_POINT('',(0.,0.));
#1170 = VECTOR('',#1171,1.);
#1171 = DIRECTION('',(1.,0.));
#1172 = ( GEOMETRIC_REPRESENTATION_CONTEXT(2) 
PARAMETRIC_REPRESENTATION_CONTEXT() REPRESENTATION_CONTEXT('2D SPACE',''
  ) );
#1173 = ORIENTED_EDGE('',*,*,#1174,.T.);
#1174 = EDGE_CURVE('',#1152,#1103,#1175,.T.);
#1175 = SURFACE_CURVE('',#1176,(#1180,#1187),.PCURVE_S1.);
#1176 = LINE('',#1177,#1178);
#1177 = CARTESIAN_POINT('',(305.,37.,0.));
#1178 = VECTOR('',#1179,1.);
#1179 = DIRECTION('',(0.,0.,1.));
#1180 = PCURVE('',#184,#1181);
#1181 = DEFINITIONAL_REPRESENTATION('',(#1182),#1186);
#1182 = LINE('',#1183,#1184);
#1183 = CARTESIAN_POINT('',(0.,0.));
#1184 = VECTOR('',#1185,1.);
#1185 = DIRECTION('',(1.,0.));
#1186 = ( GEOMETRIC_REPRESENTATION_CONTEXT(2) 
PARAMETRIC_REPRESENTATION_CONTEXT() REPRESENTATION_CONTEXT('2D SPACE',''
  ) );
#1187 = PCURVE('',#727,#1188);
#1188 = DEFINITIONAL_REPRESENTATION('',(#1189),#1193);
#1189 = LINE('',#1190,#1191);
#1190 = CARTESIAN_POINT('',(0.,0.));
#1191 = VECTOR('',#1192,1.);
#1192 = DIRECTION('',(1.,0.));
#1193 = ( GEOMETRIC_REPRESENTATION_CONTEXT(2) 
PARAMETRIC_REPRESENTATION_CONTEXT() REPRESENTATION_CONTEXT('2D SPACE',''
  ) );
#1194 = ORIENTED_EDGE('',*,*,#1125,.T.);
#1195 = ORIENTED_EDGE('',*,*,#168,.F.);
#1196 = ADVANCED_FACE('',(#1197,#1223,#1254),#156,.F.);
#1197 = FACE_BOUND('',#1198,.F.);
#1198 = EDGE_LOOP('',(#1199,#1200,#1201,#1202));
#1199 = ORIENTED_EDGE('',*,*,#1151,.T.);
#1200 = ORIENTED_EDGE('',*,*,#140,.F.);
#1201 = ORIENTED_EDGE('',*,*,#688,.F.);
#1202 = ORIENTED_EDGE('',*,*,#1203,.T.);
#1203 = EDGE_CURVE('',#689,#1152,#1204,.T.);
#1204 = SURFACE_CURVE('',#1205,(#1209,#1216),.PCURVE_S1.);
#1205 = LINE('',#1206,#1207);
#1206 = CARTESIAN_POINT('',(305.,90.,0.));
#1207 = VECTOR('',#1208,1.);
#1208 = DIRECTION('',(0.,-1.,0.));
#1209 = PCURVE('',#156,#1210);
#1210 = DEFINITIONAL_REPRESENTATION('',(#1211),#1215);
#1211 = LINE('',#1212,#1213);
#1212 = CARTESIAN_POINT('',(0.,53.));
#1213 = VECTOR('',#1214,1.);
#1214 = DIRECTION('',(0.,-1.));
#1215 = ( GEOMETRIC_REPRESENTATION_CONTEXT(2) 
PARAMETRIC_REPRESENTATION_CONTEXT() REPRESENTATION_CONTEXT('2D SPACE',''
  ) );
#1216 = PCURVE('',#727,#1217);
#1217 = DEFINITIONAL_REPRESENTATION('',(#1218),#1222);
#1218 = LINE('',#1219,#1220);
#1219 = CARTESIAN_POINT('',(0.,-53.));
#1220 = VECTOR('',#1221,1.);
#1221 = DIRECTION('',(0.,1.));
#1222 = ( GEOMETRIC_REPRESENTATION_CONTEXT(2) 
PARAMETRIC_REPRESENTATION_CONTEXT() REPRESENTATION_CONTEXT('2D SPACE',''
  ) );
#1223 = FACE_BOUND('',#1224,.F.);
#1224 = EDGE_LOOP('',(#1225));
#1225 = ORIENTED_EDGE('',*,*,#1226,.F.);
#1226 = EDGE_CURVE('',#1227,#1227,#1229,.T.);
#1227 = VERTEX_POINT('',#1228);
#1228 = CARTESIAN_POINT('',(310.325,44.,0.));
#1229 = SURFACE_CURVE('',#1230,(#1235,#1242),.PCURVE_S1.);
#1230 = CIRCLE('',#1231,1.325);
#1231 = AXIS2_PLACEMENT_3D('',#1232,#1233,#1234);
#1232 = CARTESIAN_POINT('',(309.,44.,0.));
#1233 = DIRECTION('',(0.,0.,1.));
#1234 = DIRECTION('',(1.,0.,-0.));
#1235 = PCURVE('',#156,#1236);
#1236 = DEFINITIONAL_REPRESENTATION('',(#1237),#1241);
#1237 = CIRCLE('',#1238,1.325);
#1238 = AXIS2_PLACEMENT_2D('',#1239,#1240);
#1239 = CARTESIAN_POINT('',(4.,7.));
#1240 = DIRECTION('',(1.,0.));
#1241 = ( GEOMETRIC_REPRESENTATION_CONTEXT(2) 
PARAMETRIC_REPRESENTATION_CONTEXT() REPRESENTATION_CONTEXT('2D SPACE',''
  ) );
#1242 = PCURVE('',#1243,#1248);
#1243 = CYLINDRICAL_SURFACE('',#1244,1.325);
#1244 = AXIS2_PLACEMENT_3D('',#1245,#1246,#1247);
#1245 = CARTESIAN_POINT('',(309.,44.,-1.E-02));
#1246 = DIRECTION('',(0.,0.,1.));
#1247 = DIRECTION('',(1.,0.,-0.));
#1248 = DEFINITIONAL_REPRESENTATION('',(#1249),#1253);
#1249 = LINE('',#1250,#1251);
#1250 = CARTESIAN_POINT('',(0.,1.E-02));
#1251 = VECTOR('',#1252,1.);
#1252 = DIRECTION('',(1.,0.));
#1253 = ( GEOMETRIC_REPRESENTATION_CONTEXT(2) 
PARAMETRIC_REPRESENTATION_CONTEXT() REPRESENTATION_CONTEXT('2D SPACE',''
  ) );
#1254 = FACE_BOUND('',#1255,.F.);
#1255 = EDGE_LOOP('',(#1256));
#1256 = ORIENTED_EDGE('',*,*,#1257,.F.);
#1257 = EDGE_CURVE('',#1258,#1258,#1260,.T.);
#1258 = VERTEX_POINT('',#1259);
#1259 = CARTESIAN_POINT('',(310.325,70.,0.));
#1260 = SURFACE_CURVE('',#1261,(#1266,#1273),.PCURVE_S1.);
#1261 = CIRCLE('',#1262,1.325);
#1262 = AXIS2_PLACEMENT_3D('',#1263,#1264,#1265);
#1263 = CARTESIAN_POINT('',(309.,70.,0.));
#1264 = DIRECTION('',(0.,0.,1.));
#1265 = DIRECTION('',(1.,0.,-0.));
#1266 = PCURVE('',#156,#1267);
#1267 = DEFINITIONAL_REPRESENTATION('',(#1268),#1272);
#1268 = CIRCLE('',#1269,1.325);
#1269 = AXIS2_PLACEMENT_2D('',#1270,#1271);
#1270 = CARTESIAN_POINT('',(4.,33.));
#1271 = DIRECTION('',(1.,0.));
#1272 = ( GEOMETRIC_REPRESENTATION_CONTEXT(2) 
PARAMETRIC_REPRESENTATION_CONTEXT() REPRESENTATION_CONTEXT('2D SPACE',''
  ) );
#1273 = PCURVE('',#1274,#1279);
#1274 = CYLINDRICAL_SURFACE('',#1275,1.325);
#1275 = AXIS2_PLACEMENT_3D('',#1276,#1277,#1278);
#1276 = CARTESIAN_POINT('',(309.,70.,-1.E-02));
#1277 = DIRECTION('',(0.,0.,1.));
#1278 = DIRECTION('',(1.,0.,-0.));
#1279 = DEFINITIONAL_REPRESENTATION('',(#1280),#1284);
#1280 = LINE('',#1281,#1282);
#1281 = CARTESIAN_POINT('',(0.,1.E-02));
#1282 = VECTOR('',#1283,1.);
#1283 = DIRECTION('',(1.,0.));
#1284 = ( GEOMETRIC_REPRESENTATION_CONTEXT(2) 
PARAMETRIC_REPRESENTATION_CONTEXT() REPRESENTATION_CONTEXT('2D SPACE',''
  ) );
#1285 = ADVANCED_FACE('',(#1286),#100,.F.);
#1286 = FACE_BOUND('',#1287,.F.);
#1287 = EDGE_LOOP('',(#1288,#1289,#1312,#1333));
#1288 = ORIENTED_EDGE('',*,*,#84,.F.);
#1289 = ORIENTED_EDGE('',*,*,#1290,.T.);
#1290 = EDGE_CURVE('',#57,#1291,#1293,.T.);
#1291 = VERTEX_POINT('',#1292);
#1292 = CARTESIAN_POINT('',(316.,-46.48666837911,-5.));
#1293 = SURFACE_CURVE('',#1294,(#1298,#1305),.PCURVE_S1.);
#1294 = LINE('',#1295,#1296);
#1295 = CARTESIAN_POINT('',(313.,-46.48666837911,-5.));
#1296 = VECTOR('',#1297,1.);
#1297 = DIRECTION('',(1.,0.,-0.));
#1298 = PCURVE('',#100,#1299);
#1299 = DEFINITIONAL_REPRESENTATION('',(#1300),#1304);
#1300 = LINE('',#1301,#1302);
#1301 = CARTESIAN_POINT('',(0.,0.));
#1302 = VECTOR('',#1303,1.);
#1303 = DIRECTION('',(1.,0.));
#1304 = ( GEOMETRIC_REPRESENTATION_CONTEXT(2) 
PARAMETRIC_REPRESENTATION_CONTEXT() REPRESENTATION_CONTEXT('2D SPACE',''
  ) );
#1305 = PCURVE('',#72,#1306);
#1306 = DEFINITIONAL_REPRESENTATION('',(#1307),#1311);
#1307 = LINE('',#1308,#1309);
#1308 = CARTESIAN_POINT('',(0.,0.));
#1309 = VECTOR('',#1310,1.);
#1310 = DIRECTION('',(0.,1.));
#1311 = ( GEOMETRIC_REPRESENTATION_CONTEXT(2) 
PARAMETRIC_REPRESENTATION_CONTEXT() REPRESENTATION_CONTEXT('2D SPACE',''
  ) );
#1312 = ORIENTED_EDGE('',*,*,#1313,.T.);
#1313 = EDGE_CURVE('',#1291,#665,#1314,.T.);
#1314 = SURFACE_CURVE('',#1315,(#1319,#1326),.PCURVE_S1.);
#1315 = LINE('',#1316,#1317);
#1316 = CARTESIAN_POINT('',(316.,-46.48666837911,-5.));
#1317 = VECTOR('',#1318,1.);
#1318 = DIRECTION('',(-0.,1.,0.));
#1319 = PCURVE('',#100,#1320);
#1320 = DEFINITIONAL_REPRESENTATION('',(#1321),#1325);
#1321 = LINE('',#1322,#1323);
#1322 = CARTESIAN_POINT('',(3.,0.));
#1323 = VECTOR('',#1324,1.);
#1324 = DIRECTION('',(0.,1.));
#1325 = ( GEOMETRIC_REPRESENTATION_CONTEXT(2) 
PARAMETRIC_REPRESENTATION_CONTEXT() REPRESENTATION_CONTEXT('2D SPACE',''
  ) );
#1326 = PCURVE('',#628,#1327);
#1327 = DEFINITIONAL_REPRESENTATION('',(#1328),#1332);
#1328 = LINE('',#1329,#1330);
#1329 = CARTESIAN_POINT('',(0.,0.));
#1330 = VECTOR('',#1331,1.);
#1331 = DIRECTION('',(0.,-1.));
#1332 = ( GEOMETRIC_REPRESENTATION_CONTEXT(2) 
PARAMETRIC_REPRESENTATION_CONTEXT() REPRESENTATION_CONTEXT('2D SPACE',''
  ) );
#1333 = ORIENTED_EDGE('',*,*,#664,.F.);
#1334 = ADVANCED_FACE('',(#1335),#72,.F.);
#1335 = FACE_BOUND('',#1336,.F.);
#1336 = EDGE_LOOP('',(#1337,#1338,#1339,#1340));
#1337 = ORIENTED_EDGE('',*,*,#1290,.F.);
#1338 = ORIENTED_EDGE('',*,*,#56,.T.);
#1339 = ORIENTED_EDGE('',*,*,#589,.T.);
#1340 = ORIENTED_EDGE('',*,*,#1341,.F.);
#1341 = EDGE_CURVE('',#1291,#590,#1342,.T.);
#1342 = SURFACE_CURVE('',#1343,(#1347,#1354),.PCURVE_S1.);
#1343 = LINE('',#1344,#1345);
#1344 = CARTESIAN_POINT('',(316.,-46.48666837911,-5.));
#1345 = VECTOR('',#1346,1.);
#1346 = DIRECTION('',(0.,0.,1.));
#1347 = PCURVE('',#72,#1348);
#1348 = DEFINITIONAL_REPRESENTATION('',(#1349),#1353);
#1349 = LINE('',#1350,#1351);
#1350 = CARTESIAN_POINT('',(0.,3.));
#1351 = VECTOR('',#1352,1.);
#1352 = DIRECTION('',(1.,0.));
#1353 = ( GEOMETRIC_REPRESENTATION_CONTEXT(2) 
PARAMETRIC_REPRESENTATION_CONTEXT() REPRESENTATION_CONTEXT('2D SPACE',''
  ) );
#1354 = PCURVE('',#628,#1355);
#1355 = DEFINITIONAL_REPRESENTATION('',(#1356),#1360);
#1356 = LINE('',#1357,#1358);
#1357 = CARTESIAN_POINT('',(0.,0.));
#1358 = VECTOR('',#1359,1.);
#1359 = DIRECTION('',(1.,0.));
#1360 = ( GEOMETRIC_REPRESENTATION_CONTEXT(2) 
PARAMETRIC_REPRESENTATION_CONTEXT() REPRESENTATION_CONTEXT('2D SPACE',''
  ) );
#1361 = ADVANCED_FACE('',(#1362),#377,.T.);
#1362 = FACE_BOUND('',#1363,.T.);
#1363 = EDGE_LOOP('',(#1364,#1387,#1415,#1436));
#1364 = ORIENTED_EDGE('',*,*,#1365,.F.);
#1365 = EDGE_CURVE('',#1366,#360,#1368,.T.);
#1366 = VERTEX_POINT('',#1367);
#1367 = CARTESIAN_POINT('',(305.,-27.3,0.));
#1368 = SURFACE_CURVE('',#1369,(#1373,#1380),.PCURVE_S1.);
#1369 = LINE('',#1370,#1371);
#1370 = CARTESIAN_POINT('',(305.,-27.3,0.));
#1371 = VECTOR('',#1372,1.);
#1372 = DIRECTION('',(1.,0.,-0.));
#1373 = PCURVE('',#377,#1374);
#1374 = DEFINITIONAL_REPRESENTATION('',(#1375),#1379);
#1375 = LINE('',#1376,#1377);
#1376 = CARTESIAN_POINT('',(0.,0.));
#1377 = VECTOR('',#1378,1.);
#1378 = DIRECTION('',(0.,1.));
#1379 = ( GEOMETRIC_REPRESENTATION_CONTEXT(2) 
PARAMETRIC_REPRESENTATION_CONTEXT() REPRESENTATION_CONTEXT('2D SPACE',''
  ) );
#1380 = PCURVE('',#405,#1381);
#1381 = DEFINITIONAL_REPRESENTATION('',(#1382),#1386);
#1382 = LINE('',#1383,#1384);
#1383 = CARTESIAN_POINT('',(0.,10.696668379119));
#1384 = VECTOR('',#1385,1.);
#1385 = DIRECTION('',(1.,0.));
#1386 = ( GEOMETRIC_REPRESENTATION_CONTEXT(2) 
PARAMETRIC_REPRESENTATION_CONTEXT() REPRESENTATION_CONTEXT('2D SPACE',''
  ) );
#1387 = ORIENTED_EDGE('',*,*,#1388,.T.);
#1388 = EDGE_CURVE('',#1366,#1389,#1391,.T.);
#1389 = VERTEX_POINT('',#1390);
#1390 = CARTESIAN_POINT('',(305.,-27.3,6.));
#1391 = SURFACE_CURVE('',#1392,(#1396,#1403),.PCURVE_S1.);
#1392 = LINE('',#1393,#1394);
#1393 = CARTESIAN_POINT('',(305.,-27.3,0.));
#1394 = VECTOR('',#1395,1.);
#1395 = DIRECTION('',(0.,0.,1.));
#1396 = PCURVE('',#377,#1397);
#1397 = DEFINITIONAL_REPRESENTATION('',(#1398),#1402);
#1398 = LINE('',#1399,#1400);
#1399 = CARTESIAN_POINT('',(0.,0.));
#1400 = VECTOR('',#1401,1.);
#1401 = DIRECTION('',(1.,0.));
#1402 = ( GEOMETRIC_REPRESENTATION_CONTEXT(2) 
PARAMETRIC_REPRESENTATION_CONTEXT() REPRESENTATION_CONTEXT('2D SPACE',''
  ) );
#1403 = PCURVE('',#1404,#1409);
#1404 = PLANE('',#1405);
#1405 = AXIS2_PLACEMENT_3D('',#1406,#1407,#1408);
#1406 = CARTESIAN_POINT('',(305.,-37.99666837911,0.));
#1407 = DIRECTION('',(1.,0.,-0.));
#1408 = DIRECTION('',(0.,0.,1.));
#1409 = DEFINITIONAL_REPRESENTATION('',(#1410),#1414);
#1410 = LINE('',#1411,#1412);
#1411 = CARTESIAN_POINT('',(0.,-10.69666837911));
#1412 = VECTOR('',#1413,1.);
#1413 = DIRECTION('',(1.,0.));
#1414 = ( GEOMETRIC_REPRESENTATION_CONTEXT(2) 
PARAMETRIC_REPRESENTATION_CONTEXT() REPRESENTATION_CONTEXT('2D SPACE',''
  ) );
#1415 = ORIENTED_EDGE('',*,*,#1416,.T.);
#1416 = EDGE_CURVE('',#1389,#362,#1417,.T.);
#1417 = SURFACE_CURVE('',#1418,(#1422,#1429),.PCURVE_S1.);
#1418 = LINE('',#1419,#1420);
#1419 = CARTESIAN_POINT('',(305.,-27.3,6.));
#1420 = VECTOR('',#1421,1.);
#1421 = DIRECTION('',(1.,0.,-0.));
#1422 = PCURVE('',#377,#1423);
#1423 = DEFINITIONAL_REPRESENTATION('',(#1424),#1428);
#1424 = LINE('',#1425,#1426);
#1425 = CARTESIAN_POINT('',(6.,0.));
#1426 = VECTOR('',#1427,1.);
#1427 = DIRECTION('',(0.,1.));
#1428 = ( GEOMETRIC_REPRESENTATION_CONTEXT(2) 
PARAMETRIC_REPRESENTATION_CONTEXT() REPRESENTATION_CONTEXT('2D SPACE',''
  ) );
#1429 = PCURVE('',#459,#1430);
#1430 = DEFINITIONAL_REPRESENTATION('',(#1431),#1435);
#1431 = LINE('',#1432,#1433);
#1432 = CARTESIAN_POINT('',(0.,10.696668379119));
#1433 = VECTOR('',#1434,1.);
#1434 = DIRECTION('',(1.,0.));
#1435 = ( GEOMETRIC_REPRESENTATION_CONTEXT(2) 
PARAMETRIC_REPRESENTATION_CONTEXT() REPRESENTATION_CONTEXT('2D SPACE',''
  ) );
#1436 = ORIENTED_EDGE('',*,*,#359,.F.);
#1437 = ADVANCED_FACE('',(#1438),#459,.T.);
#1438 = FACE_BOUND('',#1439,.T.);
#1439 = EDGE_LOOP('',(#1440,#1463,#1484,#1485));
#1440 = ORIENTED_EDGE('',*,*,#1441,.F.);
#1441 = EDGE_CURVE('',#1442,#1389,#1444,.T.);
#1442 = VERTEX_POINT('',#1443);
#1443 = CARTESIAN_POINT('',(305.,-37.99666837911,6.));
#1444 = SURFACE_CURVE('',#1445,(#1449,#1456),.PCURVE_S1.);
#1445 = LINE('',#1446,#1447);
#1446 = CARTESIAN_POINT('',(305.,-37.99666837911,6.));
#1447 = VECTOR('',#1448,1.);
#1448 = DIRECTION('',(-0.,1.,0.));
#1449 = PCURVE('',#459,#1450);
#1450 = DEFINITIONAL_REPRESENTATION('',(#1451),#1455);
#1451 = LINE('',#1452,#1453);
#1452 = CARTESIAN_POINT('',(0.,0.));
#1453 = VECTOR('',#1454,1.);
#1454 = DIRECTION('',(0.,1.));
#1455 = ( GEOMETRIC_REPRESENTATION_CONTEXT(2) 
PARAMETRIC_REPRESENTATION_CONTEXT() REPRESENTATION_CONTEXT('2D SPACE',''
  ) );
#1456 = PCURVE('',#1404,#1457);
#1457 = DEFINITIONAL_REPRESENTATION('',(#1458),#1462);
#1458 = LINE('',#1459,#1460);
#1459 = CARTESIAN_POINT('',(6.,0.));
#1460 = VECTOR('',#1461,1.);
#1461 = DIRECTION('',(0.,-1.));
#1462 = ( GEOMETRIC_REPRESENTATION_CONTEXT(2) 
PARAMETRIC_REPRESENTATION_CONTEXT() REPRESENTATION_CONTEXT('2D SPACE',''
  ) );
#1463 = ORIENTED_EDGE('',*,*,#1464,.T.);
#1464 = EDGE_CURVE('',#1442,#418,#1465,.T.);
#1465 = SURFACE_CURVE('',#1466,(#1470,#1477),.PCURVE_S1.);
#1466 = LINE('',#1467,#1468);
#1467 = CARTESIAN_POINT('',(305.,-37.99666837911,6.));
#1468 = VECTOR('',#1469,1.);
#1469 = DIRECTION('',(1.,0.,-0.));
#1470 = PCURVE('',#459,#1471);
#1471 = DEFINITIONAL_REPRESENTATION('',(#1472),#1476);
#1472 = LINE('',#1473,#1474);
#1473 = CARTESIAN_POINT('',(0.,0.));
#1474 = VECTOR('',#1475,1.);
#1475 = DIRECTION('',(1.,0.));
#1476 = ( GEOMETRIC_REPRESENTATION_CONTEXT(2) 
PARAMETRIC_REPRESENTATION_CONTEXT() REPRESENTATION_CONTEXT('2D SPACE',''
  ) );
#1477 = PCURVE('',#433,#1478);
#1478 = DEFINITIONAL_REPRESENTATION('',(#1479),#1483);
#1479 = LINE('',#1480,#1481);
#1480 = CARTESIAN_POINT('',(6.,0.));
#1481 = VECTOR('',#1482,1.);
#1482 = DIRECTION('',(0.,1.));
#1483 = ( GEOMETRIC_REPRESENTATION_CONTEXT(2) 
PARAMETRIC_REPRESENTATION_CONTEXT() REPRESENTATION_CONTEXT('2D SPACE',''
  ) );
#1484 = ORIENTED_EDGE('',*,*,#445,.T.);
#1485 = ORIENTED_EDGE('',*,*,#1416,.F.);
#1486 = ADVANCED_FACE('',(#1487),#433,.F.);
#1487 = FACE_BOUND('',#1488,.F.);
#1488 = EDGE_LOOP('',(#1489,#1512,#1533,#1534));
#1489 = ORIENTED_EDGE('',*,*,#1490,.F.);
#1490 = EDGE_CURVE('',#1491,#390,#1493,.T.);
#1491 = VERTEX_POINT('',#1492);
#1492 = CARTESIAN_POINT('',(305.,-37.99666837911,0.));
#1493 = SURFACE_CURVE('',#1494,(#1498,#1505),.PCURVE_S1.);
#1494 = LINE('',#1495,#1496);
#1495 = CARTESIAN_POINT('',(305.,-37.99666837911,0.));
#1496 = VECTOR('',#1497,1.);
#1497 = DIRECTION('',(1.,0.,-0.));
#1498 = PCURVE('',#433,#1499);
#1499 = DEFINITIONAL_REPRESENTATION('',(#1500),#1504);
#1500 = LINE('',#1501,#1502);
#1501 = CARTESIAN_POINT('',(0.,0.));
#1502 = VECTOR('',#1503,1.);
#1503 = DIRECTION('',(0.,1.));
#1504 = ( GEOMETRIC_REPRESENTATION_CONTEXT(2) 
PARAMETRIC_REPRESENTATION_CONTEXT() REPRESENTATION_CONTEXT('2D SPACE',''
  ) );
#1505 = PCURVE('',#405,#1506);
#1506 = DEFINITIONAL_REPRESENTATION('',(#1507),#1511);
#1507 = LINE('',#1508,#1509);
#1508 = CARTESIAN_POINT('',(0.,0.));
#1509 = VECTOR('',#1510,1.);
#1510 = DIRECTION('',(1.,0.));
#1511 = ( GEOMETRIC_REPRESENTATION_CONTEXT(2) 
PARAMETRIC_REPRESENTATION_CONTEXT() REPRESENTATION_CONTEXT('2D SPACE',''
  ) );
#1512 = ORIENTED_EDGE('',*,*,#1513,.T.);
#1513 = EDGE_CURVE('',#1491,#1442,#1514,.T.);
#1514 = SURFACE_CURVE('',#1515,(#1519,#1526),.PCURVE_S1.);
#1515 = LINE('',#1516,#1517);
#1516 = CARTESIAN_POINT('',(305.,-37.99666837911,0.));
#1517 = VECTOR('',#1518,1.);
#1518 = DIRECTION('',(0.,0.,1.));
#1519 = PCURVE('',#433,#1520);
#1520 = DEFINITIONAL_REPRESENTATION('',(#1521),#1525);
#1521 = LINE('',#1522,#1523);
#1522 = CARTESIAN_POINT('',(0.,0.));
#1523 = VECTOR('',#1524,1.);
#1524 = DIRECTION('',(1.,0.));
#1525 = ( GEOMETRIC_REPRESENTATION_CONTEXT(2) 
PARAMETRIC_REPRESENTATION_CONTEXT() REPRESENTATION_CONTEXT('2D SPACE',''
  ) );
#1526 = PCURVE('',#1404,#1527);
#1527 = DEFINITIONAL_REPRESENTATION('',(#1528),#1532);
#1528 = LINE('',#1529,#1530);
#1529 = CARTESIAN_POINT('',(0.,0.));
#1530 = VECTOR('',#1531,1.);
#1531 = DIRECTION('',(1.,0.));
#1532 = ( GEOMETRIC_REPRESENTATION_CONTEXT(2) 
PARAMETRIC_REPRESENTATION_CONTEXT() REPRESENTATION_CONTEXT('2D SPACE',''
  ) );
#1533 = ORIENTED_EDGE('',*,*,#1464,.T.);
#1534 = ORIENTED_EDGE('',*,*,#417,.F.);
#1535 = ADVANCED_FACE('',(#1536,#1562),#405,.F.);
#1536 = FACE_BOUND('',#1537,.F.);
#1537 = EDGE_LOOP('',(#1538,#1559,#1560,#1561));
#1538 = ORIENTED_EDGE('',*,*,#1539,.F.);
#1539 = EDGE_CURVE('',#1491,#1366,#1540,.T.);
#1540 = SURFACE_CURVE('',#1541,(#1545,#1552),.PCURVE_S1.);
#1541 = LINE('',#1542,#1543);
#1542 = CARTESIAN_POINT('',(305.,-37.99666837911,0.));
#1543 = VECTOR('',#1544,1.);
#1544 = DIRECTION('',(-0.,1.,0.));
#1545 = PCURVE('',#405,#1546);
#1546 = DEFINITIONAL_REPRESENTATION('',(#1547),#1551);
#1547 = LINE('',#1548,#1549);
#1548 = CARTESIAN_POINT('',(0.,0.));
#1549 = VECTOR('',#1550,1.);
#1550 = DIRECTION('',(0.,1.));
#1551 = ( GEOMETRIC_REPRESENTATION_CONTEXT(2) 
PARAMETRIC_REPRESENTATION_CONTEXT() REPRESENTATION_CONTEXT('2D SPACE',''
  ) );
#1552 = PCURVE('',#1404,#1553);
#1553 = DEFINITIONAL_REPRESENTATION('',(#1554),#1558);
#1554 = LINE('',#1555,#1556);
#1555 = CARTESIAN_POINT('',(0.,0.));
#1556 = VECTOR('',#1557,1.);
#1557 = DIRECTION('',(0.,-1.));
#1558 = ( GEOMETRIC_REPRESENTATION_CONTEXT(2) 
PARAMETRIC_REPRESENTATION_CONTEXT() REPRESENTATION_CONTEXT('2D SPACE',''
  ) );
#1559 = ORIENTED_EDGE('',*,*,#1490,.T.);
#1560 = ORIENTED_EDGE('',*,*,#389,.T.);
#1561 = ORIENTED_EDGE('',*,*,#1365,.F.);
#1562 = FACE_BOUND('',#1563,.F.);
#1563 = EDGE_LOOP('',(#1564));
#1564 = ORIENTED_EDGE('',*,*,#1565,.F.);
#1565 = EDGE_CURVE('',#1566,#1566,#1568,.T.);
#1566 = VERTEX_POINT('',#1567);
#1567 = CARTESIAN_POINT('',(310.325,-30.14833418955,0.));
#1568 = SURFACE_CURVE('',#1569,(#1574,#1581),.PCURVE_S1.);
#1569 = CIRCLE('',#1570,1.325);
#1570 = AXIS2_PLACEMENT_3D('',#1571,#1572,#1573);
#1571 = CARTESIAN_POINT('',(309.,-30.14833418955,0.));
#1572 = DIRECTION('',(0.,0.,1.));
#1573 = DIRECTION('',(1.,0.,-0.));
#1574 = PCURVE('',#405,#1575);
#1575 = DEFINITIONAL_REPRESENTATION('',(#1576),#1580);
#1576 = CIRCLE('',#1577,1.325);
#1577 = AXIS2_PLACEMENT_2D('',#1578,#1579);
#1578 = CARTESIAN_POINT('',(4.,7.848334189559));
#1579 = DIRECTION('',(1.,0.));
#1580 = ( GEOMETRIC_REPRESENTATION_CONTEXT(2) 
PARAMETRIC_REPRESENTATION_CONTEXT() REPRESENTATION_CONTEXT('2D SPACE',''
  ) );
#1581 = PCURVE('',#1582,#1587);
#1582 = CYLINDRICAL_SURFACE('',#1583,1.325);
#1583 = AXIS2_PLACEMENT_3D('',#1584,#1585,#1586);
#1584 = CARTESIAN_POINT('',(309.,-30.14833418955,-1.E-02));
#1585 = DIRECTION('',(0.,0.,1.));
#1586 = DIRECTION('',(1.,0.,-0.));
#1587 = DEFINITIONAL_REPRESENTATION('',(#1588),#1592);
#1588 = LINE('',#1589,#1590);
#1589 = CARTESIAN_POINT('',(0.,1.E-02));
#1590 = VECTOR('',#1591,1.);
#1591 = DIRECTION('',(1.,0.));
#1592 = ( GEOMETRIC_REPRESENTATION_CONTEXT(2) 
PARAMETRIC_REPRESENTATION_CONTEXT() REPRESENTATION_CONTEXT('2D SPACE',''
  ) );
#1593 = ADVANCED_FACE('',(#1594),#491,.T.);
#1594 = FACE_BOUND('',#1595,.T.);
#1595 = EDGE_LOOP('',(#1596,#1619,#1647,#1668));
#1596 = ORIENTED_EDGE('',*,*,#1597,.F.);
#1597 = EDGE_CURVE('',#1598,#474,#1600,.T.);
#1598 = VERTEX_POINT('',#1599);
#1599 = CARTESIAN_POINT('',(305.,-27.3,95.5));
#1600 = SURFACE_CURVE('',#1601,(#1605,#1612),.PCURVE_S1.);
#1601 = LINE('',#1602,#1603);
#1602 = CARTESIAN_POINT('',(305.,-27.3,95.5));
#1603 = VECTOR('',#1604,1.);
#1604 = DIRECTION('',(1.,0.,-0.));
#1605 = PCURVE('',#491,#1606);
#1606 = DEFINITIONAL_REPRESENTATION('',(#1607),#1611);
#1607 = LINE('',#1608,#1609);
#1608 = CARTESIAN_POINT('',(0.,0.));
#1609 = VECTOR('',#1610,1.);
#1610 = DIRECTION('',(0.,1.));
#1611 = ( GEOMETRIC_REPRESENTATION_CONTEXT(2) 
PARAMETRIC_REPRESENTATION_CONTEXT() REPRESENTATION_CONTEXT('2D SPACE',''
  ) );
#1612 = PCURVE('',#519,#1613);
#1613 = DEFINITIONAL_REPRESENTATION('',(#1614),#1618);
#1614 = LINE('',#1615,#1616);
#1615 = CARTESIAN_POINT('',(0.,10.696668379119));
#1616 = VECTOR('',#1617,1.);
#1617 = DIRECTION('',(1.,0.));
#1618 = ( GEOMETRIC_REPRESENTATION_CONTEXT(2) 
PARAMETRIC_REPRESENTATION_CONTEXT() REPRESENTATION_CONTEXT('2D SPACE',''
  ) );
#1619 = ORIENTED_EDGE('',*,*,#1620,.T.);
#1620 = EDGE_CURVE('',#1598,#1621,#1623,.T.);
#1621 = VERTEX_POINT('',#1622);
#1622 = CARTESIAN_POINT('',(305.,-27.3,101.5));
#1623 = SURFACE_CURVE('',#1624,(#1628,#1635),.PCURVE_S1.);
#1624 = LINE('',#1625,#1626);
#1625 = CARTESIAN_POINT('',(305.,-27.3,95.5));
#1626 = VECTOR('',#1627,1.);
#1627 = DIRECTION('',(0.,0.,1.));
#1628 = PCURVE('',#491,#1629);
#1629 = DEFINITIONAL_REPRESENTATION('',(#1630),#1634);
#1630 = LINE('',#1631,#1632);
#1631 = CARTESIAN_POINT('',(0.,0.));
#1632 = VECTOR('',#1633,1.);
#1633 = DIRECTION('',(1.,0.));
#1634 = ( GEOMETRIC_REPRESENTATION_CONTEXT(2) 
PARAMETRIC_REPRESENTATION_CONTEXT() REPRESENTATION_CONTEXT('2D SPACE',''
  ) );
#1635 = PCURVE('',#1636,#1641);
#1636 = PLANE('',#1637);
#1637 = AXIS2_PLACEMENT_3D('',#1638,#1639,#1640);
#1638 = CARTESIAN_POINT('',(305.,-37.99666837911,95.5));
#1639 = DIRECTION('',(1.,0.,-0.));
#1640 = DIRECTION('',(0.,0.,1.));
#1641 = DEFINITIONAL_REPRESENTATION('',(#1642),#1646);
#1642 = LINE('',#1643,#1644);
#1643 = CARTESIAN_POINT('',(0.,-10.69666837911));
#1644 = VECTOR('',#1645,1.);
#1645 = DIRECTION('',(1.,0.));
#1646 = ( GEOMETRIC_REPRESENTATION_CONTEXT(2) 
PARAMETRIC_REPRESENTATION_CONTEXT() REPRESENTATION_CONTEXT('2D SPACE',''
  ) );
#1647 = ORIENTED_EDGE('',*,*,#1648,.T.);
#1648 = EDGE_CURVE('',#1621,#476,#1649,.T.);
#1649 = SURFACE_CURVE('',#1650,(#1654,#1661),.PCURVE_S1.);
#1650 = LINE('',#1651,#1652);
#1651 = CARTESIAN_POINT('',(305.,-27.3,101.5));
#1652 = VECTOR('',#1653,1.);
#1653 = DIRECTION('',(1.,0.,-0.));
#1654 = PCURVE('',#491,#1655);
#1655 = DEFINITIONAL_REPRESENTATION('',(#1656),#1660);
#1656 = LINE('',#1657,#1658);
#1657 = CARTESIAN_POINT('',(6.,0.));
#1658 = VECTOR('',#1659,1.);
#1659 = DIRECTION('',(0.,1.));
#1660 = ( GEOMETRIC_REPRESENTATION_CONTEXT(2) 
PARAMETRIC_REPRESENTATION_CONTEXT() REPRESENTATION_CONTEXT('2D SPACE',''
  ) );
#1661 = PCURVE('',#573,#1662);
#1662 = DEFINITIONAL_REPRESENTATION('',(#1663),#1667);
#1663 = LINE('',#1664,#1665);
#1664 = CARTESIAN_POINT('',(0.,10.696668379119));
#1665 = VECTOR('',#1666,1.);
#1666 = DIRECTION('',(1.,0.));
#1667 = ( GEOMETRIC_REPRESENTATION_CONTEXT(2) 
PARAMETRIC_REPRESENTATION_CONTEXT() REPRESENTATION_CONTEXT('2D SPACE',''
  ) );
#1668 = ORIENTED_EDGE('',*,*,#473,.F.);
#1669 = ADVANCED_FACE('',(#1670,#1718),#573,.T.);
#1670 = FACE_BOUND('',#1671,.T.);
#1671 = EDGE_LOOP('',(#1672,#1695,#1716,#1717));
#1672 = ORIENTED_EDGE('',*,*,#1673,.F.);
#1673 = EDGE_CURVE('',#1674,#1621,#1676,.T.);
#1674 = VERTEX_POINT('',#1675);
#1675 = CARTESIAN_POINT('',(305.,-37.99666837911,101.5));
#1676 = SURFACE_CURVE('',#1677,(#1681,#1688),.PCURVE_S1.);
#1677 = LINE('',#1678,#1679);
#1678 = CARTESIAN_POINT('',(305.,-37.99666837911,101.5));
#1679 = VECTOR('',#1680,1.);
#1680 = DIRECTION('',(-0.,1.,0.));
#1681 = PCURVE('',#573,#1682);
#1682 = DEFINITIONAL_REPRESENTATION('',(#1683),#1687);
#1683 = LINE('',#1684,#1685);
#1684 = CARTESIAN_POINT('',(0.,0.));
#1685 = VECTOR('',#1686,1.);
#1686 = DIRECTION('',(0.,1.));
#1687 = ( GEOMETRIC_REPRESENTATION_CONTEXT(2) 
PARAMETRIC_REPRESENTATION_CONTEXT() REPRESENTATION_CONTEXT('2D SPACE',''
  ) );
#1688 = PCURVE('',#1636,#1689);
#1689 = DEFINITIONAL_REPRESENTATION('',(#1690),#1694);
#1690 = LINE('',#1691,#1692);
#1691 = CARTESIAN_POINT('',(6.,0.));
#1692 = VECTOR('',#1693,1.);
#1693 = DIRECTION('',(0.,-1.));
#1694 = ( GEOMETRIC_REPRESENTATION_CONTEXT(2) 
PARAMETRIC_REPRESENTATION_CONTEXT() REPRESENTATION_CONTEXT('2D SPACE',''
  ) );
#1695 = ORIENTED_EDGE('',*,*,#1696,.T.);
#1696 = EDGE_CURVE('',#1674,#532,#1697,.T.);
#1697 = SURFACE_CURVE('',#1698,(#1702,#1709),.PCURVE_S1.);
#1698 = LINE('',#1699,#1700);
#1699 = CARTESIAN_POINT('',(305.,-37.99666837911,101.5));
#1700 = VECTOR('',#1701,1.);
#1701 = DIRECTION('',(1.,0.,-0.));
#1702 = PCURVE('',#573,#1703);
#1703 = DEFINITIONAL_REPRESENTATION('',(#1704),#1708);
#1704 = LINE('',#1705,#1706);
#1705 = CARTESIAN_POINT('',(0.,0.));
#1706 = VECTOR('',#1707,1.);
#1707 = DIRECTION('',(1.,0.));
#1708 = ( GEOMETRIC_REPRESENTATION_CONTEXT(2) 
PARAMETRIC_REPRESENTATION_CONTEXT() REPRESENTATION_CONTEXT('2D SPACE',''
  ) );
#1709 = PCURVE('',#547,#1710);
#1710 = DEFINITIONAL_REPRESENTATION('',(#1711),#1715);
#1711 = LINE('',#1712,#1713);
#1712 = CARTESIAN_POINT('',(6.,0.));
#1713 = VECTOR('',#1714,1.);
#1714 = DIRECTION('',(0.,1.));
#1715 = ( GEOMETRIC_REPRESENTATION_CONTEXT(2) 
PARAMETRIC_REPRESENTATION_CONTEXT() REPRESENTATION_CONTEXT('2D SPACE',''
  ) );
#1716 = ORIENTED_EDGE('',*,*,#559,.T.);
#1717 = ORIENTED_EDGE('',*,*,#1648,.F.);
#1718 = FACE_BOUND('',#1719,.T.);
#1719 = EDGE_LOOP('',(#1720));
#1720 = ORIENTED_EDGE('',*,*,#1721,.F.);
#1721 = EDGE_CURVE('',#1722,#1722,#1724,.T.);
#1722 = VERTEX_POINT('',#1723);
#1723 = CARTESIAN_POINT('',(310.325,-30.14833418955,101.5));
#1724 = SURFACE_CURVE('',#1725,(#1730,#1737),.PCURVE_S1.);
#1725 = CIRCLE('',#1726,1.325);
#1726 = AXIS2_PLACEMENT_3D('',#1727,#1728,#1729);
#1727 = CARTESIAN_POINT('',(309.,-30.14833418955,101.5));
#1728 = DIRECTION('',(0.,0.,1.));
#1729 = DIRECTION('',(1.,0.,-0.));
#1730 = PCURVE('',#573,#1731);
#1731 = DEFINITIONAL_REPRESENTATION('',(#1732),#1736);
#1732 = CIRCLE('',#1733,1.325);
#1733 = AXIS2_PLACEMENT_2D('',#1734,#1735);
#1734 = CARTESIAN_POINT('',(4.,7.848334189559));
#1735 = DIRECTION('',(1.,0.));
#1736 = ( GEOMETRIC_REPRESENTATION_CONTEXT(2) 
PARAMETRIC_REPRESENTATION_CONTEXT() REPRESENTATION_CONTEXT('2D SPACE',''
  ) );
#1737 = PCURVE('',#1738,#1743);
#1738 = CYLINDRICAL_SURFACE('',#1739,1.325);
#1739 = AXIS2_PLACEMENT_3D('',#1740,#1741,#1742);
#1740 = CARTESIAN_POINT('',(309.,-30.14833418955,96.5));
#1741 = DIRECTION('',(0.,0.,1.));
#1742 = DIRECTION('',(1.,0.,-0.));
#1743 = DEFINITIONAL_REPRESENTATION('',(#1744),#1748);
#1744 = LINE('',#1745,#1746);
#1745 = CARTESIAN_POINT('',(0.,5.));
#1746 = VECTOR('',#1747,1.);
#1747 = DIRECTION('',(1.,0.));
#1748 = ( GEOMETRIC_REPRESENTATION_CONTEXT(2) 
PARAMETRIC_REPRESENTATION_CONTEXT() REPRESENTATION_CONTEXT('2D SPACE',''
  ) );
#1749 = ADVANCED_FACE('',(#1750),#547,.F.);
#1750 = FACE_BOUND('',#1751,.F.);
#1751 = EDGE_LOOP('',(#1752,#1775,#1796,#1797));
#1752 = ORIENTED_EDGE('',*,*,#1753,.F.);
#1753 = EDGE_CURVE('',#1754,#504,#1756,.T.);
#1754 = VERTEX_POINT('',#1755);
#1755 = CARTESIAN_POINT('',(305.,-37.99666837911,95.5));
#1756 = SURFACE_CURVE('',#1757,(#1761,#1768),.PCURVE_S1.);
#1757 = LINE('',#1758,#1759);
#1758 = CARTESIAN_POINT('',(305.,-37.99666837911,95.5));
#1759 = VECTOR('',#1760,1.);
#1760 = DIRECTION('',(1.,0.,-0.));
#1761 = PCURVE('',#547,#1762);
#1762 = DEFINITIONAL_REPRESENTATION('',(#1763),#1767);
#1763 = LINE('',#1764,#1765);
#1764 = CARTESIAN_POINT('',(0.,0.));
#1765 = VECTOR('',#1766,1.);
#1766 = DIRECTION('',(0.,1.));
#1767 = ( GEOMETRIC_REPRESENTATION_CONTEXT(2) 
PARAMETRIC_REPRESENTATION_CONTEXT() REPRESENTATION_CONTEXT('2D SPACE',''
  ) );
#1768 = PCURVE('',#519,#1769);
#1769 = DEFINITIONAL_REPRESENTATION('',(#1770),#1774);
#1770 = LINE('',#1771,#1772);
#1771 = CARTESIAN_POINT('',(0.,0.));
#1772 = VECTOR('',#1773,1.);
#1773 = DIRECTION('',(1.,0.));
#1774 = ( GEOMETRIC_REPRESENTATION_CONTEXT(2) 
PARAMETRIC_REPRESENTATION_CONTEXT() REPRESENTATION_CONTEXT('2D SPACE',''
  ) );
#1775 = ORIENTED_EDGE('',*,*,#1776,.T.);
#1776 = EDGE_CURVE('',#1754,#1674,#1777,.T.);
#1777 = SURFACE_CURVE('',#1778,(#1782,#1789),.PCURVE_S1.);
#1778 = LINE('',#1779,#1780);
#1779 = CARTESIAN_POINT('',(305.,-37.99666837911,95.5));
#1780 = VECTOR('',#1781,1.);
#1781 = DIRECTION('',(0.,0.,1.));
#1782 = PCURVE('',#547,#1783);
#1783 = DEFINITIONAL_REPRESENTATION('',(#1784),#1788);
#1784 = LINE('',#1785,#1786);
#1785 = CARTESIAN_POINT('',(0.,0.));
#1786 = VECTOR('',#1787,1.);
#1787 = DIRECTION('',(1.,0.));
#1788 = ( GEOMETRIC_REPRESENTATION_CONTEXT(2) 
PARAMETRIC_REPRESENTATION_CONTEXT() REPRESENTATION_CONTEXT('2D SPACE',''
  ) );
#1789 = PCURVE('',#1636,#1790);
#1790 = DEFINITIONAL_REPRESENTATION('',(#1791),#1795);
#1791 = LINE('',#1792,#1793);
#1792 = CARTESIAN_POINT('',(0.,0.));
#1793 = VECTOR('',#1794,1.);
#1794 = DIRECTION('',(1.,0.));
#1795 = ( GEOMETRIC_REPRESENTATION_CONTEXT(2) 
PARAMETRIC_REPRESENTATION_CONTEXT() REPRESENTATION_CONTEXT('2D SPACE',''
  ) );
#1796 = ORIENTED_EDGE('',*,*,#1696,.T.);
#1797 = ORIENTED_EDGE('',*,*,#531,.F.);
#1798 = ADVANCED_FACE('',(#1799),#519,.F.);
#1799 = FACE_BOUND('',#1800,.F.);
#1800 = EDGE_LOOP('',(#1801,#1822,#1823,#1824));
#1801 = ORIENTED_EDGE('',*,*,#1802,.F.);
#1802 = EDGE_CURVE('',#1754,#1598,#1803,.T.);
#1803 = SURFACE_CURVE('',#1804,(#1808,#1815),.PCURVE_S1.);
#1804 = LINE('',#1805,#1806);
#1805 = CARTESIAN_POINT('',(305.,-37.99666837911,95.5));
#1806 = VECTOR('',#1807,1.);
#1807 = DIRECTION('',(-0.,1.,0.));
#1808 = PCURVE('',#519,#1809);
#1809 = DEFINITIONAL_REPRESENTATION('',(#1810),#1814);
#1810 = LINE('',#1811,#1812);
#1811 = CARTESIAN_POINT('',(0.,0.));
#1812 = VECTOR('',#1813,1.);
#1813 = DIRECTION('',(0.,1.));
#1814 = ( GEOMETRIC_REPRESENTATION_CONTEXT(2) 
PARAMETRIC_REPRESENTATION_CONTEXT() REPRESENTATION_CONTEXT('2D SPACE',''
  ) );
#1815 = PCURVE('',#1636,#1816);
#1816 = DEFINITIONAL_REPRESENTATION('',(#1817),#1821);
#1817 = LINE('',#1818,#1819);
#1818 = CARTESIAN_POINT('',(0.,0.));
#1819 = VECTOR('',#1820,1.);
#1820 = DIRECTION('',(0.,-1.));
#1821 = ( GEOMETRIC_REPRESENTATION_CONTEXT(2) 
PARAMETRIC_REPRESENTATION_CONTEXT() REPRESENTATION_CONTEXT('2D SPACE',''
  ) );
#1822 = ORIENTED_EDGE('',*,*,#1753,.T.);
#1823 = ORIENTED_EDGE('',*,*,#503,.T.);
#1824 = ORIENTED_EDGE('',*,*,#1597,.F.);
#1825 = ADVANCED_FACE('',(#1826),#628,.T.);
#1826 = FACE_BOUND('',#1827,.T.);
#1827 = EDGE_LOOP('',(#1828,#1829,#1830,#1831));
#1828 = ORIENTED_EDGE('',*,*,#1341,.F.);
#1829 = ORIENTED_EDGE('',*,*,#1313,.T.);
#1830 = ORIENTED_EDGE('',*,*,#762,.T.);
#1831 = ORIENTED_EDGE('',*,*,#612,.F.);
#1832 = ADVANCED_FACE('',(#1833),#727,.F.);
#1833 = FACE_BOUND('',#1834,.F.);
#1834 = EDGE_LOOP('',(#1835,#1836,#1837,#1838,#1839,#1840,#1841,#1842));
#1835 = ORIENTED_EDGE('',*,*,#1102,.F.);
#1836 = ORIENTED_EDGE('',*,*,#1174,.F.);
#1837 = ORIENTED_EDGE('',*,*,#1203,.F.);
#1838 = ORIENTED_EDGE('',*,*,#711,.F.);
#1839 = ORIENTED_EDGE('',*,*,#848,.F.);
#1840 = ORIENTED_EDGE('',*,*,#982,.F.);
#1841 = ORIENTED_EDGE('',*,*,#1008,.T.);
#1842 = ORIENTED_EDGE('',*,*,#1077,.F.);
#1843 = ADVANCED_FACE('',(#1844),#802,.F.);
#1844 = FACE_BOUND('',#1845,.F.);
#1845 = EDGE_LOOP('',(#1846,#1847,#1870,#1897));
#1846 = ORIENTED_EDGE('',*,*,#785,.F.);
#1847 = ORIENTED_EDGE('',*,*,#1848,.F.);
#1848 = EDGE_CURVE('',#1849,#786,#1851,.T.);
#1849 = VERTEX_POINT('',#1850);
#1850 = CARTESIAN_POINT('',(310.325,82.,30.45));
#1851 = SEAM_CURVE('',#1852,(#1856,#1863),.PCURVE_S1.);
#1852 = LINE('',#1853,#1854);
#1853 = CARTESIAN_POINT('',(310.325,82.,30.45));
#1854 = VECTOR('',#1855,1.);
#1855 = DIRECTION('',(0.,1.,2.22044604925E-16));
#1856 = PCURVE('',#802,#1857);
#1857 = DEFINITIONAL_REPRESENTATION('',(#1858),#1862);
#1858 = LINE('',#1859,#1860);
#1859 = CARTESIAN_POINT('',(6.28318530718,-0.));
#1860 = VECTOR('',#1861,1.);
#1861 = DIRECTION('',(0.,1.));
#1862 = ( GEOMETRIC_REPRESENTATION_CONTEXT(2) 
PARAMETRIC_REPRESENTATION_CONTEXT() REPRESENTATION_CONTEXT('2D SPACE',''
  ) );
#1863 = PCURVE('',#802,#1864);
#1864 = DEFINITIONAL_REPRESENTATION('',(#1865),#1869);
#1865 = LINE('',#1866,#1867);
#1866 = CARTESIAN_POINT('',(0.,-0.));
#1867 = VECTOR('',#1868,1.);
#1868 = DIRECTION('',(0.,1.));
#1869 = ( GEOMETRIC_REPRESENTATION_CONTEXT(2) 
PARAMETRIC_REPRESENTATION_CONTEXT() REPRESENTATION_CONTEXT('2D SPACE',''
  ) );
#1870 = ORIENTED_EDGE('',*,*,#1871,.T.);
#1871 = EDGE_CURVE('',#1849,#1849,#1872,.T.);
#1872 = SURFACE_CURVE('',#1873,(#1878,#1885),.PCURVE_S1.);
#1873 = CIRCLE('',#1874,1.325);
#1874 = AXIS2_PLACEMENT_3D('',#1875,#1876,#1877);
#1875 = CARTESIAN_POINT('',(309.,82.,30.45));
#1876 = DIRECTION('',(0.,1.,2.22044604925E-16));
#1877 = DIRECTION('',(1.,0.,-0.));
#1878 = PCURVE('',#802,#1879);
#1879 = DEFINITIONAL_REPRESENTATION('',(#1880),#1884);
#1880 = LINE('',#1881,#1882);
#1881 = CARTESIAN_POINT('',(0.,0.));
#1882 = VECTOR('',#1883,1.);
#1883 = DIRECTION('',(1.,0.));
#1884 = ( GEOMETRIC_REPRESENTATION_CONTEXT(2) 
PARAMETRIC_REPRESENTATION_CONTEXT() REPRESENTATION_CONTEXT('2D SPACE',''
  ) );
#1885 = PCURVE('',#1886,#1891);
#1886 = PLANE('',#1887);
#1887 = AXIS2_PLACEMENT_3D('',#1888,#1889,#1890);
#1888 = CARTESIAN_POINT('',(309.,82.,30.45));
#1889 = DIRECTION('',(0.,1.,2.22044604925E-16));
#1890 = DIRECTION('',(1.,0.,-0.));
#1891 = DEFINITIONAL_REPRESENTATION('',(#1892),#1896);
#1892 = CIRCLE('',#1893,1.325);
#1893 = AXIS2_PLACEMENT_2D('',#1894,#1895);
#1894 = CARTESIAN_POINT('',(0.,0.));
#1895 = DIRECTION('',(1.,0.));
#1896 = ( GEOMETRIC_REPRESENTATION_CONTEXT(2) 
PARAMETRIC_REPRESENTATION_CONTEXT() REPRESENTATION_CONTEXT('2D SPACE',''
  ) );
#1897 = ORIENTED_EDGE('',*,*,#1848,.T.);
#1898 = ADVANCED_FACE('',(#1899),#833,.F.);
#1899 = FACE_BOUND('',#1900,.F.);
#1900 = EDGE_LOOP('',(#1901,#1902,#1925,#1952));
#1901 = ORIENTED_EDGE('',*,*,#816,.F.);
#1902 = ORIENTED_EDGE('',*,*,#1903,.F.);
#1903 = EDGE_CURVE('',#1904,#817,#1906,.T.);
#1904 = VERTEX_POINT('',#1905);
#1905 = CARTESIAN_POINT('',(310.325,82.,71.05));
#1906 = SEAM_CURVE('',#1907,(#1911,#1918),.PCURVE_S1.);
#1907 = LINE('',#1908,#1909);
#1908 = CARTESIAN_POINT('',(310.325,82.,71.05));
#1909 = VECTOR('',#1910,1.);
#1910 = DIRECTION('',(0.,1.,2.22044604925E-16));
#1911 = PCURVE('',#833,#1912);
#1912 = DEFINITIONAL_REPRESENTATION('',(#1913),#1917);
#1913 = LINE('',#1914,#1915);
#1914 = CARTESIAN_POINT('',(6.28318530718,-0.));
#1915 = VECTOR('',#1916,1.);
#1916 = DIRECTION('',(0.,1.));
#1917 = ( GEOMETRIC_REPRESENTATION_CONTEXT(2) 
PARAMETRIC_REPRESENTATION_CONTEXT() REPRESENTATION_CONTEXT('2D SPACE',''
  ) );
#1918 = PCURVE('',#833,#1919);
#1919 = DEFINITIONAL_REPRESENTATION('',(#1920),#1924);
#1920 = LINE('',#1921,#1922);
#1921 = CARTESIAN_POINT('',(0.,-0.));
#1922 = VECTOR('',#1923,1.);
#1923 = DIRECTION('',(0.,1.));
#1924 = ( GEOMETRIC_REPRESENTATION_CONTEXT(2) 
PARAMETRIC_REPRESENTATION_CONTEXT() REPRESENTATION_CONTEXT('2D SPACE',''
  ) );
#1925 = ORIENTED_EDGE('',*,*,#1926,.T.);
#1926 = EDGE_CURVE('',#1904,#1904,#1927,.T.);
#1927 = SURFACE_CURVE('',#1928,(#1933,#1940),.PCURVE_S1.);
#1928 = CIRCLE('',#1929,1.325);
#1929 = AXIS2_PLACEMENT_3D('',#1930,#1931,#1932);
#1930 = CARTESIAN_POINT('',(309.,82.,71.05));
#1931 = DIRECTION('',(0.,1.,2.22044604925E-16));
#1932 = DIRECTION('',(1.,0.,-0.));
#1933 = PCURVE('',#833,#1934);
#1934 = DEFINITIONAL_REPRESENTATION('',(#1935),#1939);
#1935 = LINE('',#1936,#1937);
#1936 = CARTESIAN_POINT('',(0.,0.));
#1937 = VECTOR('',#1938,1.);
#1938 = DIRECTION('',(1.,0.));
#1939 = ( GEOMETRIC_REPRESENTATION_CONTEXT(2) 
PARAMETRIC_REPRESENTATION_CONTEXT() REPRESENTATION_CONTEXT('2D SPACE',''
  ) );
#1940 = PCURVE('',#1941,#1946);
#1941 = PLANE('',#1942);
#1942 = AXIS2_PLACEMENT_3D('',#1943,#1944,#1945);
#1943 = CARTESIAN_POINT('',(309.,82.,71.05));
#1944 = DIRECTION('',(0.,1.,2.22044604925E-16));
#1945 = DIRECTION('',(1.,0.,-0.));
#1946 = DEFINITIONAL_REPRESENTATION('',(#1947),#1951);
#1947 = CIRCLE('',#1948,1.325);
#1948 = AXIS2_PLACEMENT_2D('',#1949,#1950);
#1949 = CARTESIAN_POINT('',(0.,0.));
#1950 = DIRECTION('',(1.,0.));
#1951 = ( GEOMETRIC_REPRESENTATION_CONTEXT(2) 
PARAMETRIC_REPRESENTATION_CONTEXT() REPRESENTATION_CONTEXT('2D SPACE',''
  ) );
#1952 = ORIENTED_EDGE('',*,*,#1903,.T.);
#1953 = ADVANCED_FACE('',(#1954),#913,.F.);
#1954 = FACE_BOUND('',#1955,.F.);
#1955 = EDGE_LOOP('',(#1956,#1957,#1980,#2007));
#1956 = ORIENTED_EDGE('',*,*,#896,.F.);
#1957 = ORIENTED_EDGE('',*,*,#1958,.F.);
#1958 = EDGE_CURVE('',#1959,#897,#1961,.T.);
#1959 = VERTEX_POINT('',#1960);
#1960 = CARTESIAN_POINT('',(310.325,44.,96.5));
#1961 = SEAM_CURVE('',#1962,(#1966,#1973),.PCURVE_S1.);
#1962 = LINE('',#1963,#1964);
#1963 = CARTESIAN_POINT('',(310.325,44.,96.5));
#1964 = VECTOR('',#1965,1.);
#1965 = DIRECTION('',(0.,0.,1.));
#1966 = PCURVE('',#913,#1967);
#1967 = DEFINITIONAL_REPRESENTATION('',(#1968),#1972);
#1968 = LINE('',#1969,#1970);
#1969 = CARTESIAN_POINT('',(6.28318530718,-0.));
#1970 = VECTOR('',#1971,1.);
#1971 = DIRECTION('',(0.,1.));
#1972 = ( GEOMETRIC_REPRESENTATION_CONTEXT(2) 
PARAMETRIC_REPRESENTATION_CONTEXT() REPRESENTATION_CONTEXT('2D SPACE',''
  ) );
#1973 = PCURVE('',#913,#1974);
#1974 = DEFINITIONAL_REPRESENTATION('',(#1975),#1979);
#1975 = LINE('',#1976,#1977);
#1976 = CARTESIAN_POINT('',(0.,-0.));
#1977 = VECTOR('',#1978,1.);
#1978 = DIRECTION('',(0.,1.));
#1979 = ( GEOMETRIC_REPRESENTATION_CONTEXT(2) 
PARAMETRIC_REPRESENTATION_CONTEXT() REPRESENTATION_CONTEXT('2D SPACE',''
  ) );
#1980 = ORIENTED_EDGE('',*,*,#1981,.T.);
#1981 = EDGE_CURVE('',#1959,#1959,#1982,.T.);
#1982 = SURFACE_CURVE('',#1983,(#1988,#1995),.PCURVE_S1.);
#1983 = CIRCLE('',#1984,1.325);
#1984 = AXIS2_PLACEMENT_3D('',#1985,#1986,#1987);
#1985 = CARTESIAN_POINT('',(309.,44.,96.5));
#1986 = DIRECTION('',(0.,0.,1.));
#1987 = DIRECTION('',(1.,0.,-0.));
#1988 = PCURVE('',#913,#1989);
#1989 = DEFINITIONAL_REPRESENTATION('',(#1990),#1994);
#1990 = LINE('',#1991,#1992);
#1991 = CARTESIAN_POINT('',(0.,0.));
#1992 = VECTOR('',#1993,1.);
#1993 = DIRECTION('',(1.,0.));
#1994 = ( GEOMETRIC_REPRESENTATION_CONTEXT(2) 
PARAMETRIC_REPRESENTATION_CONTEXT() REPRESENTATION_CONTEXT('2D SPACE',''
  ) );
#1995 = PCURVE('',#1996,#2001);
#1996 = PLANE('',#1997);
#1997 = AXIS2_PLACEMENT_3D('',#1998,#1999,#2000);
#1998 = CARTESIAN_POINT('',(309.,44.,96.5));
#1999 = DIRECTION('',(0.,0.,1.));
#2000 = DIRECTION('',(1.,0.,-0.));
#2001 = DEFINITIONAL_REPRESENTATION('',(#2002),#2006);
#2002 = CIRCLE('',#2003,1.325);
#2003 = AXIS2_PLACEMENT_2D('',#2004,#2005);
#2004 = CARTESIAN_POINT('',(0.,0.));
#2005 = DIRECTION('',(1.,0.));
#2006 = ( GEOMETRIC_REPRESENTATION_CONTEXT(2) 
PARAMETRIC_REPRESENTATION_CONTEXT() REPRESENTATION_CONTEXT('2D SPACE',''
  ) );
#2007 = ORIENTED_EDGE('',*,*,#1958,.T.);
#2008 = ADVANCED_FACE('',(#2009),#944,.F.);
#2009 = FACE_BOUND('',#2010,.F.);
#2010 = EDGE_LOOP('',(#2011,#2012,#2035,#2062));
#2011 = ORIENTED_EDGE('',*,*,#927,.F.);
#2012 = ORIENTED_EDGE('',*,*,#2013,.F.);
#2013 = EDGE_CURVE('',#2014,#928,#2016,.T.);
#2014 = VERTEX_POINT('',#2015);
#2015 = CARTESIAN_POINT('',(310.325,70.,96.5));
#2016 = SEAM_CURVE('',#2017,(#2021,#2028),.PCURVE_S1.);
#2017 = LINE('',#2018,#2019);
#2018 = CARTESIAN_POINT('',(310.325,70.,96.5));
#2019 = VECTOR('',#2020,1.);
#2020 = DIRECTION('',(0.,0.,1.));
#2021 = PCURVE('',#944,#2022);
#2022 = DEFINITIONAL_REPRESENTATION('',(#2023),#2027);
#2023 = LINE('',#2024,#2025);
#2024 = CARTESIAN_POINT('',(6.28318530718,-0.));
#2025 = VECTOR('',#2026,1.);
#2026 = DIRECTION('',(0.,1.));
#2027 = ( GEOMETRIC_REPRESENTATION_CONTEXT(2) 
PARAMETRIC_REPRESENTATION_CONTEXT() REPRESENTATION_CONTEXT('2D SPACE',''
  ) );
#2028 = PCURVE('',#944,#2029);
#2029 = DEFINITIONAL_REPRESENTATION('',(#2030),#2034);
#2030 = LINE('',#2031,#2032);
#2031 = CARTESIAN_POINT('',(0.,-0.));
#2032 = VECTOR('',#2033,1.);
#2033 = DIRECTION('',(0.,1.));
#2034 = ( GEOMETRIC_REPRESENTATION_CONTEXT(2) 
PARAMETRIC_REPRESENTATION_CONTEXT() REPRESENTATION_CONTEXT('2D SPACE',''
  ) );
#2035 = ORIENTED_EDGE('',*,*,#2036,.T.);
#2036 = EDGE_CURVE('',#2014,#2014,#2037,.T.);
#2037 = SURFACE_CURVE('',#2038,(#2043,#2050),.PCURVE_S1.);
#2038 = CIRCLE('',#2039,1.325);
#2039 = AXIS2_PLACEMENT_3D('',#2040,#2041,#2042);
#2040 = CARTESIAN_POINT('',(309.,70.,96.5));
#2041 = DIRECTION('',(0.,0.,1.));
#2042 = DIRECTION('',(1.,0.,-0.));
#2043 = PCURVE('',#944,#2044);
#2044 = DEFINITIONAL_REPRESENTATION('',(#2045),#2049);
#2045 = LINE('',#2046,#2047);
#2046 = CARTESIAN_POINT('',(0.,0.));
#2047 = VECTOR('',#2048,1.);
#2048 = DIRECTION('',(1.,0.));
#2049 = ( GEOMETRIC_REPRESENTATION_CONTEXT(2) 
PARAMETRIC_REPRESENTATION_CONTEXT() REPRESENTATION_CONTEXT('2D SPACE',''
  ) );
#2050 = PCURVE('',#2051,#2056);
#2051 = PLANE('',#2052);
#2052 = AXIS2_PLACEMENT_3D('',#2053,#2054,#2055);
#2053 = CARTESIAN_POINT('',(309.,70.,96.5));
#2054 = DIRECTION('',(0.,0.,1.));
#2055 = DIRECTION('',(1.,0.,-0.));
#2056 = DEFINITIONAL_REPRESENTATION('',(#2057),#2061);
#2057 = CIRCLE('',#2058,1.325);
#2058 = AXIS2_PLACEMENT_2D('',#2059,#2060);
#2059 = CARTESIAN_POINT('',(0.,0.));
#2060 = DIRECTION('',(1.,0.));
#2061 = ( GEOMETRIC_REPRESENTATION_CONTEXT(2) 
PARAMETRIC_REPRESENTATION_CONTEXT() REPRESENTATION_CONTEXT('2D SPACE',''
  ) );
#2062 = ORIENTED_EDGE('',*,*,#2013,.T.);
#2063 = ADVANCED_FACE('',(#2064),#1243,.F.);
#2064 = FACE_BOUND('',#2065,.F.);
#2065 = EDGE_LOOP('',(#2066,#2089,#2116,#2117));
#2066 = ORIENTED_EDGE('',*,*,#2067,.T.);
#2067 = EDGE_CURVE('',#1227,#2068,#2070,.T.);
#2068 = VERTEX_POINT('',#2069);
#2069 = CARTESIAN_POINT('',(310.325,44.,5.));
#2070 = SEAM_CURVE('',#2071,(#2075,#2082),.PCURVE_S1.);
#2071 = LINE('',#2072,#2073);
#2072 = CARTESIAN_POINT('',(310.325,44.,-1.E-02));
#2073 = VECTOR('',#2074,1.);
#2074 = DIRECTION('',(0.,0.,1.));
#2075 = PCURVE('',#1243,#2076);
#2076 = DEFINITIONAL_REPRESENTATION('',(#2077),#2081);
#2077 = LINE('',#2078,#2079);
#2078 = CARTESIAN_POINT('',(6.28318530718,-0.));
#2079 = VECTOR('',#2080,1.);
#2080 = DIRECTION('',(0.,1.));
#2081 = ( GEOMETRIC_REPRESENTATION_CONTEXT(2) 
PARAMETRIC_REPRESENTATION_CONTEXT() REPRESENTATION_CONTEXT('2D SPACE',''
  ) );
#2082 = PCURVE('',#1243,#2083);
#2083 = DEFINITIONAL_REPRESENTATION('',(#2084),#2088);
#2084 = LINE('',#2085,#2086);
#2085 = CARTESIAN_POINT('',(0.,-0.));
#2086 = VECTOR('',#2087,1.);
#2087 = DIRECTION('',(0.,1.));
#2088 = ( GEOMETRIC_REPRESENTATION_CONTEXT(2) 
PARAMETRIC_REPRESENTATION_CONTEXT() REPRESENTATION_CONTEXT('2D SPACE',''
  ) );
#2089 = ORIENTED_EDGE('',*,*,#2090,.F.);
#2090 = EDGE_CURVE('',#2068,#2068,#2091,.T.);
#2091 = SURFACE_CURVE('',#2092,(#2097,#2104),.PCURVE_S1.);
#2092 = CIRCLE('',#2093,1.325);
#2093 = AXIS2_PLACEMENT_3D('',#2094,#2095,#2096);
#2094 = CARTESIAN_POINT('',(309.,44.,5.));
#2095 = DIRECTION('',(0.,0.,1.));
#2096 = DIRECTION('',(1.,0.,-0.));
#2097 = PCURVE('',#1243,#2098);
#2098 = DEFINITIONAL_REPRESENTATION('',(#2099),#2103);
#2099 = LINE('',#2100,#2101);
#2100 = CARTESIAN_POINT('',(0.,5.01));
#2101 = VECTOR('',#2102,1.);
#2102 = DIRECTION('',(1.,0.));
#2103 = ( GEOMETRIC_REPRESENTATION_CONTEXT(2) 
PARAMETRIC_REPRESENTATION_CONTEXT() REPRESENTATION_CONTEXT('2D SPACE',''
  ) );
#2104 = PCURVE('',#2105,#2110);
#2105 = PLANE('',#2106);
#2106 = AXIS2_PLACEMENT_3D('',#2107,#2108,#2109);
#2107 = CARTESIAN_POINT('',(309.,44.,5.));
#2108 = DIRECTION('',(0.,0.,1.));
#2109 = DIRECTION('',(1.,0.,-0.));
#2110 = DEFINITIONAL_REPRESENTATION('',(#2111),#2115);
#2111 = CIRCLE('',#2112,1.325);
#2112 = AXIS2_PLACEMENT_2D('',#2113,#2114);
#2113 = CARTESIAN_POINT('',(0.,0.));
#2114 = DIRECTION('',(1.,0.));
#2115 = ( GEOMETRIC_REPRESENTATION_CONTEXT(2) 
PARAMETRIC_REPRESENTATION_CONTEXT() REPRESENTATION_CONTEXT('2D SPACE',''
  ) );
#2116 = ORIENTED_EDGE('',*,*,#2067,.F.);
#2117 = ORIENTED_EDGE('',*,*,#1226,.T.);
#2118 = ADVANCED_FACE('',(#2119),#1274,.F.);
#2119 = FACE_BOUND('',#2120,.F.);
#2120 = EDGE_LOOP('',(#2121,#2144,#2171,#2172));
#2121 = ORIENTED_EDGE('',*,*,#2122,.T.);
#2122 = EDGE_CURVE('',#1258,#2123,#2125,.T.);
#2123 = VERTEX_POINT('',#2124);
#2124 = CARTESIAN_POINT('',(310.325,70.,5.));
#2125 = SEAM_CURVE('',#2126,(#2130,#2137),.PCURVE_S1.);
#2126 = LINE('',#2127,#2128);
#2127 = CARTESIAN_POINT('',(310.325,70.,-1.E-02));
#2128 = VECTOR('',#2129,1.);
#2129 = DIRECTION('',(0.,0.,1.));
#2130 = PCURVE('',#1274,#2131);
#2131 = DEFINITIONAL_REPRESENTATION('',(#2132),#2136);
#2132 = LINE('',#2133,#2134);
#2133 = CARTESIAN_POINT('',(6.28318530718,-0.));
#2134 = VECTOR('',#2135,1.);
#2135 = DIRECTION('',(0.,1.));
#2136 = ( GEOMETRIC_REPRESENTATION_CONTEXT(2) 
PARAMETRIC_REPRESENTATION_CONTEXT() REPRESENTATION_CONTEXT('2D SPACE',''
  ) );
#2137 = PCURVE('',#1274,#2138);
#2138 = DEFINITIONAL_REPRESENTATION('',(#2139),#2143);
#2139 = LINE('',#2140,#2141);
#2140 = CARTESIAN_POINT('',(0.,-0.));
#2141 = VECTOR('',#2142,1.);
#2142 = DIRECTION('',(0.,1.));
#2143 = ( GEOMETRIC_REPRESENTATION_CONTEXT(2) 
PARAMETRIC_REPRESENTATION_CONTEXT() REPRESENTATION_CONTEXT('2D SPACE',''
  ) );
#2144 = ORIENTED_EDGE('',*,*,#2145,.F.);
#2145 = EDGE_CURVE('',#2123,#2123,#2146,.T.);
#2146 = SURFACE_CURVE('',#2147,(#2152,#2159),.PCURVE_S1.);
#2147 = CIRCLE('',#2148,1.325);
#2148 = AXIS2_PLACEMENT_3D('',#2149,#2150,#2151);
#2149 = CARTESIAN_POINT('',(309.,70.,5.));
#2150 = DIRECTION('',(0.,0.,1.));
#2151 = DIRECTION('',(1.,0.,-0.));
#2152 = PCURVE('',#1274,#2153);
#2153 = DEFINITIONAL_REPRESENTATION('',(#2154),#2158);
#2154 = LINE('',#2155,#2156);
#2155 = CARTESIAN_POINT('',(0.,5.01));
#2156 = VECTOR('',#2157,1.);
#2157 = DIRECTION('',(1.,0.));
#2158 = ( GEOMETRIC_REPRESENTATION_CONTEXT(2) 
PARAMETRIC_REPRESENTATION_CONTEXT() REPRESENTATION_CONTEXT('2D SPACE',''
  ) );
#2159 = PCURVE('',#2160,#2165);
#2160 = PLANE('',#2161);
#2161 = AXIS2_PLACEMENT_3D('',#2162,#2163,#2164);
#2162 = CARTESIAN_POINT('',(309.,70.,5.));
#2163 = DIRECTION('',(0.,0.,1.));
#2164 = DIRECTION('',(1.,0.,-0.));
#2165 = DEFINITIONAL_REPRESENTATION('',(#2166),#2170);
#2166 = CIRCLE('',#2167,1.325);
#2167 = AXIS2_PLACEMENT_2D('',#2168,#2169);
#2168 = CARTESIAN_POINT('',(0.,0.));
#2169 = DIRECTION('',(1.,0.));
#2170 = ( GEOMETRIC_REPRESENTATION_CONTEXT(2) 
PARAMETRIC_REPRESENTATION_CONTEXT() REPRESENTATION_CONTEXT('2D SPACE',''
  ) );
#2171 = ORIENTED_EDGE('',*,*,#2122,.F.);
#2172 = ORIENTED_EDGE('',*,*,#1257,.T.);
#2173 = ADVANCED_FACE('',(#2174),#1404,.F.);
#2174 = FACE_BOUND('',#2175,.F.);
#2175 = EDGE_LOOP('',(#2176,#2177,#2178,#2179));
#2176 = ORIENTED_EDGE('',*,*,#1513,.F.);
#2177 = ORIENTED_EDGE('',*,*,#1539,.T.);
#2178 = ORIENTED_EDGE('',*,*,#1388,.T.);
#2179 = ORIENTED_EDGE('',*,*,#1441,.F.);
#2180 = ADVANCED_FACE('',(#2181),#1582,.F.);
#2181 = FACE_BOUND('',#2182,.F.);
#2182 = EDGE_LOOP('',(#2183,#2206,#2233,#2234));
#2183 = ORIENTED_EDGE('',*,*,#2184,.T.);
#2184 = EDGE_CURVE('',#1566,#2185,#2187,.T.);
#2185 = VERTEX_POINT('',#2186);
#2186 = CARTESIAN_POINT('',(310.325,-30.14833418955,5.));
#2187 = SEAM_CURVE('',#2188,(#2192,#2199),.PCURVE_S1.);
#2188 = LINE('',#2189,#2190);
#2189 = CARTESIAN_POINT('',(310.325,-30.14833418955,-1.E-02));
#2190 = VECTOR('',#2191,1.);
#2191 = DIRECTION('',(0.,0.,1.));
#2192 = PCURVE('',#1582,#2193);
#2193 = DEFINITIONAL_REPRESENTATION('',(#2194),#2198);
#2194 = LINE('',#2195,#2196);
#2195 = CARTESIAN_POINT('',(6.28318530718,-0.));
#2196 = VECTOR('',#2197,1.);
#2197 = DIRECTION('',(0.,1.));
#2198 = ( GEOMETRIC_REPRESENTATION_CONTEXT(2) 
PARAMETRIC_REPRESENTATION_CONTEXT() REPRESENTATION_CONTEXT('2D SPACE',''
  ) );
#2199 = PCURVE('',#1582,#2200);
#2200 = DEFINITIONAL_REPRESENTATION('',(#2201),#2205);
#2201 = LINE('',#2202,#2203);
#2202 = CARTESIAN_POINT('',(0.,-0.));
#2203 = VECTOR('',#2204,1.);
#2204 = DIRECTION('',(0.,1.));
#2205 = ( GEOMETRIC_REPRESENTATION_CONTEXT(2) 
PARAMETRIC_REPRESENTATION_CONTEXT() REPRESENTATION_CONTEXT('2D SPACE',''
  ) );
#2206 = ORIENTED_EDGE('',*,*,#2207,.F.);
#2207 = EDGE_CURVE('',#2185,#2185,#2208,.T.);
#2208 = SURFACE_CURVE('',#2209,(#2214,#2221),.PCURVE_S1.);
#2209 = CIRCLE('',#2210,1.325);
#2210 = AXIS2_PLACEMENT_3D('',#2211,#2212,#2213);
#2211 = CARTESIAN_POINT('',(309.,-30.14833418955,5.));
#2212 = DIRECTION('',(0.,0.,1.));
#2213 = DIRECTION('',(1.,0.,-0.));
#2214 = PCURVE('',#1582,#2215);
#2215 = DEFINITIONAL_REPRESENTATION('',(#2216),#2220);
#2216 = LINE('',#2217,#2218);
#2217 = CARTESIAN_POINT('',(0.,5.01));
#2218 = VECTOR('',#2219,1.);
#2219 = DIRECTION('',(1.,0.));
#2220 = ( GEOMETRIC_REPRESENTATION_CONTEXT(2) 
PARAMETRIC_REPRESENTATION_CONTEXT() REPRESENTATION_CONTEXT('2D SPACE',''
  ) );
#2221 = PCURVE('',#2222,#2227);
#2222 = PLANE('',#2223);
#2223 = AXIS2_PLACEMENT_3D('',#2224,#2225,#2226);
#2224 = CARTESIAN_POINT('',(309.,-30.14833418955,5.));
#2225 = DIRECTION('',(0.,0.,1.));
#2226 = DIRECTION('',(1.,0.,-0.));
#2227 = DEFINITIONAL_REPRESENTATION('',(#2228),#2232);
#2228 = CIRCLE('',#2229,1.325);
#2229 = AXIS2_PLACEMENT_2D('',#2230,#2231);
#2230 = CARTESIAN_POINT('',(0.,0.));
#2231 = DIRECTION('',(1.,0.));
#2232 = ( GEOMETRIC_REPRESENTATION_CONTEXT(2) 
PARAMETRIC_REPRESENTATION_CONTEXT() REPRESENTATION_CONTEXT('2D SPACE',''
  ) );
#2233 = ORIENTED_EDGE('',*,*,#2184,.F.);
#2234 = ORIENTED_EDGE('',*,*,#1565,.T.);
#2235 = ADVANCED_FACE('',(#2236),#1636,.F.);
#2236 = FACE_BOUND('',#2237,.F.);
#2237 = EDGE_LOOP('',(#2238,#2239,#2240,#2241));
#2238 = ORIENTED_EDGE('',*,*,#1776,.F.);
#2239 = ORIENTED_EDGE('',*,*,#1802,.T.);
#2240 = ORIENTED_EDGE('',*,*,#1620,.T.);
#2241 = ORIENTED_EDGE('',*,*,#1673,.F.);
#2242 = ADVANCED_FACE('',(#2243),#1738,.F.);
#2243 = FACE_BOUND('',#2244,.F.);
#2244 = EDGE_LOOP('',(#2245,#2246,#2269,#2296));
#2245 = ORIENTED_EDGE('',*,*,#1721,.F.);
#2246 = ORIENTED_EDGE('',*,*,#2247,.F.);
#2247 = EDGE_CURVE('',#2248,#1722,#2250,.T.);
#2248 = VERTEX_POINT('',#2249);
#2249 = CARTESIAN_POINT('',(310.325,-30.14833418955,96.5));
#2250 = SEAM_CURVE('',#2251,(#2255,#2262),.PCURVE_S1.);
#2251 = LINE('',#2252,#2253);
#2252 = CARTESIAN_POINT('',(310.325,-30.14833418955,96.5));
#2253 = VECTOR('',#2254,1.);
#2254 = DIRECTION('',(0.,0.,1.));
#2255 = PCURVE('',#1738,#2256);
#2256 = DEFINITIONAL_REPRESENTATION('',(#2257),#2261);
#2257 = LINE('',#2258,#2259);
#2258 = CARTESIAN_POINT('',(6.28318530718,-0.));
#2259 = VECTOR('',#2260,1.);
#2260 = DIRECTION('',(0.,1.));
#2261 = ( GEOMETRIC_REPRESENTATION_CONTEXT(2) 
PARAMETRIC_REPRESENTATION_CONTEXT() REPRESENTATION_CONTEXT('2D SPACE',''
  ) );
#2262 = PCURVE('',#1738,#2263);
#2263 = DEFINITIONAL_REPRESENTATION('',(#2264),#2268);
#2264 = LINE('',#2265,#2266);
#2265 = CARTESIAN_POINT('',(0.,-0.));
#2266 = VECTOR('',#2267,1.);
#2267 = DIRECTION('',(0.,1.));
#2268 = ( GEOMETRIC_REPRESENTATION_CONTEXT(2) 
PARAMETRIC_REPRESENTATION_CONTEXT() REPRESENTATION_CONTEXT('2D SPACE',''
  ) );
#2269 = ORIENTED_EDGE('',*,*,#2270,.T.);
#2270 = EDGE_CURVE('',#2248,#2248,#2271,.T.);
#2271 = SURFACE_CURVE('',#2272,(#2277,#2284),.PCURVE_S1.);
#2272 = CIRCLE('',#2273,1.325);
#2273 = AXIS2_PLACEMENT_3D('',#2274,#2275,#2276);
#2274 = CARTESIAN_POINT('',(309.,-30.14833418955,96.5));
#2275 = DIRECTION('',(0.,0.,1.));
#2276 = DIRECTION('',(1.,0.,-0.));
#2277 = PCURVE('',#1738,#2278);
#2278 = DEFINITIONAL_REPRESENTATION('',(#2279),#2283);
#2279 = LINE('',#2280,#2281);
#2280 = CARTESIAN_POINT('',(0.,0.));
#2281 = VECTOR('',#2282,1.);
#2282 = DIRECTION('',(1.,0.));
#2283 = ( GEOMETRIC_REPRESENTATION_CONTEXT(2) 
PARAMETRIC_REPRESENTATION_CONTEXT() REPRESENTATION_CONTEXT('2D SPACE',''
  ) );
#2284 = PCURVE('',#2285,#2290);
#2285 = PLANE('',#2286);
#2286 = AXIS2_PLACEMENT_3D('',#2287,#2288,#2289);
#2287 = CARTESIAN_POINT('',(309.,-30.14833418955,96.5));
#2288 = DIRECTION('',(0.,0.,1.));
#2289 = DIRECTION('',(1.,0.,-0.));
#2290 = DEFINITIONAL_REPRESENTATION('',(#2291),#2295);
#2291 = CIRCLE('',#2292,1.325);
#2292 = AXIS2_PLACEMENT_2D('',#2293,#2294);
#2293 = CARTESIAN_POINT('',(0.,0.));
#2294 = DIRECTION('',(1.,0.));
#2295 = ( GEOMETRIC_REPRESENTATION_CONTEXT(2) 
PARAMETRIC_REPRESENTATION_CONTEXT() REPRESENTATION_CONTEXT('2D SPACE',''
  ) );
#2296 = ORIENTED_EDGE('',*,*,#2247,.T.);
#2297 = ADVANCED_FACE('',(#2298),#1886,.T.);
#2298 = FACE_BOUND('',#2299,.F.);
#2299 = EDGE_LOOP('',(#2300));
#2300 = ORIENTED_EDGE('',*,*,#1871,.F.);
#2301 = ADVANCED_FACE('',(#2302),#1941,.T.);
#2302 = FACE_BOUND('',#2303,.F.);
#2303 = EDGE_LOOP('',(#2304));
#2304 = ORIENTED_EDGE('',*,*,#1926,.F.);
#2305 = ADVANCED_FACE('',(#2306),#1996,.T.);
#2306 = FACE_BOUND('',#2307,.F.);
#2307 = EDGE_LOOP('',(#2308));
#2308 = ORIENTED_EDGE('',*,*,#1981,.F.);
#2309 = ADVANCED_FACE('',(#2310),#2051,.T.);
#2310 = FACE_BOUND('',#2311,.F.);
#2311 = EDGE_LOOP('',(#2312));
#2312 = ORIENTED_EDGE('',*,*,#2036,.F.);
#2313 = ADVANCED_FACE('',(#2314),#2105,.F.);
#2314 = FACE_BOUND('',#2315,.F.);
#2315 = EDGE_LOOP('',(#2316));
#2316 = ORIENTED_EDGE('',*,*,#2090,.T.);
#2317 = ADVANCED_FACE('',(#2318),#2160,.F.);
#2318 = FACE_BOUND('',#2319,.F.);
#2319 = EDGE_LOOP('',(#2320));
#2320 = ORIENTED_EDGE('',*,*,#2145,.T.);
#2321 = ADVANCED_FACE('',(#2322),#2222,.F.);
#2322 = FACE_BOUND('',#2323,.F.);
#2323 = EDGE_LOOP('',(#2324));
#2324 = ORIENTED_EDGE('',*,*,#2207,.T.);
#2325 = ADVANCED_FACE('',(#2326),#2285,.T.);
#2326 = FACE_BOUND('',#2327,.F.);
#2327 = EDGE_LOOP('',(#2328));
#2328 = ORIENTED_EDGE('',*,*,#2270,.F.);
#2329 = ( GEOMETRIC_REPRESENTATION_CONTEXT(3) 
GLOBAL_UNCERTAINTY_ASSIGNED_CONTEXT((#2333)) 
GLOBAL_UNIT_ASSIGNED_CONTEXT((#2330,#2331,#2332)) REPRESENTATION_CONTEXT
('Context #1','3D Context with UNIT and UNCERTAINTY') );
#2330 = ( LENGTH_UNIT() NAMED_UNIT(*) SI_UNIT(.MILLI.,.METRE.) );
#2331 = ( NAMED_UNIT(*) PLANE_ANGLE_UNIT() SI_UNIT($,.RADIAN.) );
#2332 = ( NAMED_UNIT(*) SI_UNIT($,.STERADIAN.) SOLID_ANGLE_UNIT() );
#2333 = UNCERTAINTY_MEASURE_WITH_UNIT(LENGTH_MEASURE(1.E-07),#2330,
  'distance_accuracy_value','confusion accuracy');
#2334 = PRODUCT_RELATED_PRODUCT_CATEGORY('part',$,(#7));
ENDSEC;
END-ISO-10303-21;
